question_key	question
Sooth_QGen#000848875228	Will the Kalshi YES mid-market price for Cleveland (Cleveland vs Texas) land in the 20-30¢ bucket at game start (2026-06-06)?
Sooth_QGen#001f8abf191d	Will the Kalshi YES mid-market price for Atlanta (Atlanta vs Cincinnati) land in the 80-90¢ bucket at game start (2026-05-30)?
Sooth_QGen#001fe3763221	Will the Kalshi YES mid-market price for Toronto (Toronto vs Atlanta) land in the 70-80¢ bucket at game start (2026-06-02)?
Sooth_QGen#0020aeb6901f	Will the Kalshi YES mid-market price for Arizona (Arizona vs Cincinnati) land in the 60-70¢ bucket at game start (2026-06-12)?
Sooth_QGen#00269b685226	Will the Kalshi YES mid-market price for Colorado (San Francisco vs Colorado) land in the 40-50¢ bucket at game start (2026-05-31)?
Sooth_QGen#003292fd980d	Will the Kalshi YES mid-market price for Tampa Bay (Tampa Bay vs Baltimore) land in the 70-80¢ bucket at game start (2026-05-27)?
Sooth_QGen#0033177db351	Will the Kalshi YES mid-market price for Miami (Tampa Bay vs Miami) land in the 0-10¢ bucket at game start (2026-06-07)?
Sooth_QGen#0041ef7780de	Will the Kalshi YES mid-market price for Los Angeles A (Colorado vs Los Angeles A) land in the 10-20¢ bucket at game start (2026-06-04)?
Sooth_QGen#004481fec2dc	Will the Kalshi YES mid-market price for Cleveland (Cleveland vs New York Y) land in the 20-30¢ bucket at game start (2026-06-02)?
Sooth_QGen#005f2f5ea935	Will the Kalshi YES mid-market price for Los Angeles D (Los Angeles D vs Pittsburgh) land in the 20-30¢ bucket at game start (2026-06-11)?
Sooth_QGen#006243ca3363	Will the Kalshi YES mid-market price for Atlanta (Pittsburgh vs Atlanta) land in the 60-70¢ bucket at game start (2026-06-05)?
Sooth_QGen#00731a8c0fab	Will the Kalshi YES mid-market price for Kansas City (Kansas City vs Minnesota) land in the 60-70¢ bucket at game start (2026-06-04)?
Sooth_QGen#00821d13fc8a	Will the Kalshi YES mid-market price for Atlanta (Atlanta vs Cincinnati) land in the 20-30¢ bucket at game start (2026-05-31)?
Sooth_QGen#00864ff82bd9	Will the Kalshi YES mid-market price for Baltimore (Baltimore vs Toronto) land in the 50-60¢ bucket at game start (2026-06-05)?
Sooth_QGen#00925c04a54d	Will the Kalshi YES mid-market price for Los Angeles A (Los Angeles A vs Tampa Bay) land in the 20-30¢ bucket at game start (2026-05-29)?
Sooth_QGen#009640588e9a	Will the Kalshi YES mid-market price for Atlanta (Toronto vs Atlanta) land in the 70-80¢ bucket at game start (2026-06-03)?
Sooth_QGen#009d266b272e	Will the Kalshi YES mid-market price for Detroit (Minnesota vs Detroit) land in the 50-60¢ bucket at game start (2026-06-11)?
Sooth_QGen#00a0bee24f68	Will the Kalshi YES mid-market price for Philadelphia (Philadelphia vs Milwaukee) land in the 80-90¢ bucket at game start (2026-06-14)?
Sooth_QGen#00b37ec9829f	Will the Kalshi YES mid-market price for Cleveland (Detroit vs Cleveland) land in the 70-80¢ bucket at game start (2026-06-13)?
Sooth_QGen#00b4d5265662	Will the Kalshi YES mid-market price for Tampa Bay (Tampa Bay vs Los Angeles A) land in the 70-80¢ bucket at game start (2026-06-14)?
Sooth_QGen#00b580e07811	Will the Kalshi YES mid-market price for Milwaukee (Milwaukee vs A's) land in the 10-20¢ bucket at game start (2026-06-11)?
Sooth_QGen#00c90df0a348	Will the Kalshi YES mid-market price for Minnesota (Kansas City vs Minnesota) land in the 30-40¢ bucket at game start (2026-06-06)?
Sooth_QGen#00cb45293575	Will the Kalshi YES mid-market price for Cleveland (Cleveland vs Texas) land in the 40-50¢ bucket at game start (2026-06-06)?
Sooth_QGen#00d1c767fb8a	Will the Kalshi YES mid-market price for Philadelphia (Chicago WS vs Philadelphia) land in the 40-50¢ bucket at game start (2026-06-07)?
Sooth_QGen#00d3d49b7ed1	Will the Kalshi YES mid-market price for Atlanta (Atlanta vs Cincinnati) land in the 30-40¢ bucket at game start (2026-05-31)?
Sooth_QGen#0118db9b22ce	Will the Kalshi YES mid-market price for New York (Game 4: San Antonio at New York) land in the 70-80¢ bucket at game start (2026-06-11)?
Sooth_QGen#0125897f4b8c	Will the Kalshi YES mid-market price for Tampa Bay (Detroit vs Tampa Bay) land in the 50-60¢ bucket at game start (2026-06-01)?
Sooth_QGen#0128f56a966c	Will the Kalshi YES mid-market price for Texas (Texas vs Boston) land in the 90-100¢ bucket at game start (2026-06-12)?
Sooth_QGen#0131f9705db3	Will the Kalshi YES mid-market price for Houston (Houston vs Texas) land in the 0-10¢ bucket at game start (2026-05-28)?
Sooth_QGen#01546a79b08d	Will the Kalshi YES mid-market price for Texas (Cleveland vs Texas) land in the 80-90¢ bucket at game start (2026-06-06)?
Sooth_QGen#015c3ae00658	Will the Kalshi YES mid-market price for Cleveland (Boston vs Cleveland) land in the 60-70¢ bucket at game start (2026-05-29)?
Sooth_QGen#0168313d994d	Will the Kalshi YES mid-market price for Detroit (Detroit vs Cleveland) land in the 70-80¢ bucket at game start (2026-06-14)?
Sooth_QGen#0176a45d99fe	Will the Kalshi YES mid-market price for Detroit (Seattle vs Detroit) land in the 20-30¢ bucket at game start (2026-06-06)?
Sooth_QGen#0179367ac14d	Will the Kalshi YES mid-market price for Los Angeles A (Tampa Bay vs Los Angeles A) land in the 60-70¢ bucket at game start (2026-06-13)?
Sooth_QGen#017ed1ca5ea5	Will the Kalshi YES mid-market price for Detroit (Detroit vs Chicago WS) land in the 10-20¢ bucket at game start (2026-05-31)?
Sooth_QGen#01808b9c95fb	Will the Kalshi YES mid-market price for Arizona (Los Angeles A vs Arizona) land in the 30-40¢ bucket at game start (2026-06-16)?
Sooth_QGen#018384231ed4	Will the Kalshi YES mid-market price for Miami (Miami vs Washington) land in the 60-70¢ bucket at game start (2026-06-02)?
Sooth_QGen#01849bf20298	Will the Kalshi YES mid-market price for Milwaukee (St. Louis vs Milwaukee) land in the 10-20¢ bucket at game start (2026-05-27)?
Sooth_QGen#018e3eb5ae06	Will the Kalshi YES mid-market price for Kansas City (Houston vs Kansas City) land in the 40-50¢ bucket at game start (2026-06-14)?
Sooth_QGen#0194ad7acc88	Will the Kalshi YES mid-market price for Chicago C (Chicago C vs Pittsburgh) land in the 80-90¢ bucket at game start (2026-05-27)?
Sooth_QGen#019aaf07a634	Will the Kalshi YES mid-market price for Los Angeles A (Los Angeles A vs Los Angeles D) land in the 80-90¢ bucket at game start (2026-06-07)?
Sooth_QGen#019c95572fb3	Will the Kalshi YES mid-market price for Houston (Milwaukee vs Houston) land in the 60-70¢ bucket at game start (2026-05-31)?
Sooth_QGen#01a1fe5b2c93	Will the Kalshi YES mid-market price for Minnesota (Kansas City vs Minnesota) land in the 80-90¢ bucket at game start (2026-06-04)?
Sooth_QGen#01b130e250a2	Will the Kalshi YES mid-market price for Jakub Mensik (Will Jakub Mensik win the Mensik vs Zverev: Semifinal match) land in the 40-50¢ bucket at game start (2026-06-05)?
Sooth_QGen#01b31cba2a03	Will the Kalshi YES mid-market price for Milwaukee (Milwaukee vs Houston) land in the 40-50¢ bucket at game start (2026-05-30)?
Sooth_QGen#01c62af936b3	Will the Kalshi YES mid-market price for Milwaukee (Milwaukee vs Colorado) land in the 70-80¢ bucket at game start (2026-06-07)?
Sooth_QGen#01d4bf01cb92	Will the Kalshi YES mid-market price for Miami (Miami vs Washington) land in the 0-10¢ bucket at game start (2026-06-03)?
Sooth_QGen#01f2c6f1a724	Will the Kalshi YES mid-market price for Tampa Bay (Boston vs Tampa Bay) land in the 20-30¢ bucket at game start (2026-06-09)?
Sooth_QGen#01f4b606462f	Will the Kalshi YES mid-market price for A's (Colorado vs A's) land in the 30-40¢ bucket at game start (2026-06-14)?
Sooth_QGen#01fa7e326279	Will the Kalshi YES mid-market price for Pittsburgh (Pittsburgh vs Houston) land in the 20-30¢ bucket at game start (2026-06-03)?
Sooth_QGen#0224610db8bc	Will the Kalshi YES mid-market price for Toronto (Baltimore vs Toronto) land in the 50-60¢ bucket at game start (2026-06-07)?
Sooth_QGen#022755a1e079	Will the Kalshi YES mid-market price for Philadelphia (Philadelphia vs Los Angeles D) land in the 70-80¢ bucket at game start (2026-05-31)?
Sooth_QGen#022b7865f75c	Will the Kalshi YES mid-market price for Toronto (New York Y vs Toronto) land in the 50-60¢ bucket at game start (2026-06-14)?
Sooth_QGen#024b3c53ee9e	Will the Kalshi YES mid-market price for Texas (Texas vs St. Louis) land in the 0-10¢ bucket at game start (2026-06-02)?
Sooth_QGen#024b661ef324	Will the Kalshi YES mid-market price for Los Angeles D (Philadelphia vs Los Angeles D) land in the 20-30¢ bucket at game start (2026-05-31)?
Sooth_QGen#026e084bed3e	Will the Kalshi YES mid-market price for Tampa Bay (Detroit vs Tampa Bay) land in the 10-20¢ bucket at game start (2026-06-01)?
Sooth_QGen#02745954d34c	Will the Kalshi YES mid-market price for Boston (Texas vs Boston) land in the 50-60¢ bucket at game start (2026-06-12)?
Sooth_QGen#027b872c2bb5	Will the Kalshi YES mid-market price for Los Angeles A (Tampa Bay vs Los Angeles A) land in the 50-60¢ bucket at game start (2026-06-13)?
Sooth_QGen#027f013db479	Will the Kalshi YES mid-market price for Seattle (Arizona vs Seattle) land in the 40-50¢ bucket at game start (2026-05-31)?
Sooth_QGen#02907dc198e8	Will the Kalshi YES mid-market price for Seattle (New York M vs Seattle) land in the 20-30¢ bucket at game start (2026-06-03)?
Sooth_QGen#0299e8ca58b5	Will the Kalshi YES mid-market price for Boston (Boston vs New York Y) land in the 10-20¢ bucket at game start (2026-06-07)?
Sooth_QGen#02a6f96fc410	Will the Kalshi YES mid-market price for Tampa Bay (Tampa Bay vs Miami) land in the 20-30¢ bucket at game start (2026-06-07)?
Sooth_QGen#02a91d39efc9	Will the Kalshi YES mid-market price for Arizona (Arizona vs Miami) land in the 80-90¢ bucket at game start (2026-06-10)?
Sooth_QGen#02abca9a8f67	Will the Kalshi YES mid-market price for New York M (New York M vs Seattle) land in the 90-100¢ bucket at game start (2026-06-03)?
Sooth_QGen#02b283e149c2	Will the Kalshi YES mid-market price for New York Y (New York Y vs Toronto) land in the 90-100¢ bucket at game start (2026-06-12)?
Sooth_QGen#02b8fa9be2e9	Will the Kalshi YES mid-market price for Cincinnati (New York M vs Cincinnati) land in the 10-20¢ bucket at game start (2026-06-15)?
Sooth_QGen#02b932d71991	Will the Kalshi YES mid-market price for Philadelphia (San Diego vs Philadelphia) land in the 10-20¢ bucket at game start (2026-06-04)?
Sooth_QGen#02baf2891a6f	Will the Kalshi YES mid-market price for Arizona (Arizona vs Miami) land in the 60-70¢ bucket at game start (2026-06-10)?
Sooth_QGen#02c26334fac4	Will the Kalshi YES mid-market price for Tampa Bay (Tampa Bay vs Los Angeles A) land in the 50-60¢ bucket at game start (2026-06-13)?
Sooth_QGen#02c36357ace7	Will the Kalshi YES mid-market price for Los Angeles D (Los Angeles D vs Pittsburgh) land in the 80-90¢ bucket at game start (2026-06-09)?
Sooth_QGen#02c57d429f35	Will the Kalshi YES mid-market price for Chicago C (A's vs Chicago C) land in the 80-90¢ bucket at game start (2026-06-04)?
Sooth_QGen#02e5dd081414	Will the Kalshi YES mid-market price for CAR Hurricanes (Game 4: Carolina at Vegas) land in the 40-50¢ bucket at game start (2026-06-10)?
Sooth_QGen#02e916cbc8e0	Will the Kalshi YES mid-market price for Philadelphia (Philadelphia vs Toronto) land in the 40-50¢ bucket at game start (2026-06-10)?
Sooth_QGen#02f088d883c9	Will the Kalshi YES mid-market price for Seattle (Will Seattle win the New England vs Seattle Pro Football game) land in the 30-40¢ bucket at game start (2026-09-09)?
Sooth_QGen#02fa8d699766	Will the Kalshi YES mid-market price for Milwaukee (Philadelphia vs Milwaukee) land in the 80-90¢ bucket at game start (2026-06-13)?
Sooth_QGen#02fc7bea0370	Will the Kalshi YES mid-market price for Baltimore (Baltimore vs Toronto) land in the 80-90¢ bucket at game start (2026-06-06)?
Sooth_QGen#030097a6c4c4	Will the Kalshi YES mid-market price for Milwaukee (San Francisco vs Milwaukee) land in the 20-30¢ bucket at game start (2026-06-03)?
Sooth_QGen#030cb32d4ad6	Will the Kalshi YES mid-market price for Texas (Cleveland vs Texas) land in the 30-40¢ bucket at game start (2026-06-06)?
Sooth_QGen#030d5ca0f0e7	Will the Kalshi YES mid-market price for Chicago C (A's vs Chicago C) land in the 10-20¢ bucket at game start (2026-06-03)?
Sooth_QGen#032d13105dc3	Will the Kalshi YES mid-market price for Pittsburgh (Los Angeles D vs Pittsburgh) land in the 60-70¢ bucket at game start (2026-06-11)?
Sooth_QGen#032d45afe94f	Will the Kalshi YES mid-market price for Baltimore (Baltimore vs Toronto) land in the 90-100¢ bucket at game start (2026-06-06)?
Sooth_QGen#03343c0135b2	Will the Kalshi YES mid-market price for Chicago WS (Atlanta vs Chicago WS) land in the 60-70¢ bucket at game start (2026-06-10)?
Sooth_QGen#03464c245ed6	Will the Kalshi YES mid-market price for Chicago C (Chicago C vs San Francisco) land in the 70-80¢ bucket at game start (2026-06-14)?
Sooth_QGen#034e8a91b526	Will the Kalshi YES mid-market price for Toronto (Toronto vs Baltimore) land in the 90-100¢ bucket at game start (2026-05-28)?
Sooth_QGen#03517247b16a	Will the Kalshi YES mid-market price for Texas (Cleveland vs Texas) land in the 70-80¢ bucket at game start (2026-06-07)?
Sooth_QGen#0351a1456f03	Will the Kalshi YES mid-market price for Seattle (New York M vs Seattle) land in the 40-50¢ bucket at game start (2026-06-03)?
Sooth_QGen#0354bf7ab571	Will the Kalshi YES mid-market price for Boston (Boston vs Tampa Bay) land in the 50-60¢ bucket at game start (2026-06-10)?
Sooth_QGen#0358d1aa1054	Will the Kalshi YES mid-market price for New York Y (New York Y vs A's) land in the 30-40¢ bucket at game start (2026-05-31)?
Sooth_QGen#036571f3e0ea	Will the Kalshi YES mid-market price for Los Angeles D (Los Angeles D vs Chicago WS) land in the 50-60¢ bucket at game start (2026-06-12)?
Sooth_QGen#037026ad08ff	Will the Kalshi YES mid-market price for Cincinnati (Cincinnati vs San Diego) land in the 0-10¢ bucket at game start (2026-06-10)?
Sooth_QGen#037480a4fa76	Will the Kalshi YES mid-market price for Colorado (Colorado vs Los Angeles A) land in the 10-20¢ bucket at game start (2026-06-03)?
Sooth_QGen#03805208f9b4	Will the Kalshi YES mid-market price for Seattle (Seattle vs Detroit) land in the 60-70¢ bucket at game start (2026-06-05)?
Sooth_QGen#038320cd97f8	Will the Kalshi YES mid-market price for Detroit (Will Detroit win the New Orleans vs Detroit Pro Football game) land in the 70-80¢ bucket at game start (2026-09-13)?
Sooth_QGen#0387666537e8	Will the Kalshi YES mid-market price for Los Angeles D (Philadelphia vs Los Angeles D) land in the 0-10¢ bucket at game start (2026-05-30)?
Sooth_QGen#038b9b37126b	Will the Kalshi YES mid-market price for Minnesota (Will Minnesota win the Green Bay vs Minnesota Pro Football game) land in the 60-70¢ bucket at game start (2026-09-13)?
Sooth_QGen#038bbff48ae2	Will the Kalshi YES mid-market price for Miami (Miami vs Toronto) land in the 80-90¢ bucket at game start (2026-05-27)?
Sooth_QGen#038e27dbc272	Will the Kalshi YES mid-market price for Boston (Texas vs Boston) land in the 50-60¢ bucket at game start (2026-06-14)?
Sooth_QGen#039676c132c8	Will the Kalshi YES mid-market price for Seattle (Arizona vs Seattle) land in the 50-60¢ bucket at game start (2026-05-31)?
Sooth_QGen#03a29c752bb3	Will the Kalshi YES mid-market price for New York M (Atlanta vs New York M) land in the 50-60¢ bucket at game start (2026-06-13)?
Sooth_QGen#03a9f2b76cf0	Will the Kalshi YES mid-market price for Atlanta (Atlanta vs New York M) land in the 30-40¢ bucket at game start (2026-06-12)?
Sooth_QGen#03bac789a217	Will the Kalshi YES mid-market price for St. Louis (Cincinnati vs St. Louis) land in the 80-90¢ bucket at game start (2026-06-06)?
Sooth_QGen#03bd2978d556	Will the Kalshi YES mid-market price for Cincinnati (Cincinnati vs New York M) land in the 0-10¢ bucket at game start (2026-05-27)?
Sooth_QGen#03ebe0943d27	Will the Kalshi YES mid-market price for Washington (San Diego vs Washington) land in the 20-30¢ bucket at game start (2026-05-30)?
Sooth_QGen#03f43c6555e7	Will the Kalshi YES mid-market price for Tampa Bay (Tampa Bay vs Miami) land in the 60-70¢ bucket at game start (2026-06-06)?
Sooth_QGen#04108256af0a	Will the Kalshi YES mid-market price for CAR Hurricanes (Game 5: Montreal at Carolina) land in the 80-90¢ bucket at game start (2026-05-30)?
Sooth_QGen#0439cdd17ea2	Will the Kalshi YES mid-market price for Las Vegas (Will Las Vegas win the Miami vs Las Vegas Pro Football game) land in the 10-20¢ bucket at game start (2026-09-13)?
Sooth_QGen#043d623fd549	Will the Kalshi YES mid-market price for Francisco Comesana (Will Francisco Comesana win the Comesana vs Darderi: Round Of 64 match) land in the 20-30¢ bucket at game start (2026-05-28)?
Sooth_QGen#04488334354e	Will the Kalshi YES mid-market price for Detroit (Minnesota vs Detroit) land in the 70-80¢ bucket at game start (2026-06-09)?
Sooth_QGen#04491b320b20	Will the Kalshi YES mid-market price for Arizona (Los Angeles A vs Arizona) land in the 60-70¢ bucket at game start (2026-06-16)?
Sooth_QGen#044a2e8262fd	Will the Kalshi YES mid-market price for Jan-Lennard Struff (Will Jan-Lennard Struff win the Struff vs Faria: Round Of 64 match) land in the 60-70¢ bucket at game start (2026-05-28)?
Sooth_QGen#044b92e380ec	Will the Kalshi YES mid-market price for A's (A's vs Chicago C) land in the 20-30¢ bucket at game start (2026-06-05)?
Sooth_QGen#044cd1fe8af5	Will the Kalshi YES mid-market price for San Diego (San Diego vs Washington) land in the 40-50¢ bucket at game start (2026-05-31)?
Sooth_QGen#0462d50abee9	Will the Kalshi YES mid-market price for Los Angeles A (Los Angeles A vs Detroit) land in the 40-50¢ bucket at game start (2026-05-28)?
Sooth_QGen#048240b5e36c	Will the Kalshi YES mid-market price for Texas (Minnesota vs Texas) land in the 50-60¢ bucket at game start (2026-06-16)?
Sooth_QGen#048db47d20a7	Will the Kalshi YES mid-market price for San Francisco (Washington vs San Francisco) land in the 60-70¢ bucket at game start (2026-06-10)?
Sooth_QGen#049d5823ae02	Will the Kalshi YES mid-market price for Los Angeles R (Will Los Angeles R win the San Francisco vs Los Angeles R Pro Football game) land in the 10-20¢ bucket at game start (2026-09-11)?
Sooth_QGen#04a69047705f	Will the Kalshi YES mid-market price for Arizona (Los Angeles D vs Arizona) land in the 50-60¢ bucket at game start (2026-06-04)?
Sooth_QGen#04a82d16f006	Will the Kalshi YES mid-market price for Tampa Bay (Tampa Bay vs Los Angeles A) land in the 70-80¢ bucket at game start (2026-06-14)?
Sooth_QGen#04a8c90a48dd	Will the Kalshi YES mid-market price for Baltimore (Baltimore vs Toronto) land in the 60-70¢ bucket at game start (2026-06-06)?
Sooth_QGen#04ac11298897	Will the Kalshi YES mid-market price for Tampa Bay (Will Tampa Bay win the Tampa Bay vs Cincinnati Pro Football game) land in the 90-100¢ bucket at game start (2026-09-13)?
Sooth_QGen#04b0b53ceb53	Will the Kalshi YES mid-market price for Tampa Bay (Detroit vs Tampa Bay) land in the 30-40¢ bucket at game start (2026-06-03)?
Sooth_QGen#04b4dbb14ed4	Will the Kalshi YES mid-market price for Toronto (Toronto vs Baltimore) land in the 0-10¢ bucket at game start (2026-05-30)?
Sooth_QGen#04beda3acff1	Will the Kalshi YES mid-market price for Kansas City (Kansas City vs Texas) land in the 50-60¢ bucket at game start (2026-05-30)?
Sooth_QGen#04bf2293d8d5	Will the Kalshi YES mid-market price for Milwaukee (St. Louis vs Milwaukee) land in the 60-70¢ bucket at game start (2026-05-27)?
Sooth_QGen#04c201f30c8c	Will the Kalshi YES mid-market price for San Diego (San Diego vs Philadelphia) land in the 40-50¢ bucket at game start (2026-06-03)?
Sooth_QGen#04da44ea42ba	Will the Kalshi YES mid-market price for Philadelphia (Will Philadelphia win the Washington vs Philadelphia Pro Football game) land in the 70-80¢ bucket at game start (2026-09-13)?
Sooth_QGen#04e0d01a0579	Will the Kalshi YES mid-market price for Chicago WS (Detroit vs Chicago WS) land in the 50-60¢ bucket at game start (2026-05-30)?
Sooth_QGen#04e1220188b8	Will the Kalshi YES mid-market price for Pittsburgh (Pittsburgh vs Houston) land in the 60-70¢ bucket at game start (2026-06-05)?
Sooth_QGen#04e5d404fff0	Will the Kalshi YES mid-market price for Philadelphia (Philadelphia vs San Diego) land in the 50-60¢ bucket at game start (2026-05-27)?
Sooth_QGen#05077d7c2c01	Will the Kalshi YES mid-market price for Minnesota (Will Minnesota win the Green Bay vs Minnesota Pro Football game) land in the 0-10¢ bucket at game start (2026-09-13)?
Sooth_QGen#050dc3ccac2f	Will the Kalshi YES mid-market price for Atlanta (Atlanta vs Chicago WS) land in the 50-60¢ bucket at game start (2026-06-10)?
Sooth_QGen#0519cda89762	Will the Kalshi YES mid-market price for MTL Canadiens (Game 5: Montreal at Carolina) land in the 90-100¢ bucket at game start (2026-05-30)?
Sooth_QGen#052652a1dc01	Will the Kalshi YES mid-market price for Pittsburgh (Los Angeles D vs Pittsburgh) land in the 90-100¢ bucket at game start (2026-06-11)?
Sooth_QGen#05277a62ae25	Will the Kalshi YES mid-market price for CAR Hurricanes (Game 5: Vegas at Carolina) land in the 90-100¢ bucket at game start (2026-06-12)?
Sooth_QGen#052d7d5367a1	Will the Kalshi YES mid-market price for Miami (Miami vs Washington) land in the 40-50¢ bucket at game start (2026-06-01)?
Sooth_QGen#052f55ccb622	Will the Kalshi YES mid-market price for St. Louis (Texas vs St. Louis) land in the 50-60¢ bucket at game start (2026-06-02)?
Sooth_QGen#05384ac12c4c	Will the Kalshi YES mid-market price for Seattle (Arizona vs Seattle) land in the 40-50¢ bucket at game start (2026-05-30)?
Sooth_QGen#053cf537e53f	Will the Kalshi YES mid-market price for Los Angeles D (Los Angeles A vs Los Angeles D) land in the 50-60¢ bucket at game start (2026-06-06)?
Sooth_QGen#0545aa933fe0	Will the Kalshi YES mid-market price for A's (A's vs Houston) land in the 90-100¢ bucket at game start (2026-06-06)?
Sooth_QGen#054f6aee9427	Will the Kalshi YES mid-market price for Los Angeles D (Los Angeles D vs Pittsburgh) land in the 30-40¢ bucket at game start (2026-06-09)?
Sooth_QGen#05545c92d814	Will the Kalshi YES mid-market price for Atlanta (Atlanta vs New York M) land in the 10-20¢ bucket at game start (2026-06-12)?
Sooth_QGen#0560c159473e	Will the Kalshi YES mid-market price for Texas (Minnesota vs Texas) land in the 80-90¢ bucket at game start (2026-06-16)?
Sooth_QGen#058ef0e7e411	Will the Kalshi YES mid-market price for Houston (Houston vs Los Angeles A) land in the 0-10¢ bucket at game start (2026-06-09)?
Sooth_QGen#059c37be0ac6	Will the Kalshi YES mid-market price for San Francisco (San Francisco vs Colorado) land in the 40-50¢ bucket at game start (2026-05-30)?
Sooth_QGen#05aecfe6e4e7	Will the Kalshi YES mid-market price for Chicago WS (Atlanta vs Chicago WS) land in the 90-100¢ bucket at game start (2026-06-11)?
Sooth_QGen#05b1286df5db	Will the Kalshi YES mid-market price for Baltimore (San Diego vs Baltimore) land in the 40-50¢ bucket at game start (2026-06-14)?
Sooth_QGen#05ba1bd20827	Will the Kalshi YES mid-market price for Minnesota (St. Louis vs Minnesota) land in the 70-80¢ bucket at game start (2026-06-14)?
Sooth_QGen#05c36a412142	Will the Kalshi YES mid-market price for Washington (Miami vs Washington) land in the 20-30¢ bucket at game start (2026-06-02)?
Sooth_QGen#05cd21da8468	Will the Kalshi YES mid-market price for San Diego (Cincinnati vs San Diego) land in the 0-10¢ bucket at game start (2026-06-10)?
Sooth_QGen#05ce8a086356	Will the Kalshi YES mid-market price for Miami (Tampa Bay vs Miami) land in the 80-90¢ bucket at game start (2026-06-07)?
Sooth_QGen#05f054150b19	Will the Kalshi YES mid-market price for Texas (Texas vs St. Louis) land in the 60-70¢ bucket at game start (2026-06-01)?
Sooth_QGen#05faba6fb871	Will the Kalshi YES mid-market price for St. Louis (Chicago C vs St. Louis) land in the 30-40¢ bucket at game start (2026-05-29)?
Sooth_QGen#060904192251	Will the Kalshi YES mid-market price for San Francisco (San Francisco vs Colorado) land in the 90-100¢ bucket at game start (2026-05-31)?
Sooth_QGen#060cf8f97a46	Will the Kalshi YES mid-market price for Minnesota (Minnesota vs Chicago WS) land in the 0-10¢ bucket at game start (2026-05-28)?
Sooth_QGen#0612f2732d2d	Will the Kalshi YES mid-market price for Chicago C (Chicago C vs Colorado) land in the 90-100¢ bucket at game start (2026-06-11)?
Sooth_QGen#06321360f710	Will the Kalshi YES mid-market price for Atlanta (Will Atlanta win the Atlanta vs Pittsburgh Pro Football game) land in the 10-20¢ bucket at game start (2026-09-13)?
Sooth_QGen#0640ebda1df3	Will the Kalshi YES mid-market price for CAR Hurricanes (Game 1: Vegas at Carolina) land in the 20-30¢ bucket at game start (2026-06-03)?
Sooth_QGen#06428dca5be4	Will the Kalshi YES mid-market price for New York Y (Boston vs New York Y) land in the 50-60¢ bucket at game start (2026-06-07)?
Sooth_QGen#0651b246e94e	Will the Kalshi YES mid-market price for San Francisco (Washington vs San Francisco) land in the 60-70¢ bucket at game start (2026-06-09)?
Sooth_QGen#0661506a456f	Will the Kalshi YES mid-market price for Atlanta (Will Atlanta win the Atlanta vs Pittsburgh Pro Football game) land in the 20-30¢ bucket at game start (2026-09-13)?
Sooth_QGen#0661f59dacef	Will the Kalshi YES mid-market price for Boston (Boston vs New York Y) land in the 30-40¢ bucket at game start (2026-06-06)?
Sooth_QGen#06657995cd10	Will the Kalshi YES mid-market price for Learner Tien (Will Learner Tien win the Diaz Acosta vs Tien: Round Of 64 match) land in the 30-40¢ bucket at game start (2026-05-28)?
Sooth_QGen#06743c9b8fbc	Will the Kalshi YES mid-market price for Washington (Miami vs Washington) land in the 20-30¢ bucket at game start (2026-06-01)?
Sooth_QGen#0675eab8c3bd	Will the Kalshi YES mid-market price for Los Angeles A (Los Angeles A vs Arizona) land in the 50-60¢ bucket at game start (2026-06-16)?
Sooth_QGen#0685519e00bd	Will the Kalshi YES mid-market price for San Francisco (Washington vs San Francisco) land in the 50-60¢ bucket at game start (2026-06-10)?
Sooth_QGen#0688eda2963a	Will the Kalshi YES mid-market price for Philadelphia (Will Philadelphia win the Washington vs Philadelphia Pro Football game) land in the 20-30¢ bucket at game start (2026-09-13)?
Sooth_QGen#069ba162a44e	Will the Kalshi YES mid-market price for San Diego (San Diego vs Washington) land in the 20-30¢ bucket at game start (2026-05-30)?
Sooth_QGen#06a657cbc7d1	Will the Kalshi YES mid-market price for Los Angeles D (Los Angeles D vs Pittsburgh) land in the 20-30¢ bucket at game start (2026-06-10)?
Sooth_QGen#06aa96c24a48	Will the Kalshi YES mid-market price for Los Angeles C (Will Los Angeles C win the Arizona vs Los Angeles C Pro Football game) land in the 80-90¢ bucket at game start (2026-09-13)?
Sooth_QGen#06b5ad15c46c	Will the Kalshi YES mid-market price for St. Louis (Texas vs St. Louis) land in the 70-80¢ bucket at game start (2026-06-03)?
Sooth_QGen#06ce88783501	Will the Kalshi YES mid-market price for New York Y (Boston vs New York Y) land in the 60-70¢ bucket at game start (2026-06-06)?
Sooth_QGen#06e1ba1c600c	Will the Kalshi YES mid-market price for Chicago WS (Chicago WS vs Minnesota) land in the 40-50¢ bucket at game start (2026-06-03)?
Sooth_QGen#06e1cd39e121	Will the Kalshi YES mid-market price for Kansas City (Kansas City vs Minnesota) land in the 0-10¢ bucket at game start (2026-06-07)?
Sooth_QGen#06f13cb895df	Will the Kalshi YES mid-market price for Boston (Atlanta vs Boston) land in the 40-50¢ bucket at game start (2026-05-28)?
Sooth_QGen#06f86df0fe10	Will the Kalshi YES mid-market price for Arizona (Los Angeles D vs Arizona) land in the 70-80¢ bucket at game start (2026-06-03)?
Sooth_QGen#070a2a7f7bdd	Will the Kalshi YES mid-market price for Boston (Boston vs New York Y) land in the 0-10¢ bucket at game start (2026-06-07)?
Sooth_QGen#070ab3c64f3e	Will the Kalshi YES mid-market price for Zachary Svajda (Will Zachary Svajda win the Svajda vs Walton: Round Of 64 match) land in the 70-80¢ bucket at game start (2026-05-28)?
Sooth_QGen#070f1de16dcd	Will the Kalshi YES mid-market price for San Diego (San Diego vs Philadelphia) land in the 80-90¢ bucket at game start (2026-06-02)?
Sooth_QGen#071f16bf0d6b	Will the Kalshi YES mid-market price for Jannik Sinner (Will Jannik Sinner win the Sinner vs Cerundolo: Round Of 64 match) land in the 80-90¢ bucket at game start (2026-05-28)?
Sooth_QGen#07231a172118	Will the Kalshi YES mid-market price for Toronto (New York Y vs Toronto) land in the 10-20¢ bucket at game start (2026-06-13)?
Sooth_QGen#0727afa09691	Will the Kalshi YES mid-market price for St. Louis (San Diego vs St. Louis) land in the 90-100¢ bucket at game start (2026-06-15)?
Sooth_QGen#07308056b6f6	Will the Kalshi YES mid-market price for New York M (New York M vs Seattle) land in the 10-20¢ bucket at game start (2026-06-02)?
Sooth_QGen#073b25fb913c	Will the Kalshi YES mid-market price for Seattle (Arizona vs Seattle) land in the 60-70¢ bucket at game start (2026-05-31)?
Sooth_QGen#073d7bc06fab	Will the Kalshi YES mid-market price for Kansas City (Kansas City vs Texas) land in the 90-100¢ bucket at game start (2026-05-30)?
Sooth_QGen#073f49bbd082	Will the Kalshi YES mid-market price for Toronto (Miami vs Toronto) land in the 70-80¢ bucket at game start (2026-05-27)?
Sooth_QGen#075253b266a7	Will the Kalshi YES mid-market price for Tampa Bay (Tampa Bay vs Los Angeles A) land in the 70-80¢ bucket at game start (2026-06-13)?
Sooth_QGen#0754f94e497e	Will the Kalshi YES mid-market price for Detroit (Detroit vs Chicago WS) land in the 30-40¢ bucket at game start (2026-05-29)?
Sooth_QGen#07576eba9a30	Will the Kalshi YES mid-market price for Colorado (Colorado vs Los Angeles A) land in the 80-90¢ bucket at game start (2026-06-04)?
Sooth_QGen#07657fd86e0c	Will the Kalshi YES mid-market price for Los Angeles A (Houston vs Los Angeles A) land in the 50-60¢ bucket at game start (2026-06-11)?
Sooth_QGen#077060a21ef2	Will the Kalshi YES mid-market price for New York Y (New York Y vs A's) land in the 70-80¢ bucket at game start (2026-05-31)?
Sooth_QGen#077294b18bef	Will the Kalshi YES mid-market price for Boston (Texas vs Boston) land in the 20-30¢ bucket at game start (2026-06-12)?
Sooth_QGen#07747c68aba3	Will the Kalshi YES mid-market price for Los Angeles D (Los Angeles D vs Arizona) land in the 30-40¢ bucket at game start (2026-06-03)?
Sooth_QGen#07824f07626a	Will the Kalshi YES mid-market price for A's (New York Y vs A's) land in the 30-40¢ bucket at game start (2026-05-31)?
Sooth_QGen#0792266df414	Will the Kalshi YES mid-market price for Minnesota (Kansas City vs Minnesota) land in the 30-40¢ bucket at game start (2026-06-07)?
Sooth_QGen#0798b8efd6bf	Will the Kalshi YES mid-market price for Chicago (Will Chicago win the Chicago vs Carolina Pro Football game) land in the 80-90¢ bucket at game start (2026-09-13)?
Sooth_QGen#079cfef6f0d8	Will the Kalshi YES mid-market price for Minnesota (Chicago WS vs Minnesota) land in the 20-30¢ bucket at game start (2026-06-02)?
Sooth_QGen#07a79d7cd1b6	Will the Kalshi YES mid-market price for Cincinnati (Cincinnati vs St. Louis) land in the 80-90¢ bucket at game start (2026-06-06)?
Sooth_QGen#07ac63b22c1e	Will the Kalshi YES mid-market for Carolina Hurricanes ML be ≥ 55¢ at puck drop of ECF Game 3 on May 25?
Sooth_QGen#07b1f3498106	Will the Kalshi YES mid-market price for Texas (Cleveland vs Texas) land in the 90-100¢ bucket at game start (2026-06-06)?
Sooth_QGen#07bf8ccd98ae	Will the Kalshi YES mid-market price for Toronto (New York Y vs Toronto) land in the 70-80¢ bucket at game start (2026-06-12)?
Sooth_QGen#082c3e776327	Will the Kalshi YES mid-market price for Chicago WS (Minnesota vs Chicago WS) land in the 70-80¢ bucket at game start (2026-05-28)?
Sooth_QGen#08342fda12b1	Will the Kalshi YES mid-market price for Kansas City (Texas vs Kansas City) land in the 80-90¢ bucket at game start (2026-06-09)?
Sooth_QGen#083439f2f7f8	Will the Kalshi YES mid-market price for Washington (Seattle vs Washington) land in the 90-100¢ bucket at game start (2026-06-14)?
Sooth_QGen#0835f6be66d6	Will the Kalshi YES mid-market price for San Antonio (Game 5: New York at San Antonio) land in the 50-60¢ bucket at game start (2026-06-14)?
Sooth_QGen#0850532dae23	Will the Kalshi YES mid-market price for San Francisco (Chicago C vs San Francisco) land in the 0-10¢ bucket at game start (2026-06-14)?
Sooth_QGen#0876a49d3f59	Will the Kalshi YES mid-market price for VGK Golden Knights (Game 3: Carolina at Vegas) land in the 70-80¢ bucket at game start (2026-06-07)?
Sooth_QGen#0878f23a501c	Will the Kalshi YES mid-market price for Milwaukee (Milwaukee vs Houston) land in the 50-60¢ bucket at game start (2026-05-31)?
Sooth_QGen#088412d909c2	Will the Kalshi YES mid-market price for Los Angeles A (Los Angeles A vs Tampa Bay) land in the 20-30¢ bucket at game start (2026-05-30)?
Sooth_QGen#0887e41be8c8	Will the Kalshi YES mid-market price for San Diego (San Diego vs Washington) land in the 50-60¢ bucket at game start (2026-05-29)?
Sooth_QGen#0889c55ad4a4	Will the Kalshi YES mid-market price for Detroit (Los Angeles A vs Detroit) land in the 50-60¢ bucket at game start (2026-05-28)?
Sooth_QGen#089026b3d3a0	Will the Kalshi YES mid-market price for Green Bay (Will Green Bay win the Green Bay vs Minnesota Pro Football game) land in the 80-90¢ bucket at game start (2026-09-13)?
Sooth_QGen#08ad1a6cb8ab	Will the Kalshi YES mid-market price for San Francisco (Chicago C vs San Francisco) land in the 90-100¢ bucket at game start (2026-06-13)?
Sooth_QGen#08ad5c0674a2	Will the Kalshi YES mid-market price for Houston (Pittsburgh vs Houston) land in the 90-100¢ bucket at game start (2026-06-05)?
Sooth_QGen#08ade83feda1	Will the Kalshi YES mid-market price for Kansas City (Kansas City vs Washington) land in the 10-20¢ bucket at game start (2026-06-15)?
Sooth_QGen#08c0bb8fb98e	Will the Kalshi YES mid-market price for Milwaukee (Milwaukee vs A's) land in the 40-50¢ bucket at game start (2026-06-09)?
Sooth_QGen#08c78fbdc92a	Will the Kalshi YES mid-market price for Chicago C (San Francisco vs Chicago C) land in the 60-70¢ bucket at game start (2026-06-05)?
Sooth_QGen#08dbb7be70a7	Will the Kalshi YES mid-market price for Chicago (Will Chicago win the Chicago vs Carolina Pro Football game) land in the 40-50¢ bucket at game start (2026-09-13)?
Sooth_QGen#08e58f53fec0	Will the Kalshi YES mid-market price for Texas (Houston vs Texas) land in the 10-20¢ bucket at game start (2026-05-28)?
Sooth_QGen#08edbfcfafdd	Will the Kalshi YES mid-market price for Washington (Seattle vs Washington) land in the 50-60¢ bucket at game start (2026-06-12)?
Sooth_QGen#090b1fa6eddb	Will the Kalshi YES mid-market price for San Francisco (San Francisco vs Chicago C) land in the 80-90¢ bucket at game start (2026-06-05)?
Sooth_QGen#090e9d619c16	Will the Kalshi YES mid-market price for Pittsburgh (Chicago C vs Pittsburgh) land in the 20-30¢ bucket at game start (2026-05-28)?
Sooth_QGen#091990c985da	Will the Kalshi YES mid-market price for Arizona (Arizona vs Cincinnati) land in the 40-50¢ bucket at game start (2026-06-14)?
Sooth_QGen#09209e5b15c2	Will the Kalshi YES mid-market price for San Antonio (Game 6: Oklahoma City at San Antonio) land in the 20-30¢ bucket at game start (2026-05-29)?
Sooth_QGen#092ad56b6c18	Will the Kalshi YES mid-market price for Adam Walton (Will Adam Walton win the Svajda vs Walton: Round Of 64 match) land in the 40-50¢ bucket at game start (2026-05-28)?
Sooth_QGen#0945d02dea97	Will the Kalshi YES mid-market price for Minnesota (St. Louis vs Minnesota) land in the 70-80¢ bucket at game start (2026-06-13)?
Sooth_QGen#0959fef49552	Will the Kalshi YES mid-market price for New York Y (New York Y vs Cleveland) land in the 50-60¢ bucket at game start (2026-06-08)?
Sooth_QGen#0965c43226d0	Will the Kalshi YES mid-market price for Tampa Bay (Boston vs Tampa Bay) land in the 50-60¢ bucket at game start (2026-06-09)?
Sooth_QGen#097162b94693	Will the Kalshi YES mid-market price for Toronto (Baltimore vs Toronto) land in the 30-40¢ bucket at game start (2026-06-06)?
Sooth_QGen#097578324059	Will the Kalshi YES mid-market price for Texas (Kansas City vs Texas) land in the 40-50¢ bucket at game start (2026-05-30)?
Sooth_QGen#098ea740c081	Will the Kalshi YES mid-market price for CAR Hurricanes (Game 5: Montreal at Carolina) land in the 60-70¢ bucket at game start (2026-05-30)?
Sooth_QGen#09a98bd4c30e	Will the Kalshi YES mid-market price for Baltimore (Will Baltimore win the Baltimore vs Indianapolis Pro Football game) land in the 20-30¢ bucket at game start (2026-09-13)?
Sooth_QGen#09aa048502b8	Will the Kalshi YES mid-market price for New York M (Cincinnati vs New York M) land in the 0-10¢ bucket at game start (2026-05-27)?
Sooth_QGen#09ad2fd7c293	Will the Kalshi YES mid-market price for Houston (A's vs Houston) land in the 50-60¢ bucket at game start (2026-06-06)?
Sooth_QGen#09afea47a074	Will the Kalshi YES mid-market price for Los Angeles A (Tampa Bay vs Los Angeles A) land in the 10-20¢ bucket at game start (2026-06-14)?
Sooth_QGen#09b1fb1351c4	Will the Kalshi YES mid-market price for Kansas City (Kansas City vs Minnesota) land in the 50-60¢ bucket at game start (2026-06-07)?
Sooth_QGen#09b66353bbd4	Will the Kalshi YES mid-market price for New York M (Atlanta vs New York M) land in the 0-10¢ bucket at game start (2026-06-13)?
Sooth_QGen#09c109382185	Will the Kalshi YES mid-market price for Miami (Miami vs Washington) land in the 40-50¢ bucket at game start (2026-06-03)?
Sooth_QGen#09c1a5b225ed	Will the Kalshi YES mid-market price for Cleveland (Cleveland vs New York Y) land in the 0-10¢ bucket at game start (2026-06-03)?
Sooth_QGen#09c303d7552a	Will the Kalshi YES mid-market price for Arizona (Los Angeles D vs Arizona) land in the 30-40¢ bucket at game start (2026-06-05)?
Sooth_QGen#09d8b18a0a0f	Will the Kalshi YES mid-market price for Chicago C (Chicago C vs St. Louis) land in the 0-10¢ bucket at game start (2026-05-29)?
Sooth_QGen#09e7f095e1bc	Will the Kalshi YES mid-market price for Cincinnati (Kansas City vs Cincinnati) land in the 90-100¢ bucket at game start (2026-06-01)?
Sooth_QGen#09eeedbf8ad5	Will the Kalshi YES mid-market price for New Orleans (Will New Orleans win the New Orleans vs Detroit Pro Football game) land in the 20-30¢ bucket at game start (2026-09-13)?
Sooth_QGen#0a1579dbb7e7	Will the Kalshi YES mid-market price for New York Y (New York Y vs A's) land in the 0-10¢ bucket at game start (2026-05-31)?
Sooth_QGen#0a1ef289d288	Will the Kalshi YES mid-market price for Toronto (Toronto vs Baltimore) land in the 0-10¢ bucket at game start (2026-05-31)?
Sooth_QGen#0a26748f219c	Will the Kalshi YES mid-market price for Philadelphia (Philadelphia vs Los Angeles D) land in the 10-20¢ bucket at game start (2026-05-31)?
Sooth_QGen#0a2f36beb8a9	Will the Kalshi YES mid-market price for Cincinnati (Atlanta vs Cincinnati) land in the 80-90¢ bucket at game start (2026-05-29)?
Sooth_QGen#0a33af6a3e05	Will the Kalshi YES mid-market price for Cleveland (Cleveland vs Texas) land in the 60-70¢ bucket at game start (2026-06-06)?
Sooth_QGen#0a349812b79b	Will the Kalshi YES mid-market price for Detroit (Detroit vs Tampa Bay) land in the 90-100¢ bucket at game start (2026-06-01)?
Sooth_QGen#0a36181fd589	Will the Kalshi YES mid-market price for Boston (Baltimore vs Boston) land in the 70-80¢ bucket at game start (2026-06-03)?
Sooth_QGen#0a38e43b78d2	Will the Kalshi YES mid-market price for Arizona (Arizona vs Seattle) land in the 70-80¢ bucket at game start (2026-05-31)?
Sooth_QGen#0a5dffb9acc3	Will the Kalshi YES mid-market price for VGK Golden Knights (Game 6: Carolina at Vegas) land in the 60-70¢ bucket at game start (2026-06-15)?
Sooth_QGen#0a64594062a6	Will the Kalshi YES mid-market price for St. Louis (St. Louis vs Minnesota) land in the 50-60¢ bucket at game start (2026-06-14)?
Sooth_QGen#0a78d0a0ff31	Will the Kalshi YES mid-market price for Milwaukee (San Francisco vs Milwaukee) land in the 60-70¢ bucket at game start (2026-06-01)?
Sooth_QGen#0a880473b6be	Will the Kalshi YES mid-market price for San Francisco (San Francisco vs Chicago C) land in the 90-100¢ bucket at game start (2026-06-08)?
Sooth_QGen#0a9934b10be9	Will the Kalshi YES mid-market price for A's (A's vs Chicago C) land in the 50-60¢ bucket at game start (2026-06-04)?
Sooth_QGen#0a9a2e95fea1	Will the Kalshi YES mid-market price for CAR Hurricanes (Game 1: Vegas at Carolina) land in the 10-20¢ bucket at game start (2026-06-03)?
Sooth_QGen#0a9c222dc2b8	Will the Kalshi YES mid-market price for Chicago C (A's vs Chicago C) land in the 0-10¢ bucket at game start (2026-06-05)?
Sooth_QGen#0a9ff62154f9	Will the Kalshi YES mid-market price for Philadelphia (Chicago WS vs Philadelphia) land in the 80-90¢ bucket at game start (2026-06-05)?
Sooth_QGen#0aa6974f34e2	Will the Kalshi YES mid-market price for A's (Milwaukee vs A's) land in the 40-50¢ bucket at game start (2026-06-10)?
Sooth_QGen#0aafacd18b1e	Will the Kalshi YES mid-market price for Minnesota (Chicago WS vs Minnesota) land in the 0-10¢ bucket at game start (2026-06-02)?
Sooth_QGen#0acdd7eb25a6	Will the Kalshi YES mid-market price for Los Angeles D (Los Angeles D vs Arizona) land in the 90-100¢ bucket at game start (2026-06-04)?
Sooth_QGen#0ad45b0a856a	Will the Kalshi YES mid-market price for Cleveland (Detroit vs Cleveland) land in the 80-90¢ bucket at game start (2026-06-14)?
Sooth_QGen#0ae083c590fd	Will the Kalshi YES mid-market price for San Francisco (Will San Francisco win the San Francisco vs Los Angeles R Pro Football game) land in the 90-100¢ bucket at game start (2026-09-11)?
Sooth_QGen#0af7e27ef09d	Will the Kalshi YES mid-market price for Atlanta (Atlanta vs Chicago WS) land in the 60-70¢ bucket at game start (2026-06-11)?
Sooth_QGen#0b0d4ad1fc29	Will the Kalshi YES mid-market price for San Diego (Cincinnati vs San Diego) land in the 0-10¢ bucket at game start (2026-06-09)?
Sooth_QGen#0b120beb1222	Will the Kalshi YES mid-market price for San Diego (San Diego vs Washington) land in the 80-90¢ bucket at game start (2026-05-29)?
Sooth_QGen#0b1470b10972	Will the Kalshi YES mid-market price for A's (A's vs Chicago C) land in the 10-20¢ bucket at game start (2026-06-03)?
Sooth_QGen#0b23fc5d46b5	Will the Kalshi YES mid-market price for Milwaukee (Milwaukee vs Colorado) land in the 80-90¢ bucket at game start (2026-06-07)?
Sooth_QGen#0b35a67f9340	Will the Kalshi YES mid-market price for Vit Kopriva (Will Vit Kopriva win the Landaluce vs Kopriva: Round Of 64 match) land in the 20-30¢ bucket at game start (2026-05-28)?
Sooth_QGen#0b3f0c4ebfbf	Will the Kalshi YES mid-market price for Boston (Boston vs Cleveland) land in the 0-10¢ bucket at game start (2026-05-29)?
Sooth_QGen#0b7db8985517	Will the Kalshi YES mid-market price for A's (Milwaukee vs A's) land in the 90-100¢ bucket at game start (2026-06-10)?
Sooth_QGen#0bc013bfc1b3	Will the Kalshi YES mid-market price for Cincinnati (Arizona vs Cincinnati) land in the 40-50¢ bucket at game start (2026-06-12)?
Sooth_QGen#0bc3cab2a038	Will the Kalshi YES mid-market price for Cleveland (Cleveland vs New York Y) land in the 40-50¢ bucket at game start (2026-06-04)?
Sooth_QGen#0bc4b9804579	Will the Kalshi YES mid-market price for Houston (Houston vs Los Angeles A) land in the 10-20¢ bucket at game start (2026-06-11)?
Sooth_QGen#0bcb361f634a	Will the Kalshi YES mid-market price for Milwaukee (San Francisco vs Milwaukee) land in the 10-20¢ bucket at game start (2026-06-01)?
Sooth_QGen#0c29ee8b18c4	Will the Kalshi YES mid-market price for Miami (Miami vs New York M) land in the 90-100¢ bucket at game start (2026-05-30)?
Sooth_QGen#0c2be01a48ab	Will the Kalshi YES mid-market price for Arizona (Los Angeles D vs Arizona) land in the 50-60¢ bucket at game start (2026-06-05)?
Sooth_QGen#0c417b881993	Will the Kalshi YES mid-market price for San Diego (Cincinnati vs San Diego) land in the 20-30¢ bucket at game start (2026-06-10)?
Sooth_QGen#0c64d8113635	Will the Kalshi YES mid-market price for New York Y (Boston vs New York Y) land in the 70-80¢ bucket at game start (2026-06-06)?
Sooth_QGen#0c6b1a376122	Will the Kalshi YES mid-market price for Matteo Arnaldi (Will Matteo Arnaldi win the Arnaldi vs Tsitsipas: Round Of 64 match) land in the 90-100¢ bucket at game start (2026-05-28)?
Sooth_QGen#0c7110e8e9c9	Will the Kalshi YES mid-market price for St. Louis (St. Louis vs New York M) land in the 0-10¢ bucket at game start (2026-06-09)?
Sooth_QGen#0c74364a4d61	Will the Kalshi YES mid-market price for Detroit (Detroit vs Tampa Bay) land in the 40-50¢ bucket at game start (2026-06-03)?
Sooth_QGen#0c7c7bb51a81	Will the Kalshi YES mid-market price for Minnesota (Will Minnesota win the Green Bay vs Minnesota Pro Football game) land in the 80-90¢ bucket at game start (2026-09-13)?
Sooth_QGen#0c9afac53e3b	Will the Kalshi YES mid-market price for Colorado (Milwaukee vs Colorado) land in the 80-90¢ bucket at game start (2026-06-07)?
Sooth_QGen#0caaca8851e7	Will the Kalshi YES mid-market price for Arizona (Washington vs Arizona) land in the 0-10¢ bucket at game start (2026-06-06)?
Sooth_QGen#0cbdd8de1c40	Will the Kalshi YES mid-market price for Baltimore (Toronto vs Baltimore) land in the 0-10¢ bucket at game start (2026-05-30)?
Sooth_QGen#0ccc5ec876bd	Will the Kalshi YES mid-market price for Minnesota (Minnesota vs Detroit) land in the 50-60¢ bucket at game start (2026-06-10)?
Sooth_QGen#0cf18d5a8e00	Will the Kalshi YES mid-market price for Milwaukee (Milwaukee vs Colorado) land in the 50-60¢ bucket at game start (2026-06-07)?
Sooth_QGen#0cf38e0c75e1	Will the Kalshi YES mid-market price for Minnesota (Kansas City vs Minnesota) land in the 10-20¢ bucket at game start (2026-06-04)?
Sooth_QGen#0d05f40cbbec	Will the Kalshi YES mid-market price for Facundo Diaz Acosta (Will Facundo Diaz Acosta win the Diaz Acosta vs Tien: Round Of 64 match) land in the 60-70¢ bucket at game start (2026-05-28)?
Sooth_QGen#0d08286810cb	Will the Kalshi YES mid-market price for Milwaukee (Milwaukee vs A's) land in the 40-50¢ bucket at game start (2026-06-11)?
Sooth_QGen#0d0b701e786f	Will Kalshi's 'New tariffs this month?' June 2026 YES mid-price be ≥ 63¢ at 11:59 PM ET on June 1, 2026?
Sooth_QGen#0d127a84038b	Will the Kalshi YES mid-market price for Boston (Boston vs Cleveland) land in the 40-50¢ bucket at game start (2026-05-31)?
Sooth_QGen#0d134587e059	Will the Kalshi YES mid-market price for Philadelphia (Philadelphia vs Los Angeles D) land in the 80-90¢ bucket at game start (2026-05-31)?
Sooth_QGen#0d2dcc324b1f	Will the Kalshi YES mid-market price for Kansas City (Kansas City vs Minnesota) land in the 40-50¢ bucket at game start (2026-06-07)?
Sooth_QGen#0d48c9a6b51a	Will the Kalshi YES mid-market price for A's (Colorado vs A's) land in the 50-60¢ bucket at game start (2026-06-14)?
Sooth_QGen#0d497f3288f2	Will the Kalshi YES mid-market price for Boston (Baltimore vs Boston) land in the 90-100¢ bucket at game start (2026-06-03)?
Sooth_QGen#0d4d9f78a6e3	Will the Kalshi YES mid-market price for Boston (Boston vs Cleveland) land in the 20-30¢ bucket at game start (2026-05-30)?
Sooth_QGen#0d55a455fe16	Will the Kalshi YES mid-market price for Pittsburgh (Los Angeles D vs Pittsburgh) land in the 40-50¢ bucket at game start (2026-06-10)?
Sooth_QGen#0d68b7bbd5a1	Will the Kalshi YES mid-market price for Minnesota (St. Louis vs Minnesota) land in the 30-40¢ bucket at game start (2026-06-14)?
Sooth_QGen#0d8ec0f623c9	Will the Kalshi YES mid-market price for Tampa Bay (Los Angeles A vs Tampa Bay) land in the 70-80¢ bucket at game start (2026-05-31)?
Sooth_QGen#0d8f95a76596	Will the Kalshi YES mid-market price for Minnesota (Chicago WS vs Minnesota) land in the 80-90¢ bucket at game start (2026-06-02)?
Sooth_QGen#0d9e4105faf0	Will the Kalshi YES mid-market price for Seattle (Seattle vs Baltimore) land in the 10-20¢ bucket at game start (2026-06-08)?
Sooth_QGen#0da5f678127f	Will the Kalshi YES mid-market price for VGK Golden Knights (Game 6: Carolina at Vegas) land in the 30-40¢ bucket at game start (2026-06-15)?
Sooth_QGen#0da78a9dc93a	Will the Kalshi YES mid-market price for Milwaukee (San Francisco vs Milwaukee) land in the 30-40¢ bucket at game start (2026-06-03)?
Sooth_QGen#0dea6589a75e	Will the Kalshi YES mid-market price for Toronto (Baltimore vs Toronto) land in the 10-20¢ bucket at game start (2026-06-05)?
Sooth_QGen#0dedd01f8328	Will the Kalshi YES mid-market price for New York M (New York M vs San Diego) land in the 10-20¢ bucket at game start (2026-06-07)?
Sooth_QGen#0deee17478fc	Will the Kalshi YES mid-market price for Miami (Miami vs New York M) land in the 30-40¢ bucket at game start (2026-05-30)?
Sooth_QGen#0df9880a9bf0	Will the Kalshi YES mid-market price for San Francisco (San Francisco vs Milwaukee) land in the 90-100¢ bucket at game start (2026-06-04)?
Sooth_QGen#0e0d2b9e3cc0	Will the Kalshi YES mid-market price for Chicago C (Chicago C vs St. Louis) land in the 80-90¢ bucket at game start (2026-05-31)?
Sooth_QGen#0e3c14ab6e2c	Will the Kalshi YES mid-market price for Seattle (Seattle vs Baltimore) land in the 40-50¢ bucket at game start (2026-06-08)?
Sooth_QGen#0e470428719d	Will the Kalshi YES mid-market price for Texas (Minnesota vs Texas) land in the 20-30¢ bucket at game start (2026-06-16)?
Sooth_QGen#0e53120b2293	Will the Kalshi YES mid-market price for Atlanta (Atlanta vs Chicago WS) land in the 70-80¢ bucket at game start (2026-06-11)?
Sooth_QGen#0e6e12f2b66b	Will the Kalshi YES mid-market price for CAR Hurricanes (Game 5: Montreal at Carolina) land in the 30-40¢ bucket at game start (2026-05-30)?
Sooth_QGen#0e706a9a593d	Will the Kalshi YES mid-market price for Washington (Washington vs Arizona) land in the 70-80¢ bucket at game start (2026-06-06)?
Sooth_QGen#0e736ebea28e	Will the Kalshi YES mid-market price for New York M (Miami vs New York M) land in the 80-90¢ bucket at game start (2026-05-29)?
Sooth_QGen#0e773be14ea0	Will the Kalshi YES mid-market price for Cleveland (Detroit vs Cleveland) land in the 40-50¢ bucket at game start (2026-06-12)?
Sooth_QGen#0e7b78032cef	Will the Kalshi YES mid-market price for Toronto (Miami vs Toronto) land in the 80-90¢ bucket at game start (2026-05-27)?
Sooth_QGen#0e8f949034cc	Will the Kalshi YES mid-market price for A's (Milwaukee vs A's) land in the 30-40¢ bucket at game start (2026-06-09)?
Sooth_QGen#0e92942ad287	Will the Kalshi YES mid-market price for Seattle (Seattle vs Detroit) land in the 20-30¢ bucket at game start (2026-06-06)?
Sooth_QGen#0e9ae25e2682	Will the Kalshi YES mid-market price for A's (Milwaukee vs A's) land in the 40-50¢ bucket at game start (2026-06-09)?
Sooth_QGen#0e9fad06f210	Will the Kalshi YES mid-market price for Seattle (Seattle vs A's) land in the 50-60¢ bucket at game start (2026-05-27)?
Sooth_QGen#0ec5cabf2025	Will the Kalshi YES mid-market price for Miami (Miami vs Washington) land in the 70-80¢ bucket at game start (2026-06-02)?
Sooth_QGen#0ecebfef5953	Will the Kalshi YES mid-market price for CAR Hurricanes (Game 5: Montreal at Carolina) land in the 40-50¢ bucket at game start (2026-05-30)?
Sooth_QGen#0ef9bb7d4997	Will the Kalshi YES mid-market price for Los Angeles D (Philadelphia vs Los Angeles D) land in the 10-20¢ bucket at game start (2026-05-31)?
Sooth_QGen#0efeb3c3b906	Will the Kalshi YES mid-market price for Seattle (Seattle vs Washington) land in the 0-10¢ bucket at game start (2026-06-13)?
Sooth_QGen#0eff2b801779	Will the Kalshi YES mid-market price for Seattle (Seattle vs Baltimore) land in the 90-100¢ bucket at game start (2026-06-09)?
Sooth_QGen#0f05bda60b61	Will the Kalshi YES mid-market price for Cleveland (New York Y vs Cleveland) land in the 10-20¢ bucket at game start (2026-06-09)?
Sooth_QGen#0f0cdb1d33c2	Will the Kalshi YES mid-market price for Chicago C (San Francisco vs Chicago C) land in the 30-40¢ bucket at game start (2026-06-08)?
Sooth_QGen#0f0de4d26750	Will the Kalshi YES mid-market price for Atlanta (Atlanta vs New York M) land in the 50-60¢ bucket at game start (2026-06-12)?
Sooth_QGen#0f11a57e2c5f	Will the Kalshi YES mid-market price for Philadelphia (Philadelphia vs Milwaukee) land in the 70-80¢ bucket at game start (2026-06-13)?
Sooth_QGen#0f1b63e7a0bb	Will the Kalshi YES mid-market price for Toronto (Toronto vs Baltimore) land in the 10-20¢ bucket at game start (2026-05-30)?
Sooth_QGen#0f1b74f1fa10	Will the Kalshi YES mid-market price for New York M (Miami vs New York M) land in the 10-20¢ bucket at game start (2026-05-30)?
Sooth_QGen#0f214c102e9e	Will the Kalshi YES mid-market price for Washington (Washington vs Arizona) land in the 0-10¢ bucket at game start (2026-06-06)?
Sooth_QGen#0f3ad2b80f6e	Will the Kalshi YES mid-market price for Cincinnati (Kansas City vs Cincinnati) land in the 60-70¢ bucket at game start (2026-06-01)?
Sooth_QGen#0f3d12525f48	Will the Kalshi YES mid-market price for Minnesota (Kansas City vs Minnesota) land in the 30-40¢ bucket at game start (2026-06-04)?
Sooth_QGen#0f3d7ebbad53	Will the Kalshi YES mid-market price for New York (Game 3: San Antonio at New York) land in the 60-70¢ bucket at game start (2026-06-09)?
Sooth_QGen#0f427c09e9fc	Will the Kalshi YES mid-market price for CAR Hurricanes (Game 6: Carolina at Vegas) land in the 70-80¢ bucket at game start (2026-06-15)?
Sooth_QGen#0f4edbabad36	Will the Kalshi YES mid-market price for Atlanta (Toronto vs Atlanta) land in the 80-90¢ bucket at game start (2026-06-04)?
Sooth_QGen#0f5822b4da61	Will the Kalshi YES mid-market price for Los Angeles A (Los Angeles A vs Tampa Bay) land in the 0-10¢ bucket at game start (2026-05-30)?
Sooth_QGen#0f67bb0111de	Will the Kalshi YES mid-market price for Jacksonville (Will Jacksonville win the Cleveland vs Jacksonville Pro Football game) land in the 50-60¢ bucket at game start (2026-09-13)?
Sooth_QGen#0f7d1415bd80	Will the Kalshi YES mid-market price for Miami (Arizona vs Miami) land in the 70-80¢ bucket at game start (2026-06-11)?
Sooth_QGen#0f852b597e2e	Will the Kalshi YES mid-market price for Los Angeles D (Los Angeles A vs Los Angeles D) land in the 70-80¢ bucket at game start (2026-06-07)?
Sooth_QGen#0f8c48a6867b	Will the Kalshi YES mid-market price for Washington (Washington vs San Francisco) land in the 40-50¢ bucket at game start (2026-06-10)?
Sooth_QGen#0f9473a504d9	Will the Kalshi YES mid-market price for Pittsburgh (Los Angeles D vs Pittsburgh) land in the 0-10¢ bucket at game start (2026-06-11)?
Sooth_QGen#0fbc63b73df6	Will the Kalshi YES mid-market price for Boston (Boston vs Tampa Bay) land in the 40-50¢ bucket at game start (2026-06-09)?
Sooth_QGen#0fc10e2b2123	Will the Kalshi YES mid-market price for Houston (Houston vs Kansas City) land in the 10-20¢ bucket at game start (2026-06-13)?
Sooth_QGen#0fcd0fa37180	Will the Kalshi YES mid-market price for New York M (Atlanta vs New York M) land in the 20-30¢ bucket at game start (2026-06-13)?
Sooth_QGen#101863fc91aa	Will the Kalshi YES mid-market price for San Diego (San Diego vs Philadelphia) land in the 30-40¢ bucket at game start (2026-06-04)?
Sooth_QGen#10311b962f8b	Will the Kalshi YES mid-market price for San Diego (Cincinnati vs San Diego) land in the 10-20¢ bucket at game start (2026-06-10)?
Sooth_QGen#1034da3e7acb	Will the Kalshi YES mid-market price for Colorado (Colorado vs A's) land in the 50-60¢ bucket at game start (2026-06-13)?
Sooth_QGen#103782eb2e98	Will the Kalshi YES mid-market price for Minnesota (Minnesota vs Pittsburgh) land in the 90-100¢ bucket at game start (2026-05-31)?
Sooth_QGen#10407a7bd4ce	Will the Kalshi YES mid-market price for VGK Golden Knights (Game 1: Vegas at Carolina) land in the 30-40¢ bucket at game start (2026-06-03)?
Sooth_QGen#1043a0070940	Will the Kalshi YES mid-market price for New York (Game 5: New York at San Antonio) land in the 10-20¢ bucket at game start (2026-06-14)?
Sooth_QGen#10569ebed7a6	Will the Kalshi YES mid-market price for Detroit (Detroit vs Cleveland) land in the 60-70¢ bucket at game start (2026-06-13)?
Sooth_QGen#1073e72d02c5	Will the Kalshi YES mid-market price for New York Y (New York Y vs A's) land in the 20-30¢ bucket at game start (2026-05-31)?
Sooth_QGen#1076d8f1156f	Will the Kalshi YES mid-market price for Cleveland (Boston vs Cleveland) land in the 20-30¢ bucket at game start (2026-05-29)?
Sooth_QGen#107d9e08353f	Will the Kalshi YES mid-market price for Minnesota (Chicago WS vs Minnesota) land in the 0-10¢ bucket at game start (2026-06-01)?
Sooth_QGen#10ae22bc0fcc	Will the Kalshi YES mid-market price for Philadelphia (Philadelphia vs Toronto) land in the 30-40¢ bucket at game start (2026-06-09)?
Sooth_QGen#10b347689095	Will the Kalshi YES mid-market price for Chicago C (Chicago C vs St. Louis) land in the 70-80¢ bucket at game start (2026-05-31)?
Sooth_QGen#10b4455a769a	Will the Kalshi YES mid-market price for Miami (Miami vs New York M) land in the 50-60¢ bucket at game start (2026-05-29)?
Sooth_QGen#10ba5297219f	Will the Kalshi YES mid-market price for Los Angeles D (Los Angeles D vs Chicago WS) land in the 10-20¢ bucket at game start (2026-06-14)?
Sooth_QGen#10cd5ff3a88a	Will the Kalshi YES mid-market price for Cincinnati (Will Cincinnati win the Tampa Bay vs Cincinnati Pro Football game) land in the 20-30¢ bucket at game start (2026-09-13)?
Sooth_QGen#10e1cc9d6e18	Will the Kalshi YES mid-market price for Carolina (Will Carolina win the Chicago vs Carolina Pro Football game) land in the 90-100¢ bucket at game start (2026-09-13)?
Sooth_QGen#10e5a41dc3a5	Will the Kalshi YES mid-market price for Miami (Miami vs Pittsburgh) land in the 0-10¢ bucket at game start (2026-06-12)?
Sooth_QGen#10e88f83d2a3	Will the Kalshi YES mid-market price for Alexander Zverev (Will Alexander Zverev win the Mensik vs Zverev: Semifinal match) land in the 20-30¢ bucket at game start (2026-06-05)?
Sooth_QGen#10ec2d3ae7b6	Will the Kalshi YES mid-market price for Kansas City (Kansas City vs Cincinnati) land in the 0-10¢ bucket at game start (2026-06-02)?
Sooth_QGen#10f46abc404e	Will the Kalshi YES mid-market price for St. Louis (San Diego vs St. Louis) land in the 30-40¢ bucket at game start (2026-06-15)?
Sooth_QGen#10f590107817	Will the Kalshi YES mid-market price for Baltimore (Seattle vs Baltimore) land in the 40-50¢ bucket at game start (2026-06-11)?
Sooth_QGen#10fb7a33685d	Will the Kalshi YES mid-market price for Washington (San Diego vs Washington) land in the 80-90¢ bucket at game start (2026-05-30)?
Sooth_QGen#10fc2e2425fc	Will the Kalshi YES mid-market price for Chicago C (San Francisco vs Chicago C) land in the 50-60¢ bucket at game start (2026-06-06)?
Sooth_QGen#10fd17632df3	Will the Kalshi YES mid-market price for Kansas City (Kansas City vs Texas) land in the 10-20¢ bucket at game start (2026-05-30)?
Sooth_QGen#1104223f0188	Will the Kalshi YES mid-market price for Detroit (Detroit vs Cleveland) land in the 60-70¢ bucket at game start (2026-06-14)?
Sooth_QGen#110df3b4fd45	Will the Kalshi YES mid-market price for A's (Seattle vs A's) land in the 40-50¢ bucket at game start (2026-05-27)?
Sooth_QGen#111d10b0a7ea	Will the Kalshi YES mid-market price for Boston (Boston vs Cleveland) land in the 90-100¢ bucket at game start (2026-05-30)?
Sooth_QGen#112fd3608203	Will the Kalshi YES mid-market price for Washington (Will Washington win the Washington vs Philadelphia Pro Football game) land in the 40-50¢ bucket at game start (2026-09-13)?
Sooth_QGen#11311e63e143	Will the Kalshi YES mid-market price for Miami (Will Miami win the Miami vs Las Vegas Pro Football game) land in the 50-60¢ bucket at game start (2026-09-13)?
Sooth_QGen#114951cb379f	Will the Kalshi YES mid-market price for Alejandro Tabilo (Will Alejandro Tabilo win the Tabilo vs Vacherot: Round Of 64 match) land in the 60-70¢ bucket at game start (2026-05-28)?
Sooth_QGen#11553a549f67	Will the Kalshi YES mid-market price for Texas (Cleveland vs Texas) land in the 10-20¢ bucket at game start (2026-06-06)?
Sooth_QGen#115d2681c25d	Will the Kalshi YES mid-market price for Detroit (Detroit vs Chicago WS) land in the 60-70¢ bucket at game start (2026-05-30)?
Sooth_QGen#115e95b412c2	Will the Kalshi YES mid-market price for St. Louis (Cincinnati vs St. Louis) land in the 40-50¢ bucket at game start (2026-06-06)?
Sooth_QGen#11635d5f2add	Will the Kalshi YES mid-market price for Cincinnati (Cincinnati vs San Diego) land in the 60-70¢ bucket at game start (2026-06-09)?
Sooth_QGen#116a9bc701ec	Will the Kalshi YES mid-market price for Cleveland (Boston vs Cleveland) land in the 90-100¢ bucket at game start (2026-05-30)?
Sooth_QGen#117254293f36	Will the Kalshi YES mid-market price for Seattle (Seattle vs Washington) land in the 50-60¢ bucket at game start (2026-06-13)?
Sooth_QGen#117403d3ca85	Will the Kalshi YES mid-market price for Colorado (Colorado vs Los Angeles A) land in the 50-60¢ bucket at game start (2026-06-04)?
Sooth_QGen#117b3ab4568d	Will the Kalshi YES mid-market price for Colorado (Milwaukee vs Colorado) land in the 60-70¢ bucket at game start (2026-06-07)?
Sooth_QGen#1196f5735042	Will the Kalshi YES mid-market price for Chicago C (Chicago C vs Colorado) land in the 10-20¢ bucket at game start (2026-06-10)?
Sooth_QGen#1199344926be	Will the Kalshi YES mid-market price for Tampa Bay (Los Angeles A vs Tampa Bay) land in the 70-80¢ bucket at game start (2026-05-29)?
Sooth_QGen#11a681cc3461	Will the Kalshi YES mid-market price for New York Y (New York Y vs Toronto) land in the 10-20¢ bucket at game start (2026-06-13)?
Sooth_QGen#11aac81ab9d3	Will the Kalshi YES mid-market price for Seattle (Seattle vs Baltimore) land in the 0-10¢ bucket at game start (2026-06-08)?
Sooth_QGen#11aea1f734f6	Will the Kalshi YES mid-market price for Boston (Texas vs Boston) land in the 40-50¢ bucket at game start (2026-06-13)?
Sooth_QGen#11db1ef2abdc	Will the Kalshi YES mid-market price for San Diego (San Diego vs St. Louis) land in the 60-70¢ bucket at game start (2026-06-15)?
Sooth_QGen#11e385b1aa2a	Will the Kalshi YES mid-market price for Miami (Tampa Bay vs Miami) land in the 70-80¢ bucket at game start (2026-06-06)?
Sooth_QGen#11e3aac51cca	Will the Kalshi YES mid-market price for Carolina (Will Carolina win the Chicago vs Carolina Pro Football game) land in the 50-60¢ bucket at game start (2026-09-13)?
Sooth_QGen#11e88bb5ce57	Will the Kalshi YES mid-market price for Arizona (Washington vs Arizona) land in the 30-40¢ bucket at game start (2026-06-06)?
Sooth_QGen#11ebd9b76a37	Will the Kalshi YES mid-market price for Atlanta (Pittsburgh vs Atlanta) land in the 10-20¢ bucket at game start (2026-06-07)?
Sooth_QGen#11f5237702cd	Will the Kalshi YES mid-market price for San Antonio (Game 5: New York at San Antonio) land in the 20-30¢ bucket at game start (2026-06-14)?
Sooth_QGen#11f8f54e9df4	Will the Kalshi YES mid-market price for Chicago C (A's vs Chicago C) land in the 60-70¢ bucket at game start (2026-06-05)?
Sooth_QGen#1205eb001a7b	Will the Kalshi YES mid-market price for Toronto (Philadelphia vs Toronto) land in the 60-70¢ bucket at game start (2026-06-10)?
Sooth_QGen#120627ed51d7	Will the Kalshi YES mid-market price for Moise Kouame (Will Moise Kouame win the Vallejo vs Kouame: Round Of 64 match) land in the 50-60¢ bucket at game start (2026-05-28)?
Sooth_QGen#1221b31b53ff	Will the Kalshi YES mid-market price for New York M (New York M vs San Diego) land in the 80-90¢ bucket at game start (2026-06-07)?
Sooth_QGen#122450df6810	Will the Kalshi YES mid-market price for Tampa Bay (Los Angeles A vs Tampa Bay) land in the 0-10¢ bucket at game start (2026-05-30)?
Sooth_QGen#12332b53c6b2	Will the Kalshi YES mid-market price for Arizona (Los Angeles D vs Arizona) land in the 90-100¢ bucket at game start (2026-06-05)?
Sooth_QGen#1245839abf1b	Will the Kalshi YES mid-market price for Miami (Arizona vs Miami) land in the 90-100¢ bucket at game start (2026-06-10)?
Sooth_QGen#126c8646779e	Will the Kalshi YES mid-market price for Los Angeles D (Los Angeles A vs Los Angeles D) land in the 20-30¢ bucket at game start (2026-06-07)?
Sooth_QGen#12765b411ffc	Will the Kalshi YES mid-market price for VGK Golden Knights (Game 4: Carolina at Vegas) land in the 10-20¢ bucket at game start (2026-06-10)?
Sooth_QGen#1278283c5dd3	Will the Kalshi YES mid-market price for Kansas City (Houston vs Kansas City) land in the 10-20¢ bucket at game start (2026-06-14)?
Sooth_QGen#12793f3e18b0	Will the Kalshi YES mid-market price for New York Y (Cleveland vs New York Y) land in the 30-40¢ bucket at game start (2026-06-03)?
Sooth_QGen#127dee0a513e	Will the Kalshi YES mid-market price for Seattle (Seattle vs Baltimore) land in the 70-80¢ bucket at game start (2026-06-09)?
Sooth_QGen#1286cb07b119	Will the Kalshi YES mid-market price for Valentin Vacherot (Will Valentin Vacherot win the Tabilo vs Vacherot: Round Of 64 match) land in the 40-50¢ bucket at game start (2026-05-28)?
Sooth_QGen#129f5ef7ecc5	Will the Kalshi YES mid-market price for Texas (Cleveland vs Texas) land in the 60-70¢ bucket at game start (2026-06-06)?
Sooth_QGen#12a71edd23a4	Will the Kalshi YES mid-market price for Arizona (Arizona vs Cincinnati) land in the 60-70¢ bucket at game start (2026-06-14)?
Sooth_QGen#12a9336a7233	Will the Kalshi YES mid-market price for Atlanta (Atlanta vs Boston) land in the 50-60¢ bucket at game start (2026-05-27)?
Sooth_QGen#12ac3dca831c	Will the Kalshi YES mid-market price for Detroit (Minnesota vs Detroit) land in the 40-50¢ bucket at game start (2026-06-09)?
Sooth_QGen#12afd4622063	Will the Kalshi YES mid-market price for Baltimore (Seattle vs Baltimore) land in the 10-20¢ bucket at game start (2026-06-08)?
Sooth_QGen#12b33aca707e	Will the Kalshi YES mid-market price for Washington (Seattle vs Washington) land in the 40-50¢ bucket at game start (2026-06-14)?
Sooth_QGen#12c032d3fcf2	Will the Kalshi YES mid-market price for Toronto (Toronto vs Atlanta) land in the 30-40¢ bucket at game start (2026-06-02)?
Sooth_QGen#12c66206ff68	Will the Kalshi YES mid-market price for New England (Will New England win the New England vs Seattle Pro Football game) land in the 50-60¢ bucket at game start (2026-09-09)?
Sooth_QGen#12cf3ff58f02	Will the Kalshi YES mid-market price for Philadelphia (Philadelphia vs Toronto) land in the 10-20¢ bucket at game start (2026-06-08)?
Sooth_QGen#12d1408ead85	Will the Kalshi YES mid-market price for France to beat Spain in the 2026 FIFA World Cup semifinal be at or above 35 cents at kickoff (19:00 UTC July 14, 2026)?
Sooth_QGen#12d2dd137d47	Will the Kalshi YES mid-market price for Chicago C (A's vs Chicago C) land in the 80-90¢ bucket at game start (2026-06-05)?
Sooth_QGen#12dd42f262f4	Will the Kalshi YES mid-market price for A's (A's vs Houston) land in the 30-40¢ bucket at game start (2026-06-06)?
Sooth_QGen#12e9abd89069	Will the Kalshi YES mid-market price for Chicago C (Chicago C vs Colorado) land in the 0-10¢ bucket at game start (2026-06-11)?
Sooth_QGen#12f16cc37923	Will the Kalshi YES mid-market price for Seattle (New York M vs Seattle) land in the 50-60¢ bucket at game start (2026-06-02)?
Sooth_QGen#130020b2ed32	Will the Kalshi YES mid-market price for Minnesota (Minnesota vs Pittsburgh) land in the 60-70¢ bucket at game start (2026-05-30)?
Sooth_QGen#13069db8ddc6	Will the Kalshi YES mid-market price for Los Angeles A (Tampa Bay vs Los Angeles A) land in the 50-60¢ bucket at game start (2026-06-14)?
Sooth_QGen#130e9d2adac5	Will the Kalshi YES mid-market price for San Diego (San Diego vs Baltimore) land in the 90-100¢ bucket at game start (2026-06-12)?
Sooth_QGen#132475064c32	Will the Kalshi YES mid-market price for Toronto (Toronto vs Atlanta) land in the 0-10¢ bucket at game start (2026-06-04)?
Sooth_QGen#133a1f929ab7	Will the Kalshi YES mid-market price for Houston (Houston vs Los Angeles A) land in the 80-90¢ bucket at game start (2026-06-09)?
Sooth_QGen#13426756d254	Will the Kalshi YES mid-market price for Atlanta (Atlanta vs Chicago WS) land in the 90-100¢ bucket at game start (2026-06-10)?
Sooth_QGen#134f454cf4db	Will the Kalshi YES mid-market price for Los Angeles D (Tampa Bay vs Los Angeles D) land in the 40-50¢ bucket at game start (2026-06-16)?
Sooth_QGen#135bef74275d	Will the Kalshi YES mid-market price for Detroit (Detroit vs Houston) land in the 0-10¢ bucket at game start (2026-06-16)?
Sooth_QGen#135dc3cd27da	Will the Kalshi YES mid-market price for San Antonio (Game 2: New York at San Antonio) land in the 40-50¢ bucket at game start (2026-06-06)?
Sooth_QGen#13685e61e9af	Will the Kalshi YES mid-market price for CAR Hurricanes (Game 1: Vegas at Carolina) land in the 40-50¢ bucket at game start (2026-06-03)?
Sooth_QGen#136d4c6224e0	Will the Kalshi YES mid-market price for Seattle (Seattle vs Washington) land in the 90-100¢ bucket at game start (2026-06-13)?
Sooth_QGen#137ae9ce23c6	Will the Kalshi YES mid-market price for Baltimore (Will Baltimore win the Baltimore vs Indianapolis Pro Football game) land in the 60-70¢ bucket at game start (2026-09-13)?
Sooth_QGen#1386a30c88bb	Will the Kalshi YES mid-market price for Philadelphia (Chicago WS vs Philadelphia) land in the 90-100¢ bucket at game start (2026-06-06)?
Sooth_QGen#138ba7dd2ac3	Will the Kalshi YES mid-market price for Chicago C (San Francisco vs Chicago C) land in the 70-80¢ bucket at game start (2026-06-08)?
Sooth_QGen#139e73b8c598	Will the Kalshi YES mid-market price for Minnesota (Chicago WS vs Minnesota) land in the 30-40¢ bucket at game start (2026-06-03)?
Sooth_QGen#13b10e2feebb	Will the Kalshi YES mid-market price for Arizona (Arizona vs Cincinnati) land in the 10-20¢ bucket at game start (2026-06-13)?
Sooth_QGen#13bf82731ae9	Will the Kalshi YES mid-market price for Chicago WS (Chicago WS vs Philadelphia) land in the 90-100¢ bucket at game start (2026-06-07)?
Sooth_QGen#13d4492c3f16	Will the Kalshi YES mid-market price for Toronto (Philadelphia vs Toronto) land in the 20-30¢ bucket at game start (2026-06-10)?
Sooth_QGen#13d4f04afbc1	Will the Kalshi YES mid-market price for Chicago (Will Chicago win the Chicago vs Carolina Pro Football game) land in the 50-60¢ bucket at game start (2026-09-13)?
Sooth_QGen#13db3d44469d	Will the Kalshi YES mid-market price for Arizona (Los Angeles D vs Arizona) land in the 90-100¢ bucket at game start (2026-06-02)?
Sooth_QGen#13f2ae05a991	Will the Kalshi YES mid-market price for Adolfo Daniel Vallejo (Will Adolfo Daniel Vallejo win the Vallejo vs Kouame: Round Of 64 match) land in the 50-60¢ bucket at game start (2026-05-28)?
Sooth_QGen#14074e7f29dc	Will the Kalshi YES mid-market price for Cincinnati (Atlanta vs Cincinnati) land in the 0-10¢ bucket at game start (2026-05-29)?
Sooth_QGen#14167bb0c434	Will the Kalshi YES mid-market price for San Diego (New York M vs San Diego) land in the 10-20¢ bucket at game start (2026-06-06)?
Sooth_QGen#1421a179edb0	Will the Kalshi YES mid-market price for Chicago WS (Chicago WS vs Minnesota) land in the 20-30¢ bucket at game start (2026-06-03)?
Sooth_QGen#14356bdf59df	Will the Kalshi YES mid-market price for San Francisco (Washington vs San Francisco) land in the 10-20¢ bucket at game start (2026-06-10)?
Sooth_QGen#1446432aa232	Will the Kalshi YES mid-market price for Milwaukee (Milwaukee vs Colorado) land in the 0-10¢ bucket at game start (2026-06-07)?
Sooth_QGen#1453f12ed5bf	Will the Kalshi YES mid-market price for Tampa Bay (Los Angeles A vs Tampa Bay) land in the 80-90¢ bucket at game start (2026-05-29)?
Sooth_QGen#14686443ccf1	Will the Kalshi YES mid-market price for Washington (Miami vs Washington) land in the 90-100¢ bucket at game start (2026-06-02)?
Sooth_QGen#147628dea3fd	Will the Kalshi YES mid-market price for Atlanta (Will Atlanta win the Atlanta vs Pittsburgh Pro Football game) land in the 90-100¢ bucket at game start (2026-09-13)?
Sooth_QGen#1485166deb4f	Will the Kalshi YES mid-market price for Detroit (Minnesota vs Detroit) land in the 10-20¢ bucket at game start (2026-06-09)?
Sooth_QGen#148fa2924094	Will the Kalshi YES mid-market price for San Francisco (Will San Francisco win the San Francisco vs Los Angeles R Pro Football game) land in the 20-30¢ bucket at game start (2026-09-11)?
Sooth_QGen#149e93dbc20b	Will the Kalshi YES mid-market price for Roman Andres Burruchaga (Will Roman Andres Burruchaga win the Auger-Aliassime vs Burruchaga: Round Of 64 match) land in the 30-40¢ bucket at game start (2026-05-28)?
Sooth_QGen#14a7c18d7d6e	Will the Kalshi YES mid-market price for Chicago WS (Los Angeles D vs Chicago WS) land in the 50-60¢ bucket at game start (2026-06-12)?
Sooth_QGen#14ae5e760969	Will the Kalshi YES mid-market price for Los Angeles A (Tampa Bay vs Los Angeles A) land in the 0-10¢ bucket at game start (2026-06-14)?
Sooth_QGen#14c1d0297777	Will the Kalshi YES mid-market price for MTL Canadiens (Game 4: Carolina at Montreal) land in the 50-60¢ bucket at game start (2026-05-28)?
Sooth_QGen#14c401d52a88	Will the Kalshi YES mid-market price for Philadelphia (San Diego vs Philadelphia) land in the 30-40¢ bucket at game start (2026-06-02)?
Sooth_QGen#14cb0e58bb75	Will the Kalshi YES mid-market price for Milwaukee (Milwaukee vs Houston) land in the 20-30¢ bucket at game start (2026-05-30)?
Sooth_QGen#14cfdc105aea	Will the Kalshi YES mid-market price for Philadelphia (Philadelphia vs San Diego) land in the 30-40¢ bucket at game start (2026-05-27)?
Sooth_QGen#14d53eb79f51	Will the Kalshi YES mid-market price for Arizona (Arizona vs Miami) land in the 60-70¢ bucket at game start (2026-06-09)?
Sooth_QGen#14d70fd1b612	Will the Kalshi YES mid-market price for Minnesota (Chicago WS vs Minnesota) land in the 20-30¢ bucket at game start (2026-06-03)?
Sooth_QGen#14d9995e176d	Will the Kalshi YES mid-market price for Detroit (Detroit vs Cleveland) land in the 90-100¢ bucket at game start (2026-06-12)?
Sooth_QGen#14df53fd9ec8	Will the Kalshi YES mid-market price for Los Angeles D (Los Angeles D vs Arizona) land in the 50-60¢ bucket at game start (2026-06-02)?
Sooth_QGen#14e2ca193418	Will the Kalshi YES mid-market price for Los Angeles D (Colorado vs Los Angeles D) land in the 90-100¢ bucket at game start (2026-05-28)?
Sooth_QGen#14e3b9d0135e	Will the Kalshi YES mid-market price for Cleveland (Cleveland vs Texas) land in the 70-80¢ bucket at game start (2026-06-06)?
Sooth_QGen#15101cdd30d1	Will the Kalshi 'OKC Thunder to win Game 3 of the 2026 NBA Western Conference Finals vs San Antonio Spurs' YES contract (ticker: KXNBAGAME-26MAY22OKCSAS) trade at or above 0.50 at tip-off (8:30 PM ET, May 22, 2026)?
Sooth_QGen#1518873d098f	Will the Kalshi YES mid-market price for Minnesota (St. Louis vs Minnesota) land in the 40-50¢ bucket at game start (2026-06-13)?
Sooth_QGen#1518b5a92ca3	Will the Kalshi YES mid-market price for Arizona (Arizona vs Cincinnati) land in the 60-70¢ bucket at game start (2026-06-13)?
Sooth_QGen#151cbedea415	Will the Kalshi YES mid-market price for Milwaukee (Milwaukee vs Houston) land in the 60-70¢ bucket at game start (2026-05-30)?
Sooth_QGen#15251f6d32db	Will the Kalshi YES mid-market price for New York Y (New York Y vs A's) land in the 0-10¢ bucket at game start (2026-05-30)?
Sooth_QGen#152da74496e6	Will the Kalshi YES mid-market price for Milwaukee (Philadelphia vs Milwaukee) land in the 0-10¢ bucket at game start (2026-06-13)?
Sooth_QGen#153124cbfb17	Will the Kalshi YES mid-market price for Washington (San Diego vs Washington) land in the 10-20¢ bucket at game start (2026-05-31)?
Sooth_QGen#155e50568824	Will the Kalshi YES mid-market price for A's (New York Y vs A's) land in the 60-70¢ bucket at game start (2026-05-30)?
Sooth_QGen#155f3f8a4016	Will the Kalshi YES mid-market price for Washington (San Diego vs Washington) land in the 40-50¢ bucket at game start (2026-05-31)?
Sooth_QGen#15623127bb61	Will the Kalshi YES mid-market price for New York (Game 5: New York at San Antonio) land in the 20-30¢ bucket at game start (2026-06-14)?
Sooth_QGen#1568e251442f	Will the Kalshi YES mid-market price for Houston (A's vs Houston) land in the 40-50¢ bucket at game start (2026-06-06)?
Sooth_QGen#156d18acc617	Will the Kalshi YES mid-market price for Texas (Texas vs Boston) land in the 60-70¢ bucket at game start (2026-06-13)?
Sooth_QGen#1570fde8e9a3	Will the Kalshi YES mid-market price for Green Bay (Will Green Bay win the Green Bay vs Minnesota Pro Football game) land in the 60-70¢ bucket at game start (2026-09-13)?
Sooth_QGen#15746aeb60ec	Will the Kalshi YES mid-market price for Milwaukee (Milwaukee vs A's) land in the 70-80¢ bucket at game start (2026-06-10)?
Sooth_QGen#158af1da0755	Will the Kalshi YES mid-market price for Miami (Miami vs Washington) land in the 60-70¢ bucket at game start (2026-06-03)?
Sooth_QGen#158b4da89559	Will the Kalshi YES mid-market price for Texas (Texas vs St. Louis) land in the 40-50¢ bucket at game start (2026-06-02)?
Sooth_QGen#158fcb4a1b0f	Will the Kalshi YES mid-market price for San Antonio (Game 4: San Antonio at New York) land in the 50-60¢ bucket at game start (2026-06-11)?
Sooth_QGen#15902465551c	Will the Kalshi YES mid-market price for MTL Canadiens (Game 5: Montreal at Carolina) land in the 0-10¢ bucket at game start (2026-05-30)?
Sooth_QGen#159383722726	Will the Kalshi YES mid-market price for VGK Golden Knights (Game 2: Vegas at Carolina) land in the 90-100¢ bucket at game start (2026-06-05)?
Sooth_QGen#15a2de8742b1	Will the Kalshi YES mid-market price for Baltimore (San Diego vs Baltimore) land in the 0-10¢ bucket at game start (2026-06-14)?
Sooth_QGen#15aca4576c33	Will the Kalshi YES mid-market price for Tampa Bay (Will Tampa Bay win the Tampa Bay vs Cincinnati Pro Football game) land in the 0-10¢ bucket at game start (2026-09-13)?
Sooth_QGen#15bfb2291ed0	Will the Kalshi YES mid-market price for St. Louis (Chicago C vs St. Louis) land in the 90-100¢ bucket at game start (2026-05-31)?
Sooth_QGen#15d25f3b829e	Will the Kalshi YES mid-market price for Arizona (Arizona vs Miami) land in the 20-30¢ bucket at game start (2026-06-11)?
Sooth_QGen#15d844c117a2	Will the Kalshi YES mid-market price for Houston (Pittsburgh vs Houston) land in the 50-60¢ bucket at game start (2026-06-04)?
Sooth_QGen#15d938d5b203	Will the Kalshi YES mid-market price for New York Y (Cleveland vs New York Y) land in the 60-70¢ bucket at game start (2026-06-04)?
Sooth_QGen#15e5b8daa9d3	Will the Kalshi YES mid-market price for Jakub Mensik (Will Jakub Mensik win the Mensik vs Zverev: Semifinal match) land in the 0-10¢ bucket at game start (2026-06-05)?
Sooth_QGen#15ed145aee54	Will the Kalshi YES mid-market price for Arizona (Washington vs Arizona) land in the 10-20¢ bucket at game start (2026-06-06)?
Sooth_QGen#15f06d2d0854	Will the Kalshi YES mid-market price for Arizona (Will Arizona win the Arizona vs Los Angeles C Pro Football game) land in the 30-40¢ bucket at game start (2026-09-13)?
Sooth_QGen#15f41512698a	Will the Kalshi YES mid-market price for A's (New York Y vs A's) land in the 20-30¢ bucket at game start (2026-05-30)?
Sooth_QGen#162adb1cc434	Will the Kalshi YES mid-market price for Baltimore (Baltimore vs Toronto) land in the 0-10¢ bucket at game start (2026-06-05)?
Sooth_QGen#1632281c632c	Will the Kalshi YES mid-market price for Kansas City (Kansas City vs Cincinnati) land in the 70-80¢ bucket at game start (2026-06-03)?
Sooth_QGen#16388d520902	Will the Kalshi YES mid-market price for Texas (Minnesota vs Texas) land in the 90-100¢ bucket at game start (2026-06-16)?
Sooth_QGen#163fc0fa21e8	Will the Kalshi YES mid-market price for Detroit (Detroit vs Cleveland) land in the 30-40¢ bucket at game start (2026-06-13)?
Sooth_QGen#164fd3dbbc0f	Will the Kalshi YES mid-market price for Chicago C (Colorado vs Chicago C) land in the 60-70¢ bucket at game start (2026-06-16)?
Sooth_QGen#16586ca0634a	Will the Kalshi YES mid-market price for Cincinnati (Cincinnati vs San Diego) land in the 60-70¢ bucket at game start (2026-06-10)?
Sooth_QGen#165f2b4a4694	Will the Kalshi YES mid-market price for New York M (New York M vs Seattle) land in the 70-80¢ bucket at game start (2026-06-02)?
Sooth_QGen#1670287d2dcf	Will the Kalshi YES mid-market price for Minnesota (Kansas City vs Minnesota) land in the 70-80¢ bucket at game start (2026-06-06)?
Sooth_QGen#167450f41386	Will the Kalshi YES mid-market price for Los Angeles A (Tampa Bay vs Los Angeles A) land in the 70-80¢ bucket at game start (2026-06-13)?
Sooth_QGen#16804d668852	Will the Kalshi YES mid-market price for Cleveland (Cleveland vs Texas) land in the 50-60¢ bucket at game start (2026-06-07)?
Sooth_QGen#1684887cbdcb	Will the Kalshi YES mid-market price for San Diego (New York M vs San Diego) land in the 20-30¢ bucket at game start (2026-06-07)?
Sooth_QGen#168ab660608c	Will the Kalshi YES mid-market price for Oklahoma City (Game 6: Oklahoma City at San Antonio) land in the 80-90¢ bucket at game start (2026-05-29)?
Sooth_QGen#16a3a5beb897	Will the Kalshi YES mid-market price for Colorado (San Francisco vs Colorado) land in the 60-70¢ bucket at game start (2026-05-31)?
Sooth_QGen#16a7c469caa2	Will the Kalshi YES mid-market price for Houston (A's vs Houston) land in the 90-100¢ bucket at game start (2026-06-07)?
Sooth_QGen#16ab11d9b72b	Will the Kalshi YES mid-market price for New York (Game 1: New York at San Antonio) land in the 90-100¢ bucket at game start (2026-06-04)?
Sooth_QGen#16b727a470bc	Will the Kalshi YES mid-market price for Baltimore (Toronto vs Baltimore) land in the 50-60¢ bucket at game start (2026-05-28)?
Sooth_QGen#16c75e6655f7	Will the Kalshi YES mid-market price for Washington (Washington vs San Francisco) land in the 40-50¢ bucket at game start (2026-06-09)?
Sooth_QGen#16cd252be90d	Will the Kalshi YES mid-market price for Houston (Houston vs Los Angeles A) land in the 10-20¢ bucket at game start (2026-06-09)?
Sooth_QGen#16e0008b3659	Will the Kalshi YES mid-market price for Arizona (Los Angeles D vs Arizona) land in the 10-20¢ bucket at game start (2026-06-02)?
Sooth_QGen#16f36467bd07	Will the Kalshi YES mid-market price for Toronto (Philadelphia vs Toronto) land in the 70-80¢ bucket at game start (2026-06-10)?
Sooth_QGen#16f7485a7a6e	Will the Kalshi YES mid-market price for St. Louis (St. Louis vs New York M) land in the 0-10¢ bucket at game start (2026-06-11)?
Sooth_QGen#16f882572ace	Will the Kalshi YES mid-market price for Colorado (Colorado vs Los Angeles A) land in the 30-40¢ bucket at game start (2026-06-03)?
Sooth_QGen#16fe474cc32d	Will the Kalshi YES mid-market price for Los Angeles A (Tampa Bay vs Los Angeles A) land in the 0-10¢ bucket at game start (2026-06-14)?
Sooth_QGen#171299b1d26e	Will the Kalshi YES mid-market price for Arizona (Arizona vs Cincinnati) land in the 70-80¢ bucket at game start (2026-06-13)?
Sooth_QGen#172aba1520ec	Will the Kalshi YES mid-market price for St. Louis (Texas vs St. Louis) land in the 90-100¢ bucket at game start (2026-06-03)?
Sooth_QGen#173c5ac1deda	Will the Kalshi YES mid-market price for Cleveland (Cleveland vs New York Y) land in the 90-100¢ bucket at game start (2026-06-03)?
Sooth_QGen#173d20ac9321	Will the Kalshi YES mid-market price for Toronto (Toronto vs Baltimore) land in the 50-60¢ bucket at game start (2026-05-30)?
Sooth_QGen#173efba2ebdd	Will the Kalshi YES mid-market price for Boston (Baltimore vs Boston) land in the 10-20¢ bucket at game start (2026-06-02)?
Sooth_QGen#1747748e8500	Will the Kalshi YES mid-market price for Toronto (New York Y vs Toronto) land in the 50-60¢ bucket at game start (2026-06-12)?
Sooth_QGen#174f7711d3da	Will the Kalshi YES mid-market price for New York Y (New York Y vs A's) land in the 50-60¢ bucket at game start (2026-05-31)?
Sooth_QGen#174fb50689c0	Will the Kalshi YES mid-market price for Cleveland (New York Y vs Cleveland) land in the 70-80¢ bucket at game start (2026-06-09)?
Sooth_QGen#1752f40272eb	Will the Kalshi YES mid-market price for New York (Game 4: San Antonio at New York) land in the 90-100¢ bucket at game start (2026-06-11)?
Sooth_QGen#1753943230ef	Will the Kalshi YES mid-market price for Los Angeles A (Los Angeles A vs Tampa Bay) land in the 80-90¢ bucket at game start (2026-05-29)?
Sooth_QGen#179bece8ba25	Will the Kalshi YES mid-market price for Colorado (Milwaukee vs Colorado) land in the 10-20¢ bucket at game start (2026-06-07)?
Sooth_QGen#17aacb982a9f	Will the Kalshi YES mid-market price for Miami (Miami vs Pittsburgh) land in the 30-40¢ bucket at game start (2026-06-13)?
Sooth_QGen#17bea1f3d860	Will the Kalshi YES mid-market price for CAR Hurricanes (Game 3: Carolina at Vegas) land in the 20-30¢ bucket at game start (2026-06-07)?
Sooth_QGen#17c4216ef806	Will the Kalshi YES mid-market price for San Diego (San Diego vs Baltimore) land in the 10-20¢ bucket at game start (2026-06-12)?
Sooth_QGen#17da320b7f4a	Will the Kalshi YES mid-market price for San Antonio (Game 2: New York at San Antonio) land in the 10-20¢ bucket at game start (2026-06-06)?
Sooth_QGen#17e1aad214cf	Will the Kalshi YES mid-market price for MTL Canadiens (Game 5: Montreal at Carolina) land in the 70-80¢ bucket at game start (2026-05-30)?
Sooth_QGen#17ef325bc389	Will the Kalshi YES mid-market price for Minnesota (Minnesota vs Texas) land in the 90-100¢ bucket at game start (2026-06-16)?
Sooth_QGen#1801d0537b04	Will the Kalshi YES mid-market price for Boston (Boston vs New York Y) land in the 50-60¢ bucket at game start (2026-06-06)?
Sooth_QGen#18086b0826a8	Will the Kalshi YES mid-market price for Houston (Houston vs Kansas City) land in the 40-50¢ bucket at game start (2026-06-13)?
Sooth_QGen#18133adbfefe	Will the Kalshi YES mid-market price for Texas (Texas vs Boston) land in the 40-50¢ bucket at game start (2026-06-13)?
Sooth_QGen#181c53e72d98	Will the Kalshi YES mid-market price for Philadelphia (Philadelphia vs San Diego) land in the 90-100¢ bucket at game start (2026-05-27)?
Sooth_QGen#182def01480a	Will the Kalshi YES mid-market price for Detroit (Detroit vs Cleveland) land in the 70-80¢ bucket at game start (2026-06-12)?
Sooth_QGen#183862e6c246	Will the Kalshi YES mid-market price for Atlanta (Atlanta vs Cincinnati) land in the 60-70¢ bucket at game start (2026-05-31)?
Sooth_QGen#183a2cb58e5e	Will the Kalshi YES mid-market price for Tampa Bay (Detroit vs Tampa Bay) land in the 50-60¢ bucket at game start (2026-06-03)?
Sooth_QGen#18446137562e	Will the Kalshi YES mid-market price for Arizona (Washington vs Arizona) land in the 30-40¢ bucket at game start (2026-06-07)?
Sooth_QGen#1881af5079c7	Will the Kalshi YES mid-market price for Washington (San Diego vs Washington) land in the 80-90¢ bucket at game start (2026-05-29)?
Sooth_QGen#1882196a576d	Will the Kalshi YES mid-market price for Cincinnati (Will Cincinnati win the Tampa Bay vs Cincinnati Pro Football game) land in the 70-80¢ bucket at game start (2026-09-13)?
Sooth_QGen#188ce69f1aa3	Will the Kalshi YES mid-market price for Miami (Miami vs Toronto) land in the 0-10¢ bucket at game start (2026-05-27)?
Sooth_QGen#189462f74167	Will the Kalshi YES mid-market price for Cleveland (Detroit vs Cleveland) land in the 0-10¢ bucket at game start (2026-06-12)?
Sooth_QGen#18b0d6f30034	Will the Kalshi YES mid-market price for Tampa Bay (Tampa Bay vs Los Angeles A) land in the 30-40¢ bucket at game start (2026-06-13)?
Sooth_QGen#18c87fb64677	Will the Kalshi YES mid-market price for Boston (Boston vs Tampa Bay) land in the 30-40¢ bucket at game start (2026-06-09)?
Sooth_QGen#18ce432e69cf	Will the Kalshi YES mid-market price for Arizona (Arizona vs Seattle) land in the 20-30¢ bucket at game start (2026-05-30)?
Sooth_QGen#18d6f4c09c3e	Will the Kalshi YES mid-market price for Houston (Houston vs Kansas City) land in the 20-30¢ bucket at game start (2026-06-14)?
Sooth_QGen#18d8a811ecaf	Will the Kalshi YES mid-market price for Detroit (Minnesota vs Detroit) land in the 30-40¢ bucket at game start (2026-06-09)?
Sooth_QGen#18dd12f626e8	Will the Kalshi YES mid-market price for Los Angeles R (Will Los Angeles R win the San Francisco vs Los Angeles R Pro Football game) land in the 50-60¢ bucket at game start (2026-09-11)?
Sooth_QGen#18ea6a1581d0	Will the Kalshi YES mid-market price for New York Y (New York Y vs Kansas City) land in the 40-50¢ bucket at game start (2026-05-27)?
Sooth_QGen#18ec1b0e5abc	Will the Kalshi YES mid-market price for Baltimore (Baltimore vs Boston) land in the 40-50¢ bucket at game start (2026-06-03)?
Sooth_QGen#18ee6a37a42c	Will the Kalshi YES mid-market price for Cleveland (Cleveland vs Texas) land in the 0-10¢ bucket at game start (2026-06-06)?
Sooth_QGen#18ee9936c919	Will the Kalshi YES mid-market price for Colorado (Colorado vs A's) land in the 40-50¢ bucket at game start (2026-06-14)?
Sooth_QGen#18f3184a493b	Will the Kalshi YES mid-market price for San Francisco (San Francisco vs Milwaukee) land in the 80-90¢ bucket at game start (2026-06-03)?
Sooth_QGen#18fa6c116563	Will the Kalshi YES mid-market price for San Antonio (Game 1: New York at San Antonio) land in the 20-30¢ bucket at game start (2026-06-04)?
Sooth_QGen#18fbd46f4eb4	Will the Kalshi YES mid-market price for Cleveland (Boston vs Cleveland) land in the 10-20¢ bucket at game start (2026-05-30)?
Sooth_QGen#18fe63357a75	Will the Kalshi YES mid-market price for Los Angeles R (Will Los Angeles R win the San Francisco vs Los Angeles R Pro Football game) land in the 0-10¢ bucket at game start (2026-09-11)?
Sooth_QGen#190045d20753	Will the Kalshi YES mid-market price for Washington (Miami vs Washington) land in the 30-40¢ bucket at game start (2026-06-01)?
Sooth_QGen#190743ac0ece	Will the Kalshi YES mid-market price for Colorado (Milwaukee vs Colorado) land in the 80-90¢ bucket at game start (2026-06-07)?
Sooth_QGen#190c488da85b	Will the Kalshi YES mid-market price for Washington (Seattle vs Washington) land in the 70-80¢ bucket at game start (2026-06-13)?
Sooth_QGen#1911d79b2698	Will the Kalshi YES mid-market price for Chicago WS (Los Angeles D vs Chicago WS) land in the 0-10¢ bucket at game start (2026-06-13)?
Sooth_QGen#191d80ab5dcc	Will the Kalshi YES mid-market price for Kansas City (Kansas City vs Texas) land in the 70-80¢ bucket at game start (2026-05-31)?
Sooth_QGen#19253592a228	Will the Kalshi YES mid-market price for New Orleans (Will New Orleans win the New Orleans vs Detroit Pro Football game) land in the 60-70¢ bucket at game start (2026-09-13)?
Sooth_QGen#192a0d788cef	Will the Kalshi YES mid-market price for Colorado (Milwaukee vs Colorado) land in the 30-40¢ bucket at game start (2026-06-07)?
Sooth_QGen#1932ee526f0f	Will the Kalshi YES mid-market price for Kansas City (Texas vs Kansas City) land in the 20-30¢ bucket at game start (2026-06-11)?
Sooth_QGen#1942058c9a97	Will the Kalshi YES mid-market price for Chicago WS (Los Angeles D vs Chicago WS) land in the 60-70¢ bucket at game start (2026-06-13)?
Sooth_QGen#1956f09d831c	Will the Kalshi YES mid-market price for Atlanta (Atlanta vs Cincinnati) land in the 80-90¢ bucket at game start (2026-05-29)?
Sooth_QGen#195feecd9913	Will the Kalshi YES mid-market price for Tampa Bay (Boston vs Tampa Bay) land in the 30-40¢ bucket at game start (2026-06-09)?
Sooth_QGen#19609a4dc19f	Will the Kalshi YES mid-market price for Toronto (New York Y vs Toronto) land in the 20-30¢ bucket at game start (2026-06-12)?
Sooth_QGen#196f4d7b05af	Will the Kalshi YES mid-market price for San Francisco (San Francisco vs Milwaukee) land in the 60-70¢ bucket at game start (2026-06-02)?
Sooth_QGen#19721c5be044	Will the Kalshi YES mid-market price for Detroit (Minnesota vs Detroit) land in the 80-90¢ bucket at game start (2026-06-10)?
Sooth_QGen#1983effc9d23	Will the Kalshi YES mid-market price for San Francisco (San Francisco vs Milwaukee) land in the 10-20¢ bucket at game start (2026-06-03)?
Sooth_QGen#19910718c165	Will the Kalshi YES mid-market price for Atlanta (Atlanta vs Cincinnati) land in the 90-100¢ bucket at game start (2026-05-30)?
Sooth_QGen#19a6eb74952a	Will the Kalshi YES mid-market price for Chicago WS (Atlanta vs Chicago WS) land in the 40-50¢ bucket at game start (2026-06-09)?
Sooth_QGen#19a8367a7372	Will the Kalshi YES mid-market price for Colorado (Colorado vs A's) land in the 90-100¢ bucket at game start (2026-06-14)?
Sooth_QGen#19ab299356eb	Will the Kalshi YES mid-market price for San Francisco (San Francisco vs Colorado) land in the 10-20¢ bucket at game start (2026-05-31)?
Sooth_QGen#19b02e5aa444	Will the Kalshi YES mid-market price for Chicago C (San Francisco vs Chicago C) land in the 50-60¢ bucket at game start (2026-06-08)?
Sooth_QGen#19c3fd551023	Will the Kalshi YES mid-market price for Cincinnati (Arizona vs Cincinnati) land in the 30-40¢ bucket at game start (2026-06-14)?
Sooth_QGen#19c862e62ac3	Will the Kalshi YES mid-market price for A's (Colorado vs A's) land in the 50-60¢ bucket at game start (2026-06-13)?
Sooth_QGen#19d9066652e5	Will the Kalshi YES mid-market price for Detroit (Seattle vs Detroit) land in the 10-20¢ bucket at game start (2026-06-05)?
Sooth_QGen#19d92d4dde46	Will the Kalshi YES mid-market price for Milwaukee (Milwaukee vs Colorado) land in the 80-90¢ bucket at game start (2026-06-07)?
Sooth_QGen#19d9b704cfb0	Will the Kalshi YES mid-market price for Los Angeles D (Los Angeles D vs Pittsburgh) land in the 50-60¢ bucket at game start (2026-06-09)?
Sooth_QGen#19e84cc35918	Will the Kalshi YES mid-market price for Washington (Washington vs San Francisco) land in the 30-40¢ bucket at game start (2026-06-10)?
Sooth_QGen#19fe4252e5f2	Will the Kalshi YES mid-market price for New York M (New York M vs Seattle) land in the 30-40¢ bucket at game start (2026-06-03)?
Sooth_QGen#1a1c6032b6d6	Will the Kalshi YES mid-market price for St. Louis (Cincinnati vs St. Louis) land in the 0-10¢ bucket at game start (2026-06-06)?
Sooth_QGen#1a1eb0574ad5	Will the Kalshi YES mid-market price for Cleveland (Cleveland vs Texas) land in the 10-20¢ bucket at game start (2026-06-06)?
Sooth_QGen#1a1f1f78f638	Will the Kalshi YES mid-market price for Chicago C (Chicago C vs Colorado) land in the 50-60¢ bucket at game start (2026-06-11)?
Sooth_QGen#1a20c44d368f	Will the Kalshi YES mid-market price for Minnesota (St. Louis vs Minnesota) land in the 90-100¢ bucket at game start (2026-06-13)?
Sooth_QGen#1a2e0df82e41	Will the Kalshi YES mid-market price for Detroit (Detroit vs Tampa Bay) land in the 10-20¢ bucket at game start (2026-06-01)?
Sooth_QGen#1a34c992772c	Will the Kalshi YES mid-market price for Minnesota (St. Louis vs Minnesota) land in the 80-90¢ bucket at game start (2026-06-14)?
Sooth_QGen#1a5807dc23e7	Will the Kalshi YES mid-market price for Detroit (Detroit vs Chicago WS) land in the 20-30¢ bucket at game start (2026-05-31)?
Sooth_QGen#1a7733828d71	Will the Kalshi YES mid-market price for New York M (New York M vs San Diego) land in the 90-100¢ bucket at game start (2026-06-07)?
Sooth_QGen#1a7c99f9e6d8	Will the Kalshi YES mid-market price for Houston (Pittsburgh vs Houston) land in the 10-20¢ bucket at game start (2026-06-05)?
Sooth_QGen#1a7cf06499b2	Will the Kalshi YES mid-market price for Philadelphia (Philadelphia vs Toronto) land in the 60-70¢ bucket at game start (2026-06-08)?
Sooth_QGen#1a826ffb1708	Will the Kalshi YES mid-market price for New York Y (New York Y vs Cleveland) land in the 70-80¢ bucket at game start (2026-06-08)?
Sooth_QGen#1a9e3977243c	Will the Kalshi YES mid-market price for Los Angeles D (Los Angeles D vs Pittsburgh) land in the 0-10¢ bucket at game start (2026-06-10)?
Sooth_QGen#1a9e481dddc4	Will the Kalshi YES mid-market price for Kansas City (Texas vs Kansas City) land in the 30-40¢ bucket at game start (2026-06-11)?
Sooth_QGen#1aa07e390627	Will the Kalshi YES mid-market price for Arizona (Will Arizona win the Arizona vs Los Angeles C Pro Football game) land in the 80-90¢ bucket at game start (2026-09-13)?
Sooth_QGen#1aaba1c62ded	Will the Kalshi YES mid-market price for Detroit (Minnesota vs Detroit) land in the 20-30¢ bucket at game start (2026-06-10)?
Sooth_QGen#1ab624a16e68	Will the Kalshi YES mid-market price for St. Louis (Cincinnati vs St. Louis) land in the 0-10¢ bucket at game start (2026-06-07)?
Sooth_QGen#1ab9a480e7b0	Will the Kalshi YES mid-market price for New York M (New York M vs San Diego) land in the 30-40¢ bucket at game start (2026-06-07)?
Sooth_QGen#1abe75e585bf	Will the Kalshi YES mid-market price for Washington (Washington vs Arizona) land in the 70-80¢ bucket at game start (2026-06-07)?
Sooth_QGen#1ae7500acf0e	Will the Kalshi YES mid-market price for Kansas City (Kansas City vs Minnesota) land in the 80-90¢ bucket at game start (2026-06-07)?
Sooth_QGen#1ae7fa8a0a2d	Will the Kalshi YES mid-market price for Toronto (Philadelphia vs Toronto) land in the 70-80¢ bucket at game start (2026-06-09)?
Sooth_QGen#1aee94f210f7	Will the Kalshi YES mid-market price for Los Angeles A (Tampa Bay vs Los Angeles A) land in the 90-100¢ bucket at game start (2026-06-14)?
Sooth_QGen#1aff68b1d49a	Will the Kalshi YES mid-market price for Jacksonville (Will Jacksonville win the Cleveland vs Jacksonville Pro Football game) land in the 70-80¢ bucket at game start (2026-09-13)?
Sooth_QGen#1b04dcb6d933	Will the Kalshi YES mid-market price for Baltimore (Baltimore vs Boston) land in the 0-10¢ bucket at game start (2026-06-04)?
Sooth_QGen#1b106158b537	Will the Kalshi YES mid-market price for Atlanta (Atlanta vs New York M) land in the 0-10¢ bucket at game start (2026-06-12)?
Sooth_QGen#1b11189d4442	Will the Kalshi YES mid-market price for Tampa Bay (Tampa Bay vs Miami) land in the 70-80¢ bucket at game start (2026-06-06)?
Sooth_QGen#1b19c570b22e	Will the Kalshi YES mid-market price for New York M (New York M vs Seattle) land in the 50-60¢ bucket at game start (2026-06-02)?
Sooth_QGen#1b1fb96a9f53	Will the Kalshi YES mid-market price for Minnesota (Chicago WS vs Minnesota) land in the 50-60¢ bucket at game start (2026-06-03)?
Sooth_QGen#1b277b8590d4	Will the Kalshi YES mid-market price for Kansas City (Houston vs Kansas City) land in the 20-30¢ bucket at game start (2026-06-13)?
Sooth_QGen#1b2ae202e442	Will the Kalshi YES mid-market price for St. Louis (St. Louis vs Minnesota) land in the 70-80¢ bucket at game start (2026-06-14)?
Sooth_QGen#1b2c47bf7af6	Will the Kalshi YES mid-market price for Kansas City (Kansas City vs Minnesota) land in the 70-80¢ bucket at game start (2026-06-07)?
Sooth_QGen#1b374cd0c777	Will the Kalshi YES mid-market price for San Diego (New York M vs San Diego) land in the 30-40¢ bucket at game start (2026-06-07)?
Sooth_QGen#1b484e23aaa4	Will the Kalshi YES mid-market price for Minnesota (Minnesota vs Detroit) land in the 60-70¢ bucket at game start (2026-06-10)?
Sooth_QGen#1b5de562c415	Will the Kalshi YES mid-market price for Toronto (Toronto vs Atlanta) land in the 80-90¢ bucket at game start (2026-06-03)?
Sooth_QGen#1b665147199b	Will the Kalshi YES mid-market price for Colorado (Milwaukee vs Colorado) land in the 20-30¢ bucket at game start (2026-06-06)?
Sooth_QGen#1b6798559a14	Will the Kalshi YES mid-market price for Colorado (Colorado vs A's) land in the 10-20¢ bucket at game start (2026-06-14)?
Sooth_QGen#1b6ba0b0c1bb	Will the Kalshi YES mid-market price for Detroit (Seattle vs Detroit) land in the 70-80¢ bucket at game start (2026-06-07)?
Sooth_QGen#1ba980be6776	Will the Kalshi YES mid-market price for Milwaukee (Philadelphia vs Milwaukee) land in the 20-30¢ bucket at game start (2026-06-12)?
Sooth_QGen#1bbf6dee788e	Will the Kalshi YES mid-market price for San Diego (New York M vs San Diego) land in the 40-50¢ bucket at game start (2026-06-07)?
Sooth_QGen#1bc450fb7b22	Will the Kalshi YES mid-market price for Houston (Pittsburgh vs Houston) land in the 50-60¢ bucket at game start (2026-06-03)?
Sooth_QGen#1bd0a037bce1	Will the Kalshi YES mid-market price for Pittsburgh (Minnesota vs Pittsburgh) land in the 20-30¢ bucket at game start (2026-05-31)?
Sooth_QGen#1bd572c01064	Will the Kalshi YES mid-market price for New York J (Will New York J win the New York J vs Tennessee Pro Football game) land in the 30-40¢ bucket at game start (2026-09-13)?
Sooth_QGen#1bd8a2d8b05a	Will the Kalshi YES mid-market price for St. Louis (Texas vs St. Louis) land in the 30-40¢ bucket at game start (2026-06-01)?
Sooth_QGen#1bde58ca9864	Will the Kalshi YES mid-market price for Philadelphia (Philadelphia vs Toronto) land in the 90-100¢ bucket at game start (2026-06-10)?
Sooth_QGen#1bfa0c4727d3	Will the Kalshi YES mid-market price for Baltimore (Baltimore vs Toronto) land in the 60-70¢ bucket at game start (2026-06-05)?
Sooth_QGen#1bfd369390fc	Will the Kalshi YES mid-market price for Toronto (Toronto vs Baltimore) land in the 70-80¢ bucket at game start (2026-05-30)?
Sooth_QGen#1c01ccb55b18	Will the Kalshi YES mid-market price for San Diego (San Diego vs Washington) land in the 80-90¢ bucket at game start (2026-05-31)?
Sooth_QGen#1c104b86c9f8	Will the Kalshi YES mid-market price for Arizona (Los Angeles D vs Arizona) land in the 60-70¢ bucket at game start (2026-06-03)?
Sooth_QGen#1c11ba72fa8a	Will the Kalshi YES mid-market price for Atlanta (Pittsburgh vs Atlanta) land in the 20-30¢ bucket at game start (2026-06-05)?
Sooth_QGen#1c1a9893b96a	Will the Kalshi YES mid-market price for Houston (Pittsburgh vs Houston) land in the 40-50¢ bucket at game start (2026-06-03)?
Sooth_QGen#1c30339b6ad8	Will the Kalshi YES mid-market price for San Francisco (Arizona vs San Francisco) land in the 0-10¢ bucket at game start (2026-05-27)?
Sooth_QGen#1c30b429757f	Will the Kalshi YES mid-market price for Boston (Boston vs Tampa Bay) land in the 10-20¢ bucket at game start (2026-06-09)?
Sooth_QGen#1c4bb6cef5ac	Will the Kalshi YES mid-market price for Colorado (San Francisco vs Colorado) land in the 50-60¢ bucket at game start (2026-05-31)?
Sooth_QGen#1c4ef812897c	Will the Kalshi YES mid-market price for Toronto (Philadelphia vs Toronto) land in the 0-10¢ bucket at game start (2026-06-09)?
Sooth_QGen#1c7805ab006d	Will the Kalshi YES mid-market price for Chicago C (Chicago C vs San Francisco) land in the 30-40¢ bucket at game start (2026-06-14)?
Sooth_QGen#1c8585f9e414	Will the Kalshi YES mid-market price for Pittsburgh (Los Angeles D vs Pittsburgh) land in the 20-30¢ bucket at game start (2026-06-10)?
Sooth_QGen#1c898f4551d1	Will the Kalshi YES mid-market price for Juan Manuel Cerundolo (Will Juan Manuel Cerundolo win the Sinner vs Cerundolo: Round Of 64 match) land in the 80-90¢ bucket at game start (2026-05-28)?
Sooth_QGen#1c8aa85c665b	Will the Kalshi YES mid-market price for Atlanta (Atlanta vs New York M) land in the 70-80¢ bucket at game start (2026-06-13)?
Sooth_QGen#1c90ef202399	Will the Kalshi YES mid-market price for Chicago C (Colorado vs Chicago C) land in the 10-20¢ bucket at game start (2026-06-16)?
Sooth_QGen#1c9b1876518e	Will the Kalshi YES mid-market price for San Diego (Cincinnati vs San Diego) land in the 50-60¢ bucket at game start (2026-06-10)?
Sooth_QGen#1c9f86148d3f	Will the Kalshi YES mid-market price for San Francisco (Chicago C vs San Francisco) land in the 80-90¢ bucket at game start (2026-06-13)?
Sooth_QGen#1cc719ef8306	Will the Kalshi YES mid-market price for San Antonio (Game 3: San Antonio at New York) land in the 30-40¢ bucket at game start (2026-06-09)?
Sooth_QGen#1cca47b51b8c	Will the Kalshi YES mid-market price for Texas (Texas vs Boston) land in the 0-10¢ bucket at game start (2026-06-13)?
Sooth_QGen#1ccb3827212e	Will the Kalshi YES mid-market price for Texas (Cleveland vs Texas) land in the 20-30¢ bucket at game start (2026-06-06)?
Sooth_QGen#1ccd92680a8b	Will the Kalshi YES mid-market price for Texas (Kansas City vs Texas) land in the 50-60¢ bucket at game start (2026-05-31)?
Sooth_QGen#1cd929256ccf	Will the Kalshi YES mid-market price for New York Y (Cleveland vs New York Y) land in the 40-50¢ bucket at game start (2026-06-03)?
Sooth_QGen#1cdaf5e556c4	Will the Kalshi YES mid-market price for New York (Game 2: New York at San Antonio) land in the 50-60¢ bucket at game start (2026-06-06)?
Sooth_QGen#1ce2a05ae299	Will the Kalshi YES mid-market price for New York Y (New York Y vs Cleveland) land in the 90-100¢ bucket at game start (2026-06-08)?
Sooth_QGen#1cea8b3db73a	Will the Kalshi YES mid-market price for Washington (Kansas City vs Washington) land in the 50-60¢ bucket at game start (2026-06-15)?
Sooth_QGen#1cec98ad0dcb	Will the Kalshi YES mid-market price for Arizona (Los Angeles D vs Arizona) land in the 50-60¢ bucket at game start (2026-06-02)?
Sooth_QGen#1cf550473f5c	Will the Kalshi YES mid-market price for Arizona (Los Angeles D vs Arizona) land in the 90-100¢ bucket at game start (2026-06-03)?
Sooth_QGen#1d00fc52be21	Will the Kalshi YES mid-market price for St. Louis (Texas vs St. Louis) land in the 80-90¢ bucket at game start (2026-06-02)?
Sooth_QGen#1d08b3a764da	Will the Kalshi YES mid-market price for Indianapolis (Will Indianapolis win the Baltimore vs Indianapolis Pro Football game) land in the 10-20¢ bucket at game start (2026-09-13)?
Sooth_QGen#1d1117b2579f	Will the Kalshi YES mid-market price for Milwaukee (Milwaukee vs Houston) land in the 60-70¢ bucket at game start (2026-05-31)?
Sooth_QGen#1d1747ba7667	Will the Kalshi YES mid-market price for New York (Game 1: New York at San Antonio) land in the 40-50¢ bucket at game start (2026-06-04)?
Sooth_QGen#1d18afed93d5	Will the Kalshi YES mid-market price for Cleveland (Will Cleveland win the Cleveland vs Jacksonville Pro Football game) land in the 50-60¢ bucket at game start (2026-09-13)?
Sooth_QGen#1d1fddf2ce8d	Will the Kalshi YES mid-market price for Cincinnati (Kansas City vs Cincinnati) land in the 60-70¢ bucket at game start (2026-06-02)?
Sooth_QGen#1d3ebd5a7b4e	Will the Kalshi YES mid-market price for New York M (New York M vs San Diego) land in the 20-30¢ bucket at game start (2026-06-06)?
Sooth_QGen#1d545213624c	Will the Kalshi YES mid-market price for Colorado (Chicago C vs Colorado) land in the 10-20¢ bucket at game start (2026-06-10)?
Sooth_QGen#1d5a33d9c3a6	Will the Kalshi YES mid-market price for Miami (Tampa Bay vs Miami) land in the 60-70¢ bucket at game start (2026-06-06)?
Sooth_QGen#1d610b0bbf14	Will the Kalshi YES mid-market price for Arizona (Arizona vs Cincinnati) land in the 30-40¢ bucket at game start (2026-06-13)?
Sooth_QGen#1d6184381ebd	Will the Kalshi YES mid-market price for Kansas City (Houston vs Kansas City) land in the 0-10¢ bucket at game start (2026-06-14)?
Sooth_QGen#1d69645bea49	Will the Kalshi YES mid-market price for Carolina (Will Carolina win the Chicago vs Carolina Pro Football game) land in the 60-70¢ bucket at game start (2026-09-13)?
Sooth_QGen#1d70c27f5fdd	Will the Kalshi YES mid-market price for Los Angeles D (Los Angeles D vs Pittsburgh) land in the 0-10¢ bucket at game start (2026-06-09)?
Sooth_QGen#1d710614a45f	Will the Kalshi YES mid-market price for Cincinnati (Atlanta vs Cincinnati) land in the 30-40¢ bucket at game start (2026-05-31)?
Sooth_QGen#1d739d535fd2	Will the Kalshi YES mid-market price for Toronto (Philadelphia vs Toronto) land in the 20-30¢ bucket at game start (2026-06-08)?
Sooth_QGen#1d778c6167ec	Will the Kalshi YES mid-market price for Boston (Texas vs Boston) land in the 40-50¢ bucket at game start (2026-06-12)?
Sooth_QGen#1d9d828bba98	Will the Kalshi YES mid-market price for Seattle (Seattle vs Baltimore) land in the 90-100¢ bucket at game start (2026-06-11)?
Sooth_QGen#1da4260d3422	Will the Kalshi YES mid-market price for New York M (Miami vs New York M) land in the 40-50¢ bucket at game start (2026-05-31)?
Sooth_QGen#1da624bf257e	Will the Kalshi YES mid-market price for VGK Golden Knights (Game 1: Vegas at Carolina) land in the 70-80¢ bucket at game start (2026-06-03)?
Sooth_QGen#1daa56d7a2a3	Will the Kalshi YES mid-market price for Los Angeles A (Los Angeles A vs Tampa Bay) land in the 50-60¢ bucket at game start (2026-05-30)?
Sooth_QGen#1dad516b03f5	Will the Kalshi YES mid-market price for Los Angeles D (Los Angeles A vs Los Angeles D) land in the 60-70¢ bucket at game start (2026-06-07)?
Sooth_QGen#1dc80004485d	Will the Kalshi YES mid-market price for Miami (Miami vs New York M) land in the 10-20¢ bucket at game start (2026-05-29)?
Sooth_QGen#1dc9478eb051	Will the Kalshi YES mid-market price for Philadelphia (Chicago WS vs Philadelphia) land in the 0-10¢ bucket at game start (2026-06-06)?
Sooth_QGen#1dd52d06520b	Will the Kalshi YES mid-market price for Boston (Boston vs Cleveland) land in the 10-20¢ bucket at game start (2026-05-30)?
Sooth_QGen#1dd5997e38d9	Will the Kalshi YES mid-market price for Los Angeles A (Los Angeles A vs Los Angeles D) land in the 50-60¢ bucket at game start (2026-06-07)?
Sooth_QGen#1dd621d294ec	Will the Kalshi YES mid-market price for Detroit (Detroit vs Cleveland) land in the 30-40¢ bucket at game start (2026-06-14)?
Sooth_QGen#1ddb9ee9ef8b	Will the Kalshi YES mid-market price for New York J (Will New York J win the New York J vs Tennessee Pro Football game) land in the 90-100¢ bucket at game start (2026-09-13)?
Sooth_QGen#1ddf1eb18cba	Will the Kalshi YES mid-market price for Chicago WS (Chicago WS vs Philadelphia) land in the 0-10¢ bucket at game start (2026-06-06)?
Sooth_QGen#1e02198b5d76	Will the Kalshi YES mid-market price for Atlanta (Atlanta vs New York M) land in the 60-70¢ bucket at game start (2026-06-14)?
Sooth_QGen#1e16e808683e	Will the Kalshi YES mid-market price for Toronto (New York Y vs Toronto) land in the 60-70¢ bucket at game start (2026-06-12)?
Sooth_QGen#1e19f1a1da67	Will the Kalshi YES mid-market price for Baltimore (San Diego vs Baltimore) land in the 70-80¢ bucket at game start (2026-06-14)?
Sooth_QGen#1e1bb1062973	Will the Kalshi YES mid-market price for Arizona (Los Angeles D vs Arizona) land in the 40-50¢ bucket at game start (2026-06-05)?
Sooth_QGen#1e247219ddaf	Will the Kalshi YES mid-market price for Toronto (Toronto vs Atlanta) land in the 60-70¢ bucket at game start (2026-06-02)?
Sooth_QGen#1e2f663c9474	Will the Kalshi YES mid-market price for New York (Game 3: San Antonio at New York) land in the 80-90¢ bucket at game start (2026-06-09)?
Sooth_QGen#1e429e14ff31	Will the Kalshi YES mid-market price for Miami (Arizona vs Miami) land in the 80-90¢ bucket at game start (2026-06-09)?
Sooth_QGen#1e52116d9242	Will the Kalshi YES mid-market price for Houston (A's vs Houston) land in the 10-20¢ bucket at game start (2026-06-07)?
Sooth_QGen#1e7691abae5c	Will the Kalshi YES mid-market price for A's (A's vs Houston) land in the 0-10¢ bucket at game start (2026-06-07)?
Sooth_QGen#1e7f7fd95e8d	Will the Kalshi YES mid-market price for Cincinnati (Kansas City vs Cincinnati) land in the 40-50¢ bucket at game start (2026-06-02)?
Sooth_QGen#1e7faa9e5414	Will the Kalshi YES mid-market price for Arizona (Washington vs Arizona) land in the 0-10¢ bucket at game start (2026-06-07)?
Sooth_QGen#1e7fb444f31c	Will the Kalshi YES mid-market price for Cleveland (Detroit vs Cleveland) land in the 60-70¢ bucket at game start (2026-06-13)?
Sooth_QGen#1e84952d524d	Will the Kalshi YES mid-market price for Colorado (Colorado vs Los Angeles A) land in the 70-80¢ bucket at game start (2026-06-02)?
Sooth_QGen#1e8d15b6243f	Will the Kalshi YES mid-market price for San Diego (New York M vs San Diego) land in the 60-70¢ bucket at game start (2026-06-06)?
Sooth_QGen#1ecd36f1c4ac	Will the Kalshi YES mid-market price for Cincinnati (Kansas City vs Cincinnati) land in the 70-80¢ bucket at game start (2026-06-02)?
Sooth_QGen#1ed5ec6089fc	Will the Kalshi YES mid-market price for Seattle (Seattle vs Detroit) land in the 30-40¢ bucket at game start (2026-06-06)?
Sooth_QGen#1ee46feae82e	Will the Kalshi YES mid-market price for Philadelphia (Miami vs Philadelphia) land in the 70-80¢ bucket at game start (2026-06-15)?
Sooth_QGen#1efa4952a67f	Will the Kalshi YES mid-market price for Detroit (Minnesota vs Detroit) land in the 0-10¢ bucket at game start (2026-06-10)?
Sooth_QGen#1f0ae0ad46af	Will the Kalshi YES mid-market price for Chicago WS (Chicago WS vs Minnesota) land in the 80-90¢ bucket at game start (2026-06-03)?
Sooth_QGen#1f0c1b006f6d	Will the Kalshi YES mid-market price for Cleveland (Boston vs Cleveland) land in the 30-40¢ bucket at game start (2026-05-30)?
Sooth_QGen#1f11e6108242	Will the Kalshi YES mid-market price for Cleveland (Cleveland vs New York Y) land in the 50-60¢ bucket at game start (2026-06-02)?
Sooth_QGen#1f1bd7a354ea	Will the Kalshi YES mid-market price for Luciano Darderi (Will Luciano Darderi win the Comesana vs Darderi: Round Of 64 match) land in the 70-80¢ bucket at game start (2026-05-28)?
Sooth_QGen#1f26c9e3a5cd	Will the Kalshi YES mid-market price for A's (Colorado vs A's) land in the 50-60¢ bucket at game start (2026-06-14)?
Sooth_QGen#1f3140b7c243	Will the Kalshi YES mid-market price for Baltimore (Tampa Bay vs Baltimore) land in the 60-70¢ bucket at game start (2026-05-27)?
Sooth_QGen#1f337bb831dc	Will the Kalshi YES mid-market price for Chicago WS (Atlanta vs Chicago WS) land in the 50-60¢ bucket at game start (2026-06-11)?
Sooth_QGen#1f533d8ab632	Will the Kalshi YES mid-market price for Buffalo (Will Buffalo win the Buffalo vs Houston Pro Football game) land in the 40-50¢ bucket at game start (2026-09-13)?
Sooth_QGen#1f5569cec19a	Will the Kalshi YES mid-market price for St. Louis (San Diego vs St. Louis) land in the 70-80¢ bucket at game start (2026-06-15)?
Sooth_QGen#1f58ec01aa06	Will the Kalshi YES mid-market price for San Antonio (Game 3: San Antonio at New York) land in the 50-60¢ bucket at game start (2026-06-09)?
Sooth_QGen#1f5da317b97c	Will the Kalshi YES mid-market price for Los Angeles C (Will Los Angeles C win the Arizona vs Los Angeles C Pro Football game) land in the 30-40¢ bucket at game start (2026-09-13)?
Sooth_QGen#1f6261ad0e9f	Will the Kalshi YES mid-market price for Boston (Boston vs Cleveland) land in the 30-40¢ bucket at game start (2026-05-31)?
Sooth_QGen#1f6b70a987db	Will the Kalshi YES mid-market price for San Francisco (San Francisco vs Milwaukee) land in the 30-40¢ bucket at game start (2026-06-04)?
Sooth_QGen#1f710a2b06ce	Will the Kalshi YES mid-market price for Chicago WS (Los Angeles D vs Chicago WS) land in the 90-100¢ bucket at game start (2026-06-14)?
Sooth_QGen#1f9869176b3f	Will the Kalshi YES mid-market price for Los Angeles A (Los Angeles A vs Los Angeles D) land in the 90-100¢ bucket at game start (2026-06-07)?
Sooth_QGen#1f9c5349293d	Will the Kalshi YES mid-market price for Boston (Baltimore vs Boston) land in the 50-60¢ bucket at game start (2026-06-02)?
Sooth_QGen#1f9d484b5527	Will the Kalshi YES mid-market price for Cleveland (Cleveland vs New York Y) land in the 70-80¢ bucket at game start (2026-06-04)?
Sooth_QGen#1fa2a9190be1	Will the Kalshi YES mid-market price for Cincinnati (Arizona vs Cincinnati) land in the 50-60¢ bucket at game start (2026-06-14)?
Sooth_QGen#1fb44f7a6bcc	Will the Kalshi YES mid-market price for Minnesota (Kansas City vs Minnesota) land in the 20-30¢ bucket at game start (2026-06-07)?
Sooth_QGen#1fbfc9a205d2	Will the Kalshi YES mid-market price for Seattle (Seattle vs Baltimore) land in the 40-50¢ bucket at game start (2026-06-11)?
Sooth_QGen#1fc7707cf716	Will the Kalshi YES mid-market price for Toronto (Miami vs Toronto) land in the 20-30¢ bucket at game start (2026-05-27)?
Sooth_QGen#1fc93403af7f	Will the Kalshi YES mid-market price for Miami (Miami vs Washington) land in the 10-20¢ bucket at game start (2026-06-02)?
Sooth_QGen#1fcfd4e5e97c	Will the Kalshi YES mid-market price for San Diego (San Diego vs Philadelphia) land in the 70-80¢ bucket at game start (2026-06-03)?
Sooth_QGen#1fd6b114738f	Will the Kalshi YES mid-market price for Cincinnati (Kansas City vs Cincinnati) land in the 70-80¢ bucket at game start (2026-06-03)?
Sooth_QGen#1ff9b2a42248	Will the Kalshi YES mid-market price for Cleveland (Cleveland vs New York Y) land in the 30-40¢ bucket at game start (2026-06-02)?
Sooth_QGen#200b6d5832d2	Will the Kalshi YES mid-market price for Boston (Texas vs Boston) land in the 70-80¢ bucket at game start (2026-06-12)?
Sooth_QGen#200c4439221b	Will the Kalshi YES mid-market price for Milwaukee (Milwaukee vs A's) land in the 80-90¢ bucket at game start (2026-06-09)?
Sooth_QGen#2012e314229a	Will the Kalshi YES mid-market price for Tampa Bay (Will Tampa Bay win the Tampa Bay vs Cincinnati Pro Football game) land in the 40-50¢ bucket at game start (2026-09-13)?
Sooth_QGen#201b9ffc3c6a	Will the Kalshi YES mid-market price for Boston (Boston vs Tampa Bay) land in the 0-10¢ bucket at game start (2026-06-08)?
Sooth_QGen#2021e6dc3073	Will the Kalshi YES mid-market price for Colorado (San Francisco vs Colorado) land in the 70-80¢ bucket at game start (2026-05-31)?
Sooth_QGen#2027a1442f46	Will the Kalshi YES mid-market price for Los Angeles A (Tampa Bay vs Los Angeles A) land in the 60-70¢ bucket at game start (2026-06-14)?
Sooth_QGen#20303a2766b0	Will the Kalshi YES mid-market price for Minnesota (Minnesota vs Pittsburgh) land in the 10-20¢ bucket at game start (2026-05-30)?
Sooth_QGen#2039ae511fba	Will the Kalshi YES mid-market price for Chicago C (San Francisco vs Chicago C) land in the 20-30¢ bucket at game start (2026-06-06)?
Sooth_QGen#205cc71f99b5	Will the Kalshi YES mid-market price for Cleveland (New York Y vs Cleveland) land in the 90-100¢ bucket at game start (2026-06-10)?
Sooth_QGen#206a35f361fe	Will the Kalshi YES mid-market price for Atlanta (Toronto vs Atlanta) land in the 70-80¢ bucket at game start (2026-06-02)?
Sooth_QGen#206bbef76603	Will the Kalshi YES mid-market price for San Diego (San Diego vs St. Louis) land in the 0-10¢ bucket at game start (2026-06-15)?
Sooth_QGen#207e3d0c6ba7	Will the Kalshi YES mid-market price for Milwaukee (Milwaukee vs Houston) land in the 80-90¢ bucket at game start (2026-05-31)?
Sooth_QGen#208fa9188bcf	Will the Kalshi YES mid-market price for Baltimore (Will Baltimore win the Baltimore vs Indianapolis Pro Football game) land in the 90-100¢ bucket at game start (2026-09-13)?
Sooth_QGen#209317e1ee1f	Will the Kalshi YES mid-market price for Toronto (Toronto vs Atlanta) land in the 20-30¢ bucket at game start (2026-06-03)?
Sooth_QGen#209614e50ed8	Will the Kalshi YES mid-market price for Kansas City (Kansas City vs Texas) land in the 40-50¢ bucket at game start (2026-05-30)?
Sooth_QGen#2099eb2657d1	Will the Kalshi YES mid-market price for Tampa Bay (Detroit vs Tampa Bay) land in the 30-40¢ bucket at game start (2026-06-02)?
Sooth_QGen#20a5e99a73c9	Will the Kalshi YES mid-market price for A's (A's vs Houston) land in the 50-60¢ bucket at game start (2026-06-06)?
Sooth_QGen#20b8bb233f37	Will the Kalshi YES mid-market price for Tampa Bay (Los Angeles A vs Tampa Bay) land in the 20-30¢ bucket at game start (2026-05-29)?
Sooth_QGen#20ce2ef59829	Will the Kalshi YES mid-market price for San Francisco (San Francisco vs Colorado) land in the 0-10¢ bucket at game start (2026-05-31)?
Sooth_QGen#20f2ccf17cb3	Will the Kalshi YES mid-market price for Chicago C (San Francisco vs Chicago C) land in the 90-100¢ bucket at game start (2026-06-05)?
Sooth_QGen#210e17601608	Will the Kalshi YES mid-market price for Pittsburgh (Pittsburgh vs A's) land in the 40-50¢ bucket at game start (2026-06-16)?
Sooth_QGen#21178cebd376	Will the Kalshi YES mid-market price for San Antonio (Game 5: New York at San Antonio) land in the 60-70¢ bucket at game start (2026-06-14)?
Sooth_QGen#211be18a8229	Will the Kalshi YES mid-market price for Chicago WS (Detroit vs Chicago WS) land in the 90-100¢ bucket at game start (2026-05-29)?
Sooth_QGen#215734a38dca	Will the Kalshi YES mid-market price for Detroit (Will Detroit win the New Orleans vs Detroit Pro Football game) land in the 60-70¢ bucket at game start (2026-09-13)?
Sooth_QGen#215d510f7838	Will the Kalshi YES mid-market price for Milwaukee (Milwaukee vs Colorado) land in the 70-80¢ bucket at game start (2026-06-06)?
Sooth_QGen#2179ad12e2a8	Will the Kalshi YES mid-market price for San Francisco (Arizona vs San Francisco) land in the 50-60¢ bucket at game start (2026-05-27)?
Sooth_QGen#218ec1b8fa3d	Will the Kalshi YES mid-market price for Pittsburgh (Pittsburgh vs A's) land in the 90-100¢ bucket at game start (2026-06-16)?
Sooth_QGen#218f018673e3	Will the Kalshi YES mid-market price for Minnesota (Kansas City vs Minnesota) land in the 30-40¢ bucket at game start (2026-06-06)?
Sooth_QGen#219c253941b6	Will the Kalshi YES mid-market price for New York (Game 3: San Antonio at New York) land in the 50-60¢ bucket at game start (2026-06-09)?
Sooth_QGen#21a0b0ca1656	Will the Kalshi YES mid-market price for Minnesota (Minnesota vs Pittsburgh) land in the 0-10¢ bucket at game start (2026-05-30)?
Sooth_QGen#21b80212c02d	Will the Kalshi YES mid-market price for Tampa Bay (Tampa Bay vs Los Angeles A) land in the 20-30¢ bucket at game start (2026-06-14)?
Sooth_QGen#21c78b35c7a4	Will the Kalshi YES mid-market price for Chicago C (Chicago C vs San Francisco) land in the 60-70¢ bucket at game start (2026-06-14)?
Sooth_QGen#21e20015c47f	Will the Kalshi YES mid-market price for Atlanta (Pittsburgh vs Atlanta) land in the 30-40¢ bucket at game start (2026-06-05)?
Sooth_QGen#21ed41c230b7	Will the Kalshi YES mid-market price for Boston (Boston vs Cleveland) land in the 50-60¢ bucket at game start (2026-05-29)?
Sooth_QGen#2205d3e246fa	Will the Kalshi YES mid-market price for San Francisco (San Francisco vs Milwaukee) land in the 70-80¢ bucket at game start (2026-06-02)?
Sooth_QGen#22063fc6c608	Will the Kalshi YES mid-market price for Kansas City (Texas vs Kansas City) land in the 80-90¢ bucket at game start (2026-06-10)?
Sooth_QGen#220d60bc2f3c	Will the Kalshi YES mid-market price for Los Angeles A (Los Angeles A vs Los Angeles D) land in the 0-10¢ bucket at game start (2026-06-07)?
Sooth_QGen#221712f7f100	Will the Kalshi YES mid-market price for VGK Golden Knights (Game 2: Vegas at Carolina) land in the 60-70¢ bucket at game start (2026-06-05)?
Sooth_QGen#2217d061a814	Will the Kalshi YES mid-market price for A's (Colorado vs A's) land in the 90-100¢ bucket at game start (2026-06-13)?
Sooth_QGen#221d1d3885b6	Will the Kalshi YES mid-market price for Milwaukee (Milwaukee vs Houston) land in the 90-100¢ bucket at game start (2026-05-30)?
Sooth_QGen#22383be2e51f	Will the Kalshi YES mid-market price for Carolina (Will Carolina win the Chicago vs Carolina Pro Football game) land in the 30-40¢ bucket at game start (2026-09-13)?
Sooth_QGen#224472495d70	Will the Kalshi YES mid-market price for Miami (Miami vs Washington) land in the 80-90¢ bucket at game start (2026-06-01)?
Sooth_QGen#224d661e82e6	Will the Kalshi YES mid-market price for Washington (Seattle vs Washington) land in the 80-90¢ bucket at game start (2026-06-14)?
Sooth_QGen#225af9a05328	Will the Kalshi YES mid-market price for Toronto (Miami vs Toronto) land in the 60-70¢ bucket at game start (2026-05-27)?
Sooth_QGen#226516b088dd	Will the Kalshi YES mid-market price for San Francisco (Washington vs San Francisco) land in the 30-40¢ bucket at game start (2026-06-10)?
Sooth_QGen#226d99e766b2	Will the Kalshi YES mid-market price for St. Louis (Texas vs St. Louis) land in the 80-90¢ bucket at game start (2026-06-03)?
Sooth_QGen#22733711e839	Will the Kalshi YES mid-market price for Pittsburgh (Pittsburgh vs Houston) land in the 10-20¢ bucket at game start (2026-06-03)?
Sooth_QGen#2276c6faac68	Will the Kalshi YES mid-market price for Texas (Texas vs Boston) land in the 40-50¢ bucket at game start (2026-06-12)?
Sooth_QGen#227853ebba34	Will the Kalshi YES mid-market price for Kansas City (Kansas City vs Cincinnati) land in the 30-40¢ bucket at game start (2026-06-03)?
Sooth_QGen#227cd2475dc0	Will the Kalshi YES mid-market price for San Diego (San Diego vs Washington) land in the 70-80¢ bucket at game start (2026-05-31)?
Sooth_QGen#227f57886fb2	Will the Kalshi YES mid-market price for Chicago C (Chicago C vs St. Louis) land in the 80-90¢ bucket at game start (2026-05-30)?
Sooth_QGen#22840d3e1341	Will the Kalshi YES mid-market price for Detroit (Detroit vs Tampa Bay) land in the 0-10¢ bucket at game start (2026-06-03)?
Sooth_QGen#228f489588cb	Will the Kalshi YES mid-market price for Colorado (San Francisco vs Colorado) land in the 20-30¢ bucket at game start (2026-05-31)?
Sooth_QGen#2299fc5cc562	Will the Kalshi YES mid-market price for San Antonio (Game 5: New York at San Antonio) land in the 30-40¢ bucket at game start (2026-06-14)?
Sooth_QGen#22a8ecd1bf89	Will the Kalshi YES mid-market price for San Francisco (Chicago C vs San Francisco) land in the 60-70¢ bucket at game start (2026-06-14)?
Sooth_QGen#22b6aa45aa37	Will the Kalshi YES mid-market price for Atlanta (Toronto vs Atlanta) land in the 90-100¢ bucket at game start (2026-06-04)?
Sooth_QGen#22c1aa6ca5e0	Will the Kalshi YES mid-market price for St. Louis (Chicago C vs St. Louis) land in the 10-20¢ bucket at game start (2026-05-30)?
Sooth_QGen#22c8710103c7	Will the Kalshi YES mid-market price for A's (Pittsburgh vs A's) land in the 90-100¢ bucket at game start (2026-06-16)?
Sooth_QGen#22d26f04b90c	Will the Kalshi YES mid-market price for Atlanta (Atlanta vs New York M) land in the 70-80¢ bucket at game start (2026-06-14)?
Sooth_QGen#22e0a5704321	Will the Kalshi YES mid-market price for Arizona (Arizona vs Cincinnati) land in the 10-20¢ bucket at game start (2026-06-12)?
Sooth_QGen#22eae1c52742	Will the Kalshi YES mid-market price for Kansas City (Kansas City vs Minnesota) land in the 40-50¢ bucket at game start (2026-06-06)?
Sooth_QGen#22eb0cd31ef4	Will the Kalshi YES mid-market price for Pittsburgh (Pittsburgh vs Atlanta) land in the 40-50¢ bucket at game start (2026-06-05)?
Sooth_QGen#22f6cfb0eefa	Will the Kalshi YES mid-market price for Chicago C (San Francisco vs Chicago C) land in the 60-70¢ bucket at game start (2026-06-06)?
Sooth_QGen#22fea3bbe59c	Will the Kalshi YES mid-market price for Arizona (Washington vs Arizona) land in the 50-60¢ bucket at game start (2026-06-07)?
Sooth_QGen#230924adfca9	Will the Kalshi YES mid-market price for Chicago WS (Chicago WS vs Philadelphia) land in the 80-90¢ bucket at game start (2026-06-05)?
Sooth_QGen#230c7729505a	Will the Kalshi YES mid-market price for Colorado (Milwaukee vs Colorado) land in the 70-80¢ bucket at game start (2026-06-06)?
Sooth_QGen#233bfb55c02e	Will the Kalshi YES mid-market price for San Diego (San Diego vs Baltimore) land in the 30-40¢ bucket at game start (2026-06-13)?
Sooth_QGen#23452385a0cf	Will the Kalshi YES mid-market price for Detroit (Seattle vs Detroit) land in the 20-30¢ bucket at game start (2026-06-05)?
Sooth_QGen#2346597f1d6a	Will the Kalshi YES mid-market price for New Orleans (Will New Orleans win the New Orleans vs Detroit Pro Football game) land in the 10-20¢ bucket at game start (2026-09-13)?
Sooth_QGen#2357b913db6c	Will the Kalshi YES mid-market price for Colorado (Colorado vs Chicago C) land in the 50-60¢ bucket at game start (2026-06-16)?
Sooth_QGen#23795acaf72f	Will the Kalshi YES mid-market price for Miami (Miami vs New York M) land in the 20-30¢ bucket at game start (2026-05-31)?
Sooth_QGen#2382490ce4a8	Will the Kalshi YES mid-market price for New York M (St. Louis vs New York M) land in the 70-80¢ bucket at game start (2026-06-09)?
Sooth_QGen#238dcdc31d30	Will the Kalshi YES mid-market price for New York M (Atlanta vs New York M) land in the 10-20¢ bucket at game start (2026-06-13)?
Sooth_QGen#23c10f372353	Will the Kalshi YES mid-market price for Boston (Boston vs Tampa Bay) land in the 20-30¢ bucket at game start (2026-06-09)?
Sooth_QGen#23d3bb7bd143	Will the Kalshi YES mid-market price for Washington (Washington vs San Francisco) land in the 0-10¢ bucket at game start (2026-06-09)?
Sooth_QGen#23f4eadac795	Will the Kalshi YES mid-market price for A's (Colorado vs A's) land in the 80-90¢ bucket at game start (2026-06-14)?
Sooth_QGen#23fa8abfd37a	Will the Kalshi YES mid-market price for St. Louis (Chicago C vs St. Louis) land in the 20-30¢ bucket at game start (2026-05-31)?
Sooth_QGen#2418a38ae7f5	Will the Kalshi YES mid-market price for Atlanta (Pittsburgh vs Atlanta) land in the 20-30¢ bucket at game start (2026-06-07)?
Sooth_QGen#241b63eef4b9	Will the Kalshi YES mid-market price for New York Y (New York Y vs Cleveland) land in the 80-90¢ bucket at game start (2026-06-09)?
Sooth_QGen#241ee4bba6e1	Will the Kalshi YES mid-market price for Washington (Miami vs Washington) land in the 0-10¢ bucket at game start (2026-06-02)?
Sooth_QGen#241f37c997bf	Will the Kalshi YES mid-market price for San Diego (San Diego vs St. Louis) land in the 70-80¢ bucket at game start (2026-06-15)?
Sooth_QGen#242d09f102c7	Will the Kalshi YES mid-market price for Tampa Bay (Detroit vs Tampa Bay) land in the 70-80¢ bucket at game start (2026-06-03)?
Sooth_QGen#2433a7bfdd26	Will the Kalshi YES mid-market price for Milwaukee (Milwaukee vs A's) land in the 60-70¢ bucket at game start (2026-06-11)?
Sooth_QGen#24364f3dee13	Will the Kalshi YES mid-market price for Detroit (Detroit vs Tampa Bay) land in the 20-30¢ bucket at game start (2026-06-01)?
Sooth_QGen#243a343a63ee	Will the Kalshi YES mid-market price for A's (Colorado vs A's) land in the 80-90¢ bucket at game start (2026-06-13)?
Sooth_QGen#2441fdf0811d	Will the Kalshi YES mid-market price for New York M (New York M vs San Diego) land in the 50-60¢ bucket at game start (2026-06-07)?
Sooth_QGen#2459a60a01c0	Will the Kalshi YES mid-market price for Cleveland (Cleveland vs Texas) land in the 50-60¢ bucket at game start (2026-06-06)?
Sooth_QGen#24604793391c	Will the Kalshi YES mid-market price for Kansas City (Kansas City vs Washington) land in the 20-30¢ bucket at game start (2026-06-15)?
Sooth_QGen#2463da7e99c1	Will the Kalshi YES mid-market price for Chicago WS (Chicago WS vs Minnesota) land in the 0-10¢ bucket at game start (2026-06-01)?
Sooth_QGen#24657f0b2b18	Will the Kalshi YES mid-market price for Jaime Faria (Will Jaime Faria win the Struff vs Faria: Round Of 64 match) land in the 80-90¢ bucket at game start (2026-05-28)?
Sooth_QGen#2476d5b65589	Will the Kalshi YES mid-market price for Los Angeles D (Los Angeles D vs Arizona) land in the 0-10¢ bucket at game start (2026-06-03)?
Sooth_QGen#247f4edf9673	Will the Kalshi YES mid-market price for Los Angeles D (Los Angeles D vs Chicago WS) land in the 20-30¢ bucket at game start (2026-06-13)?
Sooth_QGen#248992b1f168	Will the Kalshi YES mid-market price for Toronto (Baltimore vs Toronto) land in the 50-60¢ bucket at game start (2026-06-05)?
Sooth_QGen#2489fbd59812	Will the Kalshi YES mid-market price for Detroit (Detroit vs Chicago WS) land in the 70-80¢ bucket at game start (2026-05-30)?
Sooth_QGen#24a1e9b97feb	Will the Kalshi YES mid-market price for Baltimore (San Diego vs Baltimore) land in the 10-20¢ bucket at game start (2026-06-13)?
Sooth_QGen#24b70c02b7fb	Will the Kalshi YES mid-market price for Tampa Bay (Detroit vs Tampa Bay) land in the 80-90¢ bucket at game start (2026-06-03)?
Sooth_QGen#24bd8ef58112	Will the Kalshi YES mid-market price for Colorado (Colorado vs A's) land in the 20-30¢ bucket at game start (2026-06-14)?
Sooth_QGen#24d132cfc652	Will the Kalshi YES mid-market price for Kansas City (Texas vs Kansas City) land in the 30-40¢ bucket at game start (2026-06-09)?
Sooth_QGen#24d1d7863618	Will the Kalshi YES mid-market price for Felix Auger-Aliassime (Will Felix Auger-Aliassime win the Auger-Aliassime vs Burruchaga: Round Of 64 match) land in the 90-100¢ bucket at game start (2026-05-28)?
Sooth_QGen#24e9ad965e54	Will the Kalshi YES mid-market price for Los Angeles A (Los Angeles A vs Tampa Bay) land in the 90-100¢ bucket at game start (2026-05-30)?
Sooth_QGen#24f5c0c135fa	Will the Kalshi YES mid-market price for Detroit (Detroit vs Houston) land in the 10-20¢ bucket at game start (2026-06-16)?
Sooth_QGen#2507a019ca5c	Will the Kalshi YES mid-market price for New Orleans (Will New Orleans win the New Orleans vs Detroit Pro Football game) land in the 30-40¢ bucket at game start (2026-09-13)?
Sooth_QGen#2513e7bc183e	Will the Kalshi YES mid-market price for Atlanta (Toronto vs Atlanta) land in the 50-60¢ bucket at game start (2026-06-04)?
Sooth_QGen#2519a20ec883	Will the Kalshi YES mid-market price for Kansas City (Kansas City vs Washington) land in the 30-40¢ bucket at game start (2026-06-15)?
Sooth_QGen#253b1e49f3b5	Will the Kalshi YES mid-market price for Houston (A's vs Houston) land in the 50-60¢ bucket at game start (2026-06-06)?
Sooth_QGen#25418f58b785	Will the Kalshi YES mid-market price for Los Angeles D (Philadelphia vs Los Angeles D) land in the 30-40¢ bucket at game start (2026-05-31)?
Sooth_QGen#25462407a510	Will the Kalshi YES mid-market price for San Francisco (San Francisco vs Chicago C) land in the 40-50¢ bucket at game start (2026-06-06)?
Sooth_QGen#2547c706006e	Will the Kalshi YES mid-market price for Los Angeles D (Los Angeles D vs Pittsburgh) land in the 10-20¢ bucket at game start (2026-06-11)?
Sooth_QGen#25556bc4b4d1	Will the Kalshi YES mid-market price for Los Angeles D (Los Angeles D vs Chicago WS) land in the 50-60¢ bucket at game start (2026-06-13)?
Sooth_QGen#255aa4783e92	Will the Kalshi YES mid-market price for Seattle (Arizona vs Seattle) land in the 80-90¢ bucket at game start (2026-05-31)?
Sooth_QGen#256408047678	Will the Kalshi YES mid-market price for Colorado (Colorado vs A's) land in the 20-30¢ bucket at game start (2026-06-14)?
Sooth_QGen#2568d930e21a	Will the Kalshi YES mid-market price for Colorado (Milwaukee vs Colorado) land in the 80-90¢ bucket at game start (2026-06-06)?
Sooth_QGen#256a2bf67915	Will the Kalshi YES mid-market price for Colorado (Chicago C vs Colorado) land in the 40-50¢ bucket at game start (2026-06-10)?
Sooth_QGen#25723cdc08ab	Will the Kalshi YES mid-market price for Arizona (Arizona vs San Francisco) land in the 90-100¢ bucket at game start (2026-05-27)?
Sooth_QGen#257867f7048a	Will the Kalshi YES mid-market price for Detroit (Detroit vs Cleveland) land in the 80-90¢ bucket at game start (2026-06-14)?
Sooth_QGen#2585b871b875	Will the Kalshi YES mid-market for the New York Yankees to win their MLB game on May 27, 2026 be ≥ 55¢ at first pitch?
Sooth_QGen#258c91da698d	Will the Kalshi YES mid-market price for St. Louis (St. Louis vs Minnesota) land in the 80-90¢ bucket at game start (2026-06-13)?
Sooth_QGen#2595cd64600f	Will the Kalshi YES mid-market price for Miami (Tampa Bay vs Miami) land in the 10-20¢ bucket at game start (2026-06-07)?
Sooth_QGen#25a00c656cd0	Will the Kalshi YES mid-market price for St. Louis (St. Louis vs Milwaukee) land in the 10-20¢ bucket at game start (2026-05-27)?
Sooth_QGen#25a24a659280	Will the Kalshi YES mid-market price for Arizona (Washington vs Arizona) land in the 80-90¢ bucket at game start (2026-06-06)?
Sooth_QGen#25b2e56bfd5e	Will the Kalshi YES mid-market price for San Diego (New York M vs San Diego) land in the 30-40¢ bucket at game start (2026-06-07)?
Sooth_QGen#25b610a250d9	Will the Kalshi YES mid-market price for New York J (Will New York J win the New York J vs Tennessee Pro Football game) land in the 60-70¢ bucket at game start (2026-09-13)?
Sooth_QGen#25c52791a261	Will the Kalshi YES mid-market price for Atlanta (Atlanta vs Cincinnati) land in the 40-50¢ bucket at game start (2026-05-29)?
Sooth_QGen#25c62f319256	Will the Kalshi YES mid-market price for Tampa Bay (Los Angeles A vs Tampa Bay) land in the 90-100¢ bucket at game start (2026-05-31)?
Sooth_QGen#25c64be69928	Will the Kalshi YES mid-market price for San Diego (San Diego vs Baltimore) land in the 10-20¢ bucket at game start (2026-06-14)?
Sooth_QGen#25edbe108795	Will the Kalshi YES mid-market price for Boston (Boston vs Cleveland) land in the 70-80¢ bucket at game start (2026-05-31)?
Sooth_QGen#25ef43814b19	Will the Kalshi YES mid-market price for Baltimore (Baltimore vs Toronto) land in the 50-60¢ bucket at game start (2026-06-06)?
Sooth_QGen#25f2db3d95f1	Will the Kalshi YES mid-market price for San Francisco (Washington vs San Francisco) land in the 80-90¢ bucket at game start (2026-06-10)?
Sooth_QGen#25fafd07160f	Will the Kalshi YES mid-market price for Washington (Will Washington win the Washington vs Philadelphia Pro Football game) land in the 0-10¢ bucket at game start (2026-09-13)?
Sooth_QGen#25fafe3d5d57	Will the Kalshi YES mid-market price for New York M (Miami vs New York M) land in the 90-100¢ bucket at game start (2026-05-30)?
Sooth_QGen#261ba0a9c3be	Will the Kalshi YES mid-market price for Chicago WS (Atlanta vs Chicago WS) land in the 70-80¢ bucket at game start (2026-06-09)?
Sooth_QGen#262313e76bd2	Will the Kalshi YES mid-market price for Baltimore (San Diego vs Baltimore) land in the 20-30¢ bucket at game start (2026-06-13)?
Sooth_QGen#262835f56160	Will the Kalshi YES mid-market price for Los Angeles D (Los Angeles D vs Pittsburgh) land in the 90-100¢ bucket at game start (2026-06-11)?
Sooth_QGen#26297211b6ec	Will the Kalshi YES mid-market price for Pittsburgh (Pittsburgh vs Houston) land in the 10-20¢ bucket at game start (2026-06-05)?
Sooth_QGen#263314b3d97d	Will the Kalshi YES mid-market price for Washington (Washington vs San Francisco) land in the 70-80¢ bucket at game start (2026-06-10)?
Sooth_QGen#26377d52843c	Will the Kalshi YES mid-market price for Minnesota (St. Louis vs Minnesota) land in the 10-20¢ bucket at game start (2026-06-13)?
Sooth_QGen#2637e49fd1d2	Will the Kalshi YES mid-market price for Pittsburgh (Los Angeles D vs Pittsburgh) land in the 70-80¢ bucket at game start (2026-06-10)?
Sooth_QGen#263cabef2736	Will the Kalshi YES mid-market price for Colorado (Colorado vs Chicago C) land in the 30-40¢ bucket at game start (2026-06-16)?
Sooth_QGen#264f05a4019d	Will the Kalshi YES mid-market price for Las Vegas (Will Las Vegas win the Miami vs Las Vegas Pro Football game) land in the 0-10¢ bucket at game start (2026-09-13)?
Sooth_QGen#264f1124e049	Will the Kalshi YES mid-market price for Detroit (Detroit vs Cleveland) land in the 20-30¢ bucket at game start (2026-06-12)?
Sooth_QGen#265532bb1226	Will the Kalshi YES mid-market price for Texas (Texas vs Boston) land in the 80-90¢ bucket at game start (2026-06-12)?
Sooth_QGen#265bdf936646	Will the Kalshi YES mid-market price for San Diego (San Diego vs Washington) land in the 40-50¢ bucket at game start (2026-05-30)?
Sooth_QGen#266dab60c695	Will the Kalshi YES mid-market price for Toronto (New York Y vs Toronto) land in the 0-10¢ bucket at game start (2026-06-14)?
Sooth_QGen#267983de7335	Will the Kalshi YES mid-market price for Seattle (Seattle vs Detroit) land in the 50-60¢ bucket at game start (2026-06-07)?
Sooth_QGen#269bff285d9c	Will the Kalshi YES mid-market price for Toronto (Philadelphia vs Toronto) land in the 50-60¢ bucket at game start (2026-06-09)?
Sooth_QGen#269e9b698a45	Will the Kalshi YES mid-market price for New York Y (New York Y vs Cleveland) land in the 30-40¢ bucket at game start (2026-06-09)?
Sooth_QGen#26ae4bf94cb5	Will the Kalshi YES mid-market price for Cincinnati (Cincinnati vs San Diego) land in the 80-90¢ bucket at game start (2026-06-09)?
Sooth_QGen#26b068ac6f26	Will the Kalshi YES mid-market price for Colorado (Colorado vs Los Angeles D) land in the 80-90¢ bucket at game start (2026-05-28)?
Sooth_QGen#26bd4ca09d90	Will the Kalshi YES mid-market price for San Antonio (Game 4: San Antonio at New York) land in the 70-80¢ bucket at game start (2026-06-11)?
Sooth_QGen#26c0d103632b	Will the Kalshi YES mid-market price for Chicago WS (Los Angeles D vs Chicago WS) land in the 70-80¢ bucket at game start (2026-06-13)?
Sooth_QGen#26c209ed1667	Will the Kalshi YES mid-market price for Los Angeles D (Los Angeles D vs Pittsburgh) land in the 60-70¢ bucket at game start (2026-06-11)?
Sooth_QGen#26c29d1a65ae	Will the Kalshi YES mid-market price for Milwaukee (Milwaukee vs A's) land in the 20-30¢ bucket at game start (2026-06-09)?
Sooth_QGen#26c957e266e0	Will the Kalshi YES mid-market price for New York Y (Cleveland vs New York Y) land in the 20-30¢ bucket at game start (2026-06-02)?
Sooth_QGen#26d39794ea5e	Will the Kalshi YES mid-market price for San Diego (Cincinnati vs San Diego) land in the 40-50¢ bucket at game start (2026-06-09)?
Sooth_QGen#26e2f575d175	Will Polymarket's 'US-Iran nuclear deal by May 31' YES price be ≥ 20¢ at 23:59 UTC on May 30, 2026?
Sooth_QGen#26f4f3ed1364	Will the Kalshi YES mid-market price for Arizona (Arizona vs Seattle) land in the 10-20¢ bucket at game start (2026-05-31)?
Sooth_QGen#27191c718231	Will the Kalshi YES mid-market price for CAR Hurricanes (Game 1: Vegas at Carolina) land in the 90-100¢ bucket at game start (2026-06-03)?
Sooth_QGen#272957d17026	Will the Kalshi YES mid-market price for Atlanta (Toronto vs Atlanta) land in the 10-20¢ bucket at game start (2026-06-04)?
Sooth_QGen#272c53fa088d	Will the Kalshi YES mid-market price for Chicago WS (Detroit vs Chicago WS) land in the 80-90¢ bucket at game start (2026-05-30)?
Sooth_QGen#272cf9d7a715	Will the Kalshi YES mid-market price for Baltimore (San Diego vs Baltimore) land in the 70-80¢ bucket at game start (2026-06-13)?
Sooth_QGen#272daf8c4c52	Will the Kalshi YES mid-market price for VGK Golden Knights (Game 1: Vegas at Carolina) land in the 60-70¢ bucket at game start (2026-06-03)?
Sooth_QGen#2739c616d842	Will the Kalshi YES mid-market price for Minnesota (Minnesota vs Pittsburgh) land in the 20-30¢ bucket at game start (2026-05-30)?
Sooth_QGen#274f6cb30eb7	Will the Kalshi YES mid-market price for CAR Hurricanes (Game 4: Carolina at Vegas) land in the 70-80¢ bucket at game start (2026-06-10)?
Sooth_QGen#2756f6751869	Will the Kalshi YES mid-market price for Texas (Texas vs Boston) land in the 60-70¢ bucket at game start (2026-06-14)?
Sooth_QGen#276000eab820	Will the Kalshi YES mid-market price for San Francisco (Washington vs San Francisco) land in the 30-40¢ bucket at game start (2026-06-09)?
Sooth_QGen#276a7584da61	Will the Kalshi YES mid-market price for Chicago WS (Atlanta vs Chicago WS) land in the 50-60¢ bucket at game start (2026-06-10)?
Sooth_QGen#277b8f5e2b9c	Will the Kalshi YES mid-market price for Cincinnati (Cincinnati vs San Diego) land in the 70-80¢ bucket at game start (2026-06-09)?
Sooth_QGen#277baa2da779	Will the Kalshi YES mid-market price for San Francisco (Chicago C vs San Francisco) land in the 90-100¢ bucket at game start (2026-06-14)?
Sooth_QGen#2781242a8958	Will the Kalshi YES mid-market price for San Francisco (San Francisco vs Milwaukee) land in the 60-70¢ bucket at game start (2026-06-04)?
Sooth_QGen#27855a532f5f	Will the Kalshi YES mid-market price for San Francisco (San Francisco vs Chicago C) land in the 0-10¢ bucket at game start (2026-06-05)?
Sooth_QGen#2789bfde3957	Will the Kalshi YES mid-market price for Chicago WS (Chicago WS vs Philadelphia) land in the 10-20¢ bucket at game start (2026-06-05)?
Sooth_QGen#279daf416824	Will the Kalshi YES mid-market price for New York M (Atlanta vs New York M) land in the 80-90¢ bucket at game start (2026-06-13)?
Sooth_QGen#27b1d2d86694	Will the Kalshi YES mid-market price for St. Louis (St. Louis vs Milwaukee) land in the 0-10¢ bucket at game start (2026-05-27)?
Sooth_QGen#27c3d9b6de96	Will the Kalshi YES mid-market price for Los Angeles D (Los Angeles D vs Chicago WS) land in the 70-80¢ bucket at game start (2026-06-13)?
Sooth_QGen#27da630d9a1b	Will the Kalshi YES mid-market price for Texas (Texas vs Boston) land in the 80-90¢ bucket at game start (2026-06-14)?
Sooth_QGen#27dcb1f50295	Will the Kalshi YES mid-market price for San Diego (San Diego vs Philadelphia) land in the 40-50¢ bucket at game start (2026-06-04)?
Sooth_QGen#27eb3da1d739	Will the Kalshi YES mid-market price for Buffalo (Will Buffalo win the Buffalo vs Houston Pro Football game) land in the 10-20¢ bucket at game start (2026-09-13)?
Sooth_QGen#27efd6c86505	Will the Kalshi YES mid-market price for New York M (New York M vs San Diego) land in the 60-70¢ bucket at game start (2026-06-07)?
Sooth_QGen#28033e7a03ad	Will the Kalshi YES mid-market price for Seattle (Seattle vs Washington) land in the 90-100¢ bucket at game start (2026-06-12)?
Sooth_QGen#283a335ba44e	Will the Kalshi YES mid-market price for Arizona (Washington vs Arizona) land in the 40-50¢ bucket at game start (2026-06-06)?
Sooth_QGen#2845a9d04abd	Will the Kalshi YES mid-market price for Washington (Washington vs Arizona) land in the 90-100¢ bucket at game start (2026-06-06)?
Sooth_QGen#285f3ab53448	Will the Kalshi YES mid-market price for Cleveland (Cleveland vs New York Y) land in the 60-70¢ bucket at game start (2026-06-04)?
Sooth_QGen#28681ef9ef70	Will the Kalshi YES mid-market price for New York Y (New York Y vs A's) land in the 40-50¢ bucket at game start (2026-05-31)?
Sooth_QGen#286c774b8484	Will the Kalshi YES mid-market price for A's (Milwaukee vs A's) land in the 10-20¢ bucket at game start (2026-06-11)?
Sooth_QGen#286fed9019d0	Will the Kalshi YES mid-market price for Cincinnati (Atlanta vs Cincinnati) land in the 90-100¢ bucket at game start (2026-05-29)?
Sooth_QGen#288dace4d96c	Will the Kalshi YES mid-market price for Toronto (Baltimore vs Toronto) land in the 80-90¢ bucket at game start (2026-06-05)?
Sooth_QGen#289519c7ddf3	Will the Kalshi YES mid-market price for Washington (Seattle vs Washington) land in the 50-60¢ bucket at game start (2026-06-13)?
Sooth_QGen#289684d82a39	Will the Kalshi YES mid-market price for Toronto (Toronto vs Atlanta) land in the 30-40¢ bucket at game start (2026-06-04)?
Sooth_QGen#28aa4bcda260	Will the Kalshi YES mid-market price for Miami (Miami vs Washington) land in the 30-40¢ bucket at game start (2026-06-02)?
Sooth_QGen#28bd14186d78	Will the Kalshi YES mid-market price for Washington (Kansas City vs Washington) land in the 10-20¢ bucket at game start (2026-06-15)?
Sooth_QGen#28c868cecee2	Will the Kalshi YES mid-market price for Tampa Bay (Detroit vs Tampa Bay) land in the 90-100¢ bucket at game start (2026-06-03)?
Sooth_QGen#28de5d7b7803	Will the Kalshi YES mid-market price for St. Louis (St. Louis vs Minnesota) land in the 10-20¢ bucket at game start (2026-06-13)?
Sooth_QGen#28deb7939857	Will the Kalshi YES mid-market price for VGK Golden Knights (Game 5: Vegas at Carolina) land in the 60-70¢ bucket at game start (2026-06-12)?
Sooth_QGen#28ecd301ca7a	Will the Kalshi YES mid-market price for Los Angeles A (Colorado vs Los Angeles A) land in the 70-80¢ bucket at game start (2026-06-02)?
Sooth_QGen#28f564edfb79	Will the Kalshi YES mid-market price for Kansas City (Texas vs Kansas City) land in the 50-60¢ bucket at game start (2026-06-09)?
Sooth_QGen#292587fb7d88	Will the Kalshi YES mid-market price for Washington (San Diego vs Washington) land in the 20-30¢ bucket at game start (2026-05-31)?
Sooth_QGen#2929bed3b126	Will the Kalshi YES mid-market price for Seattle (Seattle vs Washington) land in the 80-90¢ bucket at game start (2026-06-12)?
Sooth_QGen#29612aed948b	Will the Kalshi YES mid-market price for St. Louis (Chicago C vs St. Louis) land in the 40-50¢ bucket at game start (2026-05-29)?
Sooth_QGen#29718213d95d	Will the Kalshi YES mid-market price for Miami (Miami vs Pittsburgh) land in the 60-70¢ bucket at game start (2026-06-13)?
Sooth_QGen#2973df89ec1f	Will the Kalshi YES mid-market price for Chicago C (Chicago C vs San Francisco) land in the 40-50¢ bucket at game start (2026-06-14)?
Sooth_QGen#29781c018823	Will the Kalshi YES mid-market price for Texas (Texas vs St. Louis) land in the 60-70¢ bucket at game start (2026-06-03)?
Sooth_QGen#2978db359729	Will the Kalshi YES mid-market price for Boston (Texas vs Boston) land in the 30-40¢ bucket at game start (2026-06-12)?
Sooth_QGen#298058f848ea	Will the Kalshi YES mid-market price for Chicago C (Colorado vs Chicago C) land in the 30-40¢ bucket at game start (2026-06-16)?
Sooth_QGen#2980d8b76901	Will the Kalshi YES mid-market price for New York (Game 3: San Antonio at New York) land in the 10-20¢ bucket at game start (2026-06-09)?
Sooth_QGen#298b3e5cd525	Will the Kalshi YES mid-market price for Toronto (Toronto vs Atlanta) land in the 40-50¢ bucket at game start (2026-06-02)?
Sooth_QGen#2990589f4007	Will the Kalshi YES mid-market price for New York Y (Boston vs New York Y) land in the 20-30¢ bucket at game start (2026-06-06)?
Sooth_QGen#29bce502fd24	Will the Kalshi YES mid-market price for San Diego (San Diego vs Washington) land in the 80-90¢ bucket at game start (2026-05-30)?
Sooth_QGen#29c6a06cba9f	Will the Kalshi YES mid-market price for Cleveland (New York Y vs Cleveland) land in the 90-100¢ bucket at game start (2026-06-09)?
Sooth_QGen#29c7d7719e92	Will the Kalshi YES mid-market price for Boston (Texas vs Boston) land in the 30-40¢ bucket at game start (2026-06-13)?
Sooth_QGen#29cf6698b356	Will the Kalshi YES mid-market price for Chicago WS (Detroit vs Chicago WS) land in the 40-50¢ bucket at game start (2026-05-31)?
Sooth_QGen#29cf7cc17383	Will the Kalshi YES mid-market price for Boston (Baltimore vs Boston) land in the 90-100¢ bucket at game start (2026-06-04)?
Sooth_QGen#29d025a65467	Will the Kalshi YES mid-market price for New York M (New York M vs Seattle) land in the 80-90¢ bucket at game start (2026-06-03)?
Sooth_QGen#29d810e8b54a	Will the Kalshi YES mid-market price for Philadelphia (Chicago WS vs Philadelphia) land in the 10-20¢ bucket at game start (2026-06-05)?
Sooth_QGen#29dd552dfd72	Will the Kalshi YES mid-market price for Boston (Boston vs Cleveland) land in the 90-100¢ bucket at game start (2026-05-31)?
Sooth_QGen#29fad2e21c96	Will the Kalshi YES mid-market price for St. Louis (Cincinnati vs St. Louis) land in the 70-80¢ bucket at game start (2026-06-07)?
Sooth_QGen#2a08d655991c	Will the Kalshi YES mid-market price for Milwaukee (Philadelphia vs Milwaukee) land in the 80-90¢ bucket at game start (2026-06-12)?
Sooth_QGen#2a3fcad39161	Will the Kalshi YES mid-market price for Cincinnati (New York M vs Cincinnati) land in the 0-10¢ bucket at game start (2026-06-15)?
Sooth_QGen#2a41aae42309	Will the Kalshi YES mid-market price for Cincinnati (Atlanta vs Cincinnati) land in the 70-80¢ bucket at game start (2026-05-29)?
Sooth_QGen#2a52a8436a96	Will the Kalshi YES mid-market price for VGK Golden Knights (Game 5: Vegas at Carolina) land in the 10-20¢ bucket at game start (2026-06-12)?
Sooth_QGen#2a8c75cbcad9	Will the Kalshi YES mid-market price for Detroit (Minnesota vs Detroit) land in the 30-40¢ bucket at game start (2026-06-11)?
Sooth_QGen#2a99946069f1	Will the Kalshi YES mid-market price for Houston (Houston vs Los Angeles A) land in the 90-100¢ bucket at game start (2026-06-10)?
Sooth_QGen#2a9fc6784380	Will the Kalshi YES mid-market price for Seattle (Will Seattle win the New England vs Seattle Pro Football game) land in the 10-20¢ bucket at game start (2026-09-09)?
Sooth_QGen#2aa6d79566f1	Will the Kalshi YES mid-market price for CAR Hurricanes (Game 5: Montreal at Carolina) land in the 0-10¢ bucket at game start (2026-05-30)?
Sooth_QGen#2aa7b10198ca	Will the Kalshi YES mid-market price for Pittsburgh (Los Angeles D vs Pittsburgh) land in the 10-20¢ bucket at game start (2026-06-11)?
Sooth_QGen#2ab46d295978	Will the Kalshi YES mid-market price for Chicago C (Colorado vs Chicago C) land in the 90-100¢ bucket at game start (2026-06-16)?
Sooth_QGen#2ab7bc971a44	Will the Kalshi YES mid-market price for St. Louis (San Diego vs St. Louis) land in the 50-60¢ bucket at game start (2026-06-15)?
Sooth_QGen#2ac2c79d47f1	Will the Kalshi YES mid-market price for Cleveland (Detroit vs Cleveland) land in the 40-50¢ bucket at game start (2026-06-13)?
Sooth_QGen#2ac4f8b59117	Will the Kalshi YES mid-market price for Pittsburgh (Los Angeles D vs Pittsburgh) land in the 30-40¢ bucket at game start (2026-06-10)?
Sooth_QGen#2accc50a2a5f	Will the Kalshi YES mid-market price for Baltimore (Baltimore vs Toronto) land in the 20-30¢ bucket at game start (2026-06-06)?
Sooth_QGen#2ae6757bc657	Will the Kalshi YES mid-market price for San Diego (New York M vs San Diego) land in the 0-10¢ bucket at game start (2026-06-07)?
Sooth_QGen#2af0eb113abd	Will the Kalshi YES mid-market price for Los Angeles D (Los Angeles A vs Los Angeles D) land in the 40-50¢ bucket at game start (2026-06-07)?
Sooth_QGen#2af11af47844	Will the Kalshi YES mid-market price for Kansas City (Kansas City vs Cincinnati) land in the 70-80¢ bucket at game start (2026-06-02)?
Sooth_QGen#2af451059ee2	Will the Kalshi YES mid-market price for Los Angeles R (Will Los Angeles R win the San Francisco vs Los Angeles R Pro Football game) land in the 30-40¢ bucket at game start (2026-09-11)?
Sooth_QGen#2b0bc693f474	Will the Kalshi YES mid-market price for Los Angeles A (Los Angeles A vs Los Angeles D) land in the 30-40¢ bucket at game start (2026-06-07)?
Sooth_QGen#2b201b4d3c3e	Will the Kalshi YES mid-market price for Toronto (Toronto vs Atlanta) land in the 70-80¢ bucket at game start (2026-06-04)?
Sooth_QGen#2b2fec955324	Will the Kalshi YES mid-market price for San Antonio (Game 1: New York at San Antonio) land in the 50-60¢ bucket at game start (2026-06-04)?
Sooth_QGen#2b305d51ef2b	Will the Kalshi YES mid-market price for Pittsburgh (Pittsburgh vs Atlanta) land in the 30-40¢ bucket at game start (2026-06-07)?
Sooth_QGen#2b34e15609b3	Will the Kalshi YES mid-market price for Arizona (Arizona vs Cincinnati) land in the 90-100¢ bucket at game start (2026-06-13)?
Sooth_QGen#2b35dcb84fb9	Will the Kalshi YES mid-market price for Philadelphia (Philadelphia vs Los Angeles D) land in the 90-100¢ bucket at game start (2026-05-30)?
Sooth_QGen#2b46bc7b81f6	Will the Kalshi YES mid-market price for Detroit (Detroit vs Tampa Bay) land in the 70-80¢ bucket at game start (2026-06-01)?
Sooth_QGen#2b4ed6b7a938	Will the Kalshi YES mid-market price for Philadelphia (Philadelphia vs Milwaukee) land in the 90-100¢ bucket at game start (2026-06-13)?
Sooth_QGen#2b50ab2be59d	Will the Kalshi YES mid-market price for VGK Golden Knights (Game 3: Carolina at Vegas) land in the 60-70¢ bucket at game start (2026-06-07)?
Sooth_QGen#2b5e327deb16	Will the Kalshi YES mid-market price for Toronto (Toronto vs Atlanta) land in the 90-100¢ bucket at game start (2026-06-04)?
Sooth_QGen#2b5f9915422c	Will the Kalshi YES mid-market price for Cincinnati (Atlanta vs Cincinnati) land in the 0-10¢ bucket at game start (2026-05-30)?
Sooth_QGen#2b610a6e229b	Will the Kalshi YES mid-market price for San Diego (Cincinnati vs San Diego) land in the 30-40¢ bucket at game start (2026-06-09)?
Sooth_QGen#2b7df66cfa6b	Will the Kalshi YES mid-market price for Pittsburgh (Minnesota vs Pittsburgh) land in the 60-70¢ bucket at game start (2026-05-31)?
Sooth_QGen#2b96184c7afb	Will the Kalshi YES mid-market price for Detroit (Detroit vs Tampa Bay) land in the 70-80¢ bucket at game start (2026-06-03)?
Sooth_QGen#2b96ac13da40	Will the Kalshi YES mid-market price for Colorado (Colorado vs A's) land in the 20-30¢ bucket at game start (2026-06-13)?
Sooth_QGen#2ba138e9e14f	Will the Kalshi YES mid-market price for Stefanos Tsitsipas (Will Stefanos Tsitsipas win the Arnaldi vs Tsitsipas: Round Of 64 match) land in the 20-30¢ bucket at game start (2026-05-28)?
Sooth_QGen#2ba2ffc4609d	Will the Kalshi YES mid-market price for Baltimore (San Diego vs Baltimore) land in the 40-50¢ bucket at game start (2026-06-13)?
Sooth_QGen#2ba5aa7c066d	Will the Kalshi YES mid-market price for San Francisco (Chicago C vs San Francisco) land in the 70-80¢ bucket at game start (2026-06-13)?
Sooth_QGen#2bad4e1b8d2c	Will the Kalshi YES mid-market price for San Francisco (Chicago C vs San Francisco) land in the 70-80¢ bucket at game start (2026-06-14)?
Sooth_QGen#2baf2ce4d01d	Will the Kalshi YES mid-market price for Toronto (Baltimore vs Toronto) land in the 20-30¢ bucket at game start (2026-06-05)?
Sooth_QGen#2bb3d86129c7	Will the Kalshi YES mid-market price for Seattle (Seattle vs Detroit) land in the 70-80¢ bucket at game start (2026-06-07)?
Sooth_QGen#2bbc3f322099	Will the Kalshi YES mid-market price for Atlanta (Pittsburgh vs Atlanta) land in the 60-70¢ bucket at game start (2026-06-06)?
Sooth_QGen#2bc06266a8c1	Will the Kalshi YES mid-market price for A's (New York Y vs A's) land in the 90-100¢ bucket at game start (2026-05-30)?
Sooth_QGen#2be3fe01169c	Will the Kalshi YES mid-market price for Los Angeles A (Colorado vs Los Angeles A) land in the 20-30¢ bucket at game start (2026-06-04)?
Sooth_QGen#2bf7f67f76e2	Will the Kalshi YES mid-market price for New England (Will New England win the New England vs Seattle Pro Football game) land in the 30-40¢ bucket at game start (2026-09-09)?
Sooth_QGen#2bfaec1b899f	Will the Kalshi YES mid-market price for Los Angeles A (Los Angeles A vs Los Angeles D) land in the 30-40¢ bucket at game start (2026-06-06)?
Sooth_QGen#2c16ab975869	Will the Kalshi YES mid-market price for Seattle (Arizona vs Seattle) land in the 0-10¢ bucket at game start (2026-05-31)?
Sooth_QGen#2c304ef49ecc	Will the Kalshi YES mid-market price for New York (Game 2: New York at San Antonio) land in the 70-80¢ bucket at game start (2026-06-06)?
Sooth_QGen#2c4876085875	Will the Kalshi YES mid-market price for Seattle (New York M vs Seattle) land in the 90-100¢ bucket at game start (2026-06-03)?
Sooth_QGen#2c61854cbb18	Will the Kalshi YES mid-market price for Baltimore (Seattle vs Baltimore) land in the 0-10¢ bucket at game start (2026-06-08)?
Sooth_QGen#2c648093d6c4	Will the Kalshi YES mid-market price for Milwaukee (Milwaukee vs Colorado) land in the 0-10¢ bucket at game start (2026-06-07)?
Sooth_QGen#2c668551d844	Will the Kalshi YES mid-market price for San Francisco (San Francisco vs Chicago C) land in the 70-80¢ bucket at game start (2026-06-06)?
Sooth_QGen#2c689a6fce9a	Will the Kalshi YES mid-market price for Chicago C (A's vs Chicago C) land in the 10-20¢ bucket at game start (2026-06-04)?
Sooth_QGen#2c6a3a16c07f	Will the Kalshi YES mid-market price for Arizona (Los Angeles D vs Arizona) land in the 90-100¢ bucket at game start (2026-06-04)?
Sooth_QGen#2c71d1d8d6da	Will the Kalshi YES mid-market price for St. Louis (St. Louis vs Milwaukee) land in the 60-70¢ bucket at game start (2026-05-27)?
Sooth_QGen#2c7c6efbdfb4	Will the Kalshi YES mid-market price for Colorado (Chicago C vs Colorado) land in the 50-60¢ bucket at game start (2026-06-10)?
Sooth_QGen#2c7f51c32dd7	Will the Kalshi YES mid-market price for Cleveland (New York Y vs Cleveland) land in the 90-100¢ bucket at game start (2026-06-08)?
Sooth_QGen#2c8a51c01025	Will the Kalshi YES mid-market price for Chicago WS (Los Angeles D vs Chicago WS) land in the 0-10¢ bucket at game start (2026-06-14)?
Sooth_QGen#2c9f7b3024f1	Will the Kalshi YES mid-market price for Pittsburgh (Pittsburgh vs Houston) land in the 70-80¢ bucket at game start (2026-06-03)?
Sooth_QGen#2ca126f242c9	Will the Kalshi YES mid-market price for Minnesota (Kansas City vs Minnesota) land in the 80-90¢ bucket at game start (2026-06-07)?
Sooth_QGen#2ca6018cc72a	Will the Kalshi YES mid-market price for Baltimore (Baltimore vs Boston) land in the 90-100¢ bucket at game start (2026-06-04)?
Sooth_QGen#2ca6794ba182	Will the Kalshi YES mid-market price for San Francisco (Will San Francisco win the San Francisco vs Los Angeles R Pro Football game) land in the 40-50¢ bucket at game start (2026-09-11)?
Sooth_QGen#2cba6e8d6da9	Will the Kalshi YES mid-market price for Texas (Cleveland vs Texas) land in the 90-100¢ bucket at game start (2026-06-07)?
Sooth_QGen#2cc3dbd3d84c	Will the Kalshi YES mid-market price for Los Angeles R (Will Los Angeles R win the San Francisco vs Los Angeles R Pro Football game) land in the 40-50¢ bucket at game start (2026-09-11)?
Sooth_QGen#2ccc4cf239da	Will the Kalshi YES mid-market price for Cincinnati (Atlanta vs Cincinnati) land in the 90-100¢ bucket at game start (2026-05-30)?
Sooth_QGen#2cdb42f9beef	Will the Kalshi YES mid-market price for San Diego (San Diego vs Philadelphia) land in the 40-50¢ bucket at game start (2026-06-02)?
Sooth_QGen#2ce214d648f6	Will the Kalshi YES mid-market price for Chicago WS (Los Angeles D vs Chicago WS) land in the 20-30¢ bucket at game start (2026-06-14)?
Sooth_QGen#2ce7286533e7	Will the Kalshi YES mid-market price for Chicago C (Colorado vs Chicago C) land in the 40-50¢ bucket at game start (2026-06-16)?
Sooth_QGen#2d00ace53868	Will the Kalshi YES mid-market price for Chicago C (Chicago C vs St. Louis) land in the 10-20¢ bucket at game start (2026-05-30)?
Sooth_QGen#2d00e0680a70	Will the Kalshi YES mid-market price for Los Angeles A (Los Angeles A vs Los Angeles D) land in the 80-90¢ bucket at game start (2026-06-07)?
Sooth_QGen#2d0437f2c184	Will the Kalshi YES mid-market price for Washington (Washington vs San Francisco) land in the 40-50¢ bucket at game start (2026-06-10)?
Sooth_QGen#2d0cd544e4f9	Will the Kalshi YES mid-market price for Kansas City (Kansas City vs Texas) land in the 30-40¢ bucket at game start (2026-05-31)?
Sooth_QGen#2d124836e2f6	Will the Kalshi YES mid-market price for Tampa Bay (Los Angeles A vs Tampa Bay) land in the 40-50¢ bucket at game start (2026-05-31)?
Sooth_QGen#2d18dd07182d	Will the Kalshi YES mid-market price for Toronto (Toronto vs Baltimore) land in the 90-100¢ bucket at game start (2026-05-31)?
Sooth_QGen#2d221630d3ee	Will the Kalshi YES mid-market price for San Francisco (San Francisco vs Milwaukee) land in the 90-100¢ bucket at game start (2026-06-01)?
Sooth_QGen#2d2b0e87fb6c	Will the Kalshi YES mid-market price for Chicago C (Chicago C vs Colorado) land in the 40-50¢ bucket at game start (2026-06-11)?
Sooth_QGen#2d301f449bc7	Will the Kalshi YES mid-market price for San Francisco (Will San Francisco win the San Francisco vs Los Angeles R Pro Football game) land in the 50-60¢ bucket at game start (2026-09-11)?
Sooth_QGen#2d371fe948ea	Will the Kalshi YES mid-market price for San Francisco (San Francisco vs Colorado) land in the 80-90¢ bucket at game start (2026-05-30)?
Sooth_QGen#2d437153e6ed	Will the Kalshi YES mid-market price for Arizona (Arizona vs Cincinnati) land in the 20-30¢ bucket at game start (2026-06-12)?
Sooth_QGen#2d49db42aad5	Will the Kalshi YES mid-market price for Pittsburgh (Pittsburgh vs Houston) land in the 80-90¢ bucket at game start (2026-06-03)?
Sooth_QGen#2d613242f78d	Will the Kalshi YES mid-market price for Boston (Boston vs Cleveland) land in the 20-30¢ bucket at game start (2026-05-29)?
Sooth_QGen#2d6daf59fcb3	Will the Kalshi YES mid-market price for San Antonio (Game 5: New York at San Antonio) land in the 90-100¢ bucket at game start (2026-06-14)?
Sooth_QGen#2d8a26b643e7	Will the Kalshi YES mid-market price for Houston (Houston vs Kansas City) land in the 0-10¢ bucket at game start (2026-06-14)?
Sooth_QGen#2d98ac3a63f2	Will the Kalshi YES mid-market price for Seattle (Seattle vs Baltimore) land in the 30-40¢ bucket at game start (2026-06-09)?
Sooth_QGen#2d9966463dee	Will the Kalshi YES mid-market price for Detroit (Detroit vs Chicago WS) land in the 0-10¢ bucket at game start (2026-05-31)?
Sooth_QGen#2dbc115a2e97	Will the Kalshi YES mid-market price for Chicago WS (Chicago WS vs Philadelphia) land in the 40-50¢ bucket at game start (2026-06-05)?
Sooth_QGen#2dd0a0cd52aa	Will the Kalshi YES mid-market price for Milwaukee (Milwaukee vs Houston) land in the 50-60¢ bucket at game start (2026-05-30)?
Sooth_QGen#2dd19d2c9fd1	Will the Kalshi YES mid-market price for Washington (Miami vs Washington) land in the 90-100¢ bucket at game start (2026-06-01)?
Sooth_QGen#2de767432954	Will the Kalshi YES mid-market price for St. Louis (St. Louis vs Minnesota) land in the 70-80¢ bucket at game start (2026-06-13)?
Sooth_QGen#2def58505a65	Will the Kalshi YES mid-market price for Seattle (Seattle vs Detroit) land in the 60-70¢ bucket at game start (2026-06-07)?
Sooth_QGen#2df82680b85e	Will the Kalshi YES mid-market price for Seattle (Seattle vs Detroit) land in the 90-100¢ bucket at game start (2026-06-06)?
Sooth_QGen#2dffd77a834a	Will the Kalshi YES mid-market price for Washington (Washington vs San Francisco) land in the 90-100¢ bucket at game start (2026-06-10)?
Sooth_QGen#2e01bcb0ccd5	Will the Kalshi YES mid-market price for Cincinnati (Cincinnati vs St. Louis) land in the 60-70¢ bucket at game start (2026-06-07)?
Sooth_QGen#2e13f516548c	Will the Kalshi YES mid-market price for Minnesota (Minnesota vs Pittsburgh) land in the 30-40¢ bucket at game start (2026-05-31)?
Sooth_QGen#2e2ed09b2003	Will the Kalshi YES mid-market price for Alexander Zverev (Will Alexander Zverev win the Mensik vs Zverev: Semifinal match) land in the 60-70¢ bucket at game start (2026-06-05)?
Sooth_QGen#2e3dc210334a	Will the Kalshi YES mid-market price for Las Vegas (Will Las Vegas win the Miami vs Las Vegas Pro Football game) land in the 30-40¢ bucket at game start (2026-09-13)?
Sooth_QGen#2e3fd3c63b28	Will the Kalshi YES mid-market price for Baltimore (Tampa Bay vs Baltimore) land in the 40-50¢ bucket at game start (2026-05-27)?
Sooth_QGen#2e7066a0358e	Will the Kalshi YES mid-market price for Boston (Boston vs New York Y) land in the 0-10¢ bucket at game start (2026-06-06)?
Sooth_QGen#2e92837faad3	Will the Kalshi YES mid-market price for Los Angeles A (Los Angeles A vs Arizona) land in the 70-80¢ bucket at game start (2026-06-16)?
Sooth_QGen#2e975e8e84e5	Will the Kalshi YES mid-market price for Philadelphia (Will Philadelphia win the Washington vs Philadelphia Pro Football game) land in the 50-60¢ bucket at game start (2026-09-13)?
Sooth_QGen#2eab2c9b247f	Will the Kalshi YES mid-market price for Chicago WS (Atlanta vs Chicago WS) land in the 80-90¢ bucket at game start (2026-06-10)?
Sooth_QGen#2eba15061688	Will the Kalshi YES mid-market price for Los Angeles A (Houston vs Los Angeles A) land in the 40-50¢ bucket at game start (2026-06-11)?
Sooth_QGen#2ec2415b7957	Will the Kalshi YES mid-market price for Seattle (Arizona vs Seattle) land in the 90-100¢ bucket at game start (2026-05-31)?
Sooth_QGen#2ec6d1de977c	Will the Kalshi YES mid-market price for New York Y (New York Y vs A's) land in the 50-60¢ bucket at game start (2026-05-31)?
Sooth_QGen#2ee0801954a5	Will the Kalshi YES mid-market price for Milwaukee (Milwaukee vs A's) land in the 90-100¢ bucket at game start (2026-06-11)?
Sooth_QGen#2ee7fbae7beb	Will the Kalshi YES mid-market price for A's (New York Y vs A's) land in the 20-30¢ bucket at game start (2026-05-31)?
Sooth_QGen#2efa3990a49b	Will the Kalshi YES mid-market price for Toronto (New York Y vs Toronto) land in the 90-100¢ bucket at game start (2026-06-13)?
Sooth_QGen#2efc86a942aa	Will the Kalshi YES mid-market price for Detroit (Detroit vs Chicago WS) land in the 80-90¢ bucket at game start (2026-05-29)?
Sooth_QGen#2f1472764f76	Will the Kalshi YES mid-market price for CAR Hurricanes (Game 5: Montreal at Carolina) land in the 90-100¢ bucket at game start (2026-05-30)?
Sooth_QGen#2f19dc72ea85	Will the Kalshi YES mid-market price for Texas (Kansas City vs Texas) land in the 80-90¢ bucket at game start (2026-05-31)?
Sooth_QGen#2f1b0d71bdd0	Will the Kalshi YES mid-market price for Philadelphia (Philadelphia vs Los Angeles D) land in the 30-40¢ bucket at game start (2026-05-31)?
Sooth_QGen#2f2145d2df95	Will the Kalshi YES mid-market price for Miami (Arizona vs Miami) land in the 40-50¢ bucket at game start (2026-06-09)?
Sooth_QGen#2f24be6b9ad1	Will the Kalshi YES mid-market price for Colorado (San Francisco vs Colorado) land in the 40-50¢ bucket at game start (2026-05-30)?
Sooth_QGen#2f258a3f3ee1	Will the Kalshi YES mid-market price for Los Angeles D (Los Angeles A vs Los Angeles D) land in the 40-50¢ bucket at game start (2026-06-06)?
Sooth_QGen#2f3277f4f352	Will the Kalshi YES mid-market price for Detroit (Minnesota vs Detroit) land in the 50-60¢ bucket at game start (2026-06-10)?
Sooth_QGen#2f37a0a3ed8d	Will the Kalshi YES mid-market price for Miami (Miami vs Washington) land in the 80-90¢ bucket at game start (2026-06-02)?
Sooth_QGen#2f3d7c23581e	Will the Kalshi YES mid-market price for New York Y (Cleveland vs New York Y) land in the 40-50¢ bucket at game start (2026-06-04)?
Sooth_QGen#2f4296e18cf4	Will the Kalshi YES mid-market price for Miami (Arizona vs Miami) land in the 60-70¢ bucket at game start (2026-06-10)?
Sooth_QGen#2f4908b9f4b8	Will the Kalshi YES mid-market price for Arizona (Arizona vs Cincinnati) land in the 90-100¢ bucket at game start (2026-06-14)?
Sooth_QGen#2f504d12c888	Will the Kalshi YES mid-market price for Cleveland (New York Y vs Cleveland) land in the 0-10¢ bucket at game start (2026-06-10)?
Sooth_QGen#2f51901db455	Will the Kalshi YES mid-market price for Boston (Texas vs Boston) land in the 90-100¢ bucket at game start (2026-06-14)?
Sooth_QGen#2f55a1a6dc68	Will the Kalshi YES mid-market price for Toronto (Philadelphia vs Toronto) land in the 20-30¢ bucket at game start (2026-06-09)?
Sooth_QGen#2f65031eace6	Will the Kalshi YES mid-market price for A's (A's vs Houston) land in the 90-100¢ bucket at game start (2026-06-07)?
Sooth_QGen#2f6db42bfbfb	Will the Kalshi YES mid-market price for Los Angeles A (Tampa Bay vs Los Angeles A) land in the 70-80¢ bucket at game start (2026-06-14)?
Sooth_QGen#2f6fc9b3b773	Will the Kalshi YES mid-market price for St. Louis (Chicago C vs St. Louis) land in the 60-70¢ bucket at game start (2026-05-31)?
Sooth_QGen#2f6ffd0a868f	Will the Kalshi YES mid-market price for St. Louis (St. Louis vs New York M) land in the 60-70¢ bucket at game start (2026-06-10)?
Sooth_QGen#2f740d7268c7	Will the Kalshi YES mid-market price for Toronto (Toronto vs Atlanta) land in the 60-70¢ bucket at game start (2026-06-04)?
Sooth_QGen#2f83de9ddb65	Will the Kalshi YES mid-market price for San Diego (Cincinnati vs San Diego) land in the 60-70¢ bucket at game start (2026-06-10)?
Sooth_QGen#2f9617026031	Will the Kalshi YES mid-market price for Kansas City (Kansas City vs Washington) land in the 90-100¢ bucket at game start (2026-06-15)?
Sooth_QGen#2fa4dece22fb	Will the Kalshi YES mid-market price for Cleveland (Detroit vs Cleveland) land in the 80-90¢ bucket at game start (2026-06-13)?
Sooth_QGen#2fa5f82f8083	Will the Kalshi YES mid-market price for Los Angeles A (Los Angeles A vs Tampa Bay) land in the 80-90¢ bucket at game start (2026-05-31)?
Sooth_QGen#2fb89104f5c4	Will the Kalshi YES mid-market price for Pittsburgh (Minnesota vs Pittsburgh) land in the 20-30¢ bucket at game start (2026-05-29)?
Sooth_QGen#2fbea698fe76	Will the Kalshi YES mid-market price for Tampa Bay (Detroit vs Tampa Bay) land in the 10-20¢ bucket at game start (2026-06-02)?
Sooth_QGen#2fc739fdfe40	Will the Kalshi YES mid-market price for Colorado (Chicago C vs Colorado) land in the 0-10¢ bucket at game start (2026-06-11)?
Sooth_QGen#2fccbb40b2aa	Will the Kalshi YES mid-market price for Texas (Minnesota vs Texas) land in the 0-10¢ bucket at game start (2026-06-16)?
Sooth_QGen#2fd302bd1a53	Will the Kalshi YES mid-market price for Miami (Arizona vs Miami) land in the 60-70¢ bucket at game start (2026-06-09)?
Sooth_QGen#2fd692bfbfb5	Will the Kalshi YES mid-market price for Arizona (Arizona vs Miami) land in the 30-40¢ bucket at game start (2026-06-09)?
Sooth_QGen#2febf5f468ed	Will the Kalshi YES mid-market price for Philadelphia (San Diego vs Philadelphia) land in the 80-90¢ bucket at game start (2026-06-03)?
Sooth_QGen#2ff1aec4a55f	Will the Kalshi YES mid-market price for Los Angeles D (Tampa Bay vs Los Angeles D) land in the 0-10¢ bucket at game start (2026-06-16)?
Sooth_QGen#3011973834a3	Will the Kalshi YES mid-market price for Baltimore (Will Baltimore win the Baltimore vs Indianapolis Pro Football game) land in the 0-10¢ bucket at game start (2026-09-13)?
Sooth_QGen#30232fc11513	Will the Kalshi YES mid-market price for Philadelphia (Philadelphia vs Los Angeles D) land in the 0-10¢ bucket at game start (2026-05-31)?
Sooth_QGen#302526208d33	Will the Kalshi YES mid-market price for Toronto (Baltimore vs Toronto) land in the 60-70¢ bucket at game start (2026-06-06)?
Sooth_QGen#304c8075a93a	Will the Kalshi YES mid-market price for Chicago WS (Chicago WS vs Minnesota) land in the 10-20¢ bucket at game start (2026-06-01)?
Sooth_QGen#305f992b26ce	Will the Kalshi YES mid-market price for Philadelphia (San Diego vs Philadelphia) land in the 50-60¢ bucket at game start (2026-06-03)?
Sooth_QGen#30648a4b8f79	Will the Kalshi YES mid-market price for Houston (Houston vs Kansas City) land in the 20-30¢ bucket at game start (2026-06-13)?
Sooth_QGen#30680eb7047a	Will the Kalshi YES mid-market price for Detroit (Minnesota vs Detroit) land in the 40-50¢ bucket at game start (2026-06-11)?
Sooth_QGen#306c02eea0e9	Will the Kalshi YES mid-market price for CAR Hurricanes (Game 5: Vegas at Carolina) land in the 30-40¢ bucket at game start (2026-06-12)?
Sooth_QGen#30794b105924	Will the Kalshi YES mid-market price for Tampa Bay (Detroit vs Tampa Bay) land in the 50-60¢ bucket at game start (2026-06-02)?
Sooth_QGen#309295cbd8f5	Will the Kalshi YES mid-market price for Chicago WS (Chicago WS vs Minnesota) land in the 80-90¢ bucket at game start (2026-06-01)?
Sooth_QGen#30975e0df28a	Will the Kalshi YES mid-market price for St. Louis (St. Louis vs Minnesota) land in the 0-10¢ bucket at game start (2026-06-13)?
Sooth_QGen#30af58136fd5	Will the Polymarket 'Democrats Sweep 2026 Midterms' YES price be ≥ 50¢ at noon UTC on May 28, 2026?
Sooth_QGen#30b2639dd0e3	Will the Kalshi YES mid-market price for Milwaukee (San Francisco vs Milwaukee) land in the 60-70¢ bucket at game start (2026-06-02)?
Sooth_QGen#30c052d31fd8	Will the Kalshi YES mid-market price for Baltimore (Baltimore vs Toronto) land in the 80-90¢ bucket at game start (2026-06-07)?
Sooth_QGen#30c4c715c265	Will the Kalshi YES mid-market price for St. Louis (Cincinnati vs St. Louis) land in the 10-20¢ bucket at game start (2026-06-06)?
Sooth_QGen#30c99d7cc15d	Will the Kalshi YES mid-market price for Colorado (Chicago C vs Colorado) land in the 40-50¢ bucket at game start (2026-06-11)?
Sooth_QGen#30ce762dd244	Will the Kalshi YES mid-market price for Miami (Tampa Bay vs Miami) land in the 10-20¢ bucket at game start (2026-06-06)?
Sooth_QGen#30d208d04cd4	Will the Kalshi YES mid-market price for Milwaukee (San Francisco vs Milwaukee) land in the 90-100¢ bucket at game start (2026-06-03)?
Sooth_QGen#30d9d6f6b5a5	Will the Kalshi YES mid-market price for Detroit (Detroit vs Cleveland) land in the 40-50¢ bucket at game start (2026-06-14)?
Sooth_QGen#30dcbc1821aa	Will the Kalshi YES mid-market price for Boston (Boston vs Cleveland) land in the 30-40¢ bucket at game start (2026-05-29)?
Sooth_QGen#30dcbda88cba	Will the Kalshi YES mid-market price for CAR Hurricanes (Game 4: Carolina at Vegas) land in the 50-60¢ bucket at game start (2026-06-10)?
Sooth_QGen#30f04a5ff476	Will the Kalshi YES mid-market price for Arizona (Los Angeles D vs Arizona) land in the 0-10¢ bucket at game start (2026-06-03)?
Sooth_QGen#30fd111021b1	Will the Kalshi YES mid-market price for Seattle (Seattle vs Baltimore) land in the 40-50¢ bucket at game start (2026-06-09)?
Sooth_QGen#310c00f6303b	Will the Kalshi YES mid-market price for Texas (Cleveland vs Texas) land in the 0-10¢ bucket at game start (2026-06-06)?
Sooth_QGen#3121592ed1b3	Will the Kalshi YES mid-market price for San Diego (New York M vs San Diego) land in the 0-10¢ bucket at game start (2026-06-07)?
Sooth_QGen#312248f34359	Will the Kalshi YES mid-market price for Tampa Bay (Tampa Bay vs Los Angeles A) land in the 20-30¢ bucket at game start (2026-06-14)?
Sooth_QGen#31286bdcbeb6	Will the Kalshi YES mid-market price for Philadelphia (Philadelphia vs Los Angeles D) land in the 0-10¢ bucket at game start (2026-05-30)?
Sooth_QGen#312a9e131fef	Will the Kalshi YES mid-market price for Minnesota (Minnesota vs Detroit) land in the 10-20¢ bucket at game start (2026-06-09)?
Sooth_QGen#312c8c3fa3b1	Will the Kalshi YES mid-market price for Toronto (Toronto vs Baltimore) land in the 80-90¢ bucket at game start (2026-05-29)?
Sooth_QGen#312d36bac372	Will the Kalshi YES mid-market price for Baltimore (San Diego vs Baltimore) land in the 30-40¢ bucket at game start (2026-06-12)?
Sooth_QGen#3142bde0b394	Will the Kalshi YES mid-market price for San Antonio (Game 1: New York at San Antonio) land in the 80-90¢ bucket at game start (2026-06-04)?
Sooth_QGen#314f4d840ff7	Will the Kalshi YES mid-market price for Miami (Miami vs Pittsburgh) land in the 90-100¢ bucket at game start (2026-06-14)?
Sooth_QGen#315b3ff9750f	Will the Kalshi YES mid-market price for Pittsburgh (Minnesota vs Pittsburgh) land in the 70-80¢ bucket at game start (2026-05-29)?
Sooth_QGen#315fc883e5a2	Will the Kalshi YES mid-market price for Baltimore (Toronto vs Baltimore) land in the 20-30¢ bucket at game start (2026-05-29)?
Sooth_QGen#3160ae22ad5c	Will the Kalshi YES mid-market price for Detroit (Detroit vs Tampa Bay) land in the 0-10¢ bucket at game start (2026-06-02)?
Sooth_QGen#3169fa822b55	Will the Kalshi YES mid-market price for Arizona (Arizona vs San Francisco) land in the 80-90¢ bucket at game start (2026-05-27)?
Sooth_QGen#316e797c86c7	Will the Kalshi YES mid-market price for New York Y (New York Y vs Toronto) land in the 60-70¢ bucket at game start (2026-06-12)?
Sooth_QGen#3170246ecea2	Will the Kalshi YES mid-market price for Cleveland (Cleveland vs New York Y) land in the 10-20¢ bucket at game start (2026-06-02)?
Sooth_QGen#3171211ab82d	Will the Kalshi YES mid-market price for Los Angeles A (Colorado vs Los Angeles A) land in the 50-60¢ bucket at game start (2026-06-04)?
Sooth_QGen#317476a1ce18	Will the Kalshi YES mid-market price for New York Y (Boston vs New York Y) land in the 10-20¢ bucket at game start (2026-06-07)?
Sooth_QGen#318aca9acf5c	Will the Kalshi YES mid-market price for Chicago C (San Francisco vs Chicago C) land in the 20-30¢ bucket at game start (2026-06-05)?
Sooth_QGen#31be1659ab65	Will the Kalshi YES mid-market price for Cincinnati (New York M vs Cincinnati) land in the 90-100¢ bucket at game start (2026-06-15)?
Sooth_QGen#31c0099cd07d	Will the Kalshi YES mid-market price for San Diego (San Diego vs Philadelphia) land in the 20-30¢ bucket at game start (2026-06-02)?
Sooth_QGen#31c61d488eef	Will the Kalshi YES mid-market price for Philadelphia (Chicago WS vs Philadelphia) land in the 20-30¢ bucket at game start (2026-06-07)?
Sooth_QGen#31cd52f11dbd	Will the Kalshi YES mid-market price for Kansas City (Texas vs Kansas City) land in the 70-80¢ bucket at game start (2026-06-11)?
Sooth_QGen#31e0f0f5218e	Will the Kalshi YES mid-market price for Chicago WS (Los Angeles D vs Chicago WS) land in the 0-10¢ bucket at game start (2026-06-12)?
Sooth_QGen#31f89d68afb7	Will the Kalshi YES mid-market price for Texas (Texas vs St. Louis) land in the 70-80¢ bucket at game start (2026-06-02)?
Sooth_QGen#3205d3886974	Will the Kalshi YES mid-market price for San Francisco (San Francisco vs Colorado) land in the 0-10¢ bucket at game start (2026-05-30)?
Sooth_QGen#3209e5d22aa1	Will the Kalshi YES mid-market price for New York M (New York M vs San Diego) land in the 70-80¢ bucket at game start (2026-06-07)?
Sooth_QGen#320bcbfd90ac	Will the Kalshi YES mid-market price for Colorado (Colorado vs A's) land in the 50-60¢ bucket at game start (2026-06-14)?
Sooth_QGen#3220e89e4b99	Will the Kalshi YES mid-market price for Tampa Bay (Detroit vs Tampa Bay) land in the 60-70¢ bucket at game start (2026-06-02)?
Sooth_QGen#3243748102f7	Will the Kalshi YES mid-market price for Minnesota (Kansas City vs Minnesota) land in the 0-10¢ bucket at game start (2026-06-06)?
Sooth_QGen#324e8bd1c346	Will the Kalshi YES mid-market price for San Antonio (Game 3: San Antonio at New York) land in the 80-90¢ bucket at game start (2026-06-09)?
Sooth_QGen#32510c28ba3c	Will the Kalshi YES mid-market price for Chicago WS (Chicago WS vs Minnesota) land in the 90-100¢ bucket at game start (2026-06-03)?
Sooth_QGen#325663617b3c	Will the Kalshi YES mid-market price for Baltimore (Baltimore vs Boston) land in the 70-80¢ bucket at game start (2026-06-03)?
Sooth_QGen#32596f49c6af	Will the Kalshi YES mid-market price for Atlanta (Atlanta vs Chicago WS) land in the 0-10¢ bucket at game start (2026-06-10)?
Sooth_QGen#325de3116bd2	Will the Kalshi YES mid-market price for Toronto (Toronto vs Baltimore) land in the 0-10¢ bucket at game start (2026-05-29)?
Sooth_QGen#3267e7bc0103	Will the Kalshi YES mid-market price for Pittsburgh (Pittsburgh vs Atlanta) land in the 60-70¢ bucket at game start (2026-06-06)?
Sooth_QGen#3268b3e8cc20	Will the Kalshi YES mid-market price for Colorado (Colorado vs Chicago C) land in the 60-70¢ bucket at game start (2026-06-16)?
Sooth_QGen#326da630bbe4	Will the Kalshi YES mid-market price for Minnesota (Minnesota vs Pittsburgh) land in the 30-40¢ bucket at game start (2026-05-30)?
Sooth_QGen#327fd0c3825c	Will the Kalshi YES mid-market price for Tampa Bay (Tampa Bay vs Los Angeles D) land in the 80-90¢ bucket at game start (2026-06-16)?
Sooth_QGen#329172a08ca0	Will the Kalshi YES mid-market price for Houston (A's vs Houston) land in the 0-10¢ bucket at game start (2026-06-07)?
Sooth_QGen#32998c848fb4	Will the Kalshi YES mid-market price for Seattle (Will Seattle win the New England vs Seattle Pro Football game) land in the 70-80¢ bucket at game start (2026-09-09)?
Sooth_QGen#32aae80d3d4f	Will the Kalshi YES mid-market price for Milwaukee (Milwaukee vs A's) land in the 20-30¢ bucket at game start (2026-06-11)?
Sooth_QGen#32b97d9f3f14	Will the Kalshi YES mid-market price for New York M (New York M vs Cincinnati) land in the 60-70¢ bucket at game start (2026-06-15)?
Sooth_QGen#32c547c60efc	Will the Kalshi YES mid-market price for Cincinnati (Cincinnati vs San Diego) land in the 70-80¢ bucket at game start (2026-06-10)?
Sooth_QGen#32c766860b41	Will the Kalshi YES mid-market price for New York Y (New York Y vs Toronto) land in the 30-40¢ bucket at game start (2026-06-12)?
Sooth_QGen#3309783f5144	Will the Kalshi YES mid-market price for Miami (Miami vs Pittsburgh) land in the 10-20¢ bucket at game start (2026-06-12)?
Sooth_QGen#330b8b565bd9	Will the Kalshi YES mid-market price for New York M (St. Louis vs New York M) land in the 90-100¢ bucket at game start (2026-06-09)?
Sooth_QGen#33147833dbad	Will the Kalshi YES mid-market price for Chicago C (San Francisco vs Chicago C) land in the 80-90¢ bucket at game start (2026-06-05)?
Sooth_QGen#3344064ec1a3	Will the Kalshi YES mid-market price for St. Louis (Cincinnati vs St. Louis) land in the 30-40¢ bucket at game start (2026-06-06)?
Sooth_QGen#3348cb5fabbf	Will the Kalshi YES mid-market price for Miami (Miami vs Washington) land in the 90-100¢ bucket at game start (2026-06-02)?
Sooth_QGen#335e49220866	Will the Kalshi YES mid-market price for Boston (Boston vs Tampa Bay) land in the 10-20¢ bucket at game start (2026-06-10)?
Sooth_QGen#336742e7c76a	Will the Kalshi YES mid-market price for Pittsburgh (Miami vs Pittsburgh) land in the 40-50¢ bucket at game start (2026-06-14)?
Sooth_QGen#336d6e8c555a	Will the Kalshi YES mid-market price for A's (Milwaukee vs A's) land in the 50-60¢ bucket at game start (2026-06-09)?
Sooth_QGen#337018a00bcd	Will the Kalshi YES mid-market price for Minnesota (Chicago WS vs Minnesota) land in the 30-40¢ bucket at game start (2026-06-01)?
Sooth_QGen#3375ba7dbaf9	Will the Kalshi YES mid-market price for Colorado (Chicago C vs Colorado) land in the 80-90¢ bucket at game start (2026-06-11)?
Sooth_QGen#337e3612e446	Will the Kalshi YES mid-market price for San Diego (San Diego vs Philadelphia) land in the 20-30¢ bucket at game start (2026-06-03)?
Sooth_QGen#337ff7a37941	Will the Kalshi YES mid-market price for Miami (Miami vs Pittsburgh) land in the 0-10¢ bucket at game start (2026-06-14)?
Sooth_QGen#33811cbc86e8	Will the Kalshi YES mid-market price for Tampa Bay (Tampa Bay vs Los Angeles A) land in the 60-70¢ bucket at game start (2026-06-13)?
Sooth_QGen#339508962946	Will the Kalshi YES mid-market price for Atlanta (Atlanta vs Chicago WS) land in the 60-70¢ bucket at game start (2026-06-09)?
Sooth_QGen#339b6ef9ef70	Will the Kalshi YES mid-market price for Washington (Washington vs Arizona) land in the 50-60¢ bucket at game start (2026-06-07)?
Sooth_QGen#339fb8f20a50	Will the Kalshi YES mid-market price for Atlanta (Atlanta vs Cincinnati) land in the 0-10¢ bucket at game start (2026-05-29)?
Sooth_QGen#33a4f640cb79	Will the Kalshi YES mid-market price for Miami (Tampa Bay vs Miami) land in the 60-70¢ bucket at game start (2026-06-05)?
Sooth_QGen#33b2f8130ce8	Will the Kalshi YES mid-market price for Atlanta (Pittsburgh vs Atlanta) land in the 70-80¢ bucket at game start (2026-06-06)?
Sooth_QGen#33c0957eb32f	Will the Kalshi YES mid-market price for Pittsburgh (Pittsburgh vs Houston) land in the 30-40¢ bucket at game start (2026-06-03)?
Sooth_QGen#33c7bc13de79	Will the Kalshi YES mid-market price for St. Louis (St. Louis vs New York M) land in the 10-20¢ bucket at game start (2026-06-11)?
Sooth_QGen#33c99ea61081	Will the Kalshi YES mid-market price for Chicago C (San Francisco vs Chicago C) land in the 20-30¢ bucket at game start (2026-06-08)?
Sooth_QGen#33e42fdbf958	Will the Kalshi YES mid-market price for Milwaukee (Milwaukee vs A's) land in the 10-20¢ bucket at game start (2026-06-09)?
Sooth_QGen#33e8d633936a	Will the Kalshi YES mid-market price for Cincinnati (Kansas City vs Cincinnati) land in the 50-60¢ bucket at game start (2026-06-02)?
Sooth_QGen#33f9daca870f	Will the Kalshi YES mid-market price for the Carolina Hurricanes moneyline in NHL ECF Game 4 at Montreal be ≥ 51¢ at puck drop on May 27, 2026?
Sooth_QGen#33fdd3e65dee	Will the Kalshi YES mid-market price for Tampa Bay (Tampa Bay vs Los Angeles A) land in the 10-20¢ bucket at game start (2026-06-14)?
Sooth_QGen#340f296263b0	Will the Kalshi YES mid-market price for San Diego (San Diego vs Washington) land in the 10-20¢ bucket at game start (2026-05-29)?
Sooth_QGen#3421659064f6	Will the Kalshi YES mid-market for Carolina Hurricanes ML in ECF Game 2 vs. Canadiens be ≥ 60¢ at puck drop on May 23?
Sooth_QGen#342ce206831a	Will the Kalshi YES mid-market price for Arizona (Los Angeles D vs Arizona) land in the 40-50¢ bucket at game start (2026-06-02)?
Sooth_QGen#343a0321f352	Will the Kalshi YES mid-market price for New York M (Miami vs New York M) land in the 60-70¢ bucket at game start (2026-05-30)?
Sooth_QGen#34522d5fdf4f	Will the Kalshi YES mid-market price for Pittsburgh (Miami vs Pittsburgh) land in the 80-90¢ bucket at game start (2026-06-13)?
Sooth_QGen#34672f687726	Will the Kalshi YES mid-market price for Milwaukee (Philadelphia vs Milwaukee) land in the 90-100¢ bucket at game start (2026-06-12)?
Sooth_QGen#34763d805e4e	Will the Kalshi YES mid-market price for Houston (Houston vs Kansas City) land in the 90-100¢ bucket at game start (2026-06-13)?
Sooth_QGen#3478e1145a8b	Will the Kalshi YES mid-market price for New York M (Miami vs New York M) land in the 30-40¢ bucket at game start (2026-05-31)?
Sooth_QGen#3495c04e4b07	Will the Kalshi YES mid-market price for Arizona (Arizona vs Miami) land in the 20-30¢ bucket at game start (2026-06-09)?
Sooth_QGen#349896f833d2	Will the Kalshi YES mid-market price for Atlanta (Atlanta vs Chicago WS) land in the 0-10¢ bucket at game start (2026-06-11)?
Sooth_QGen#349fa5fff0ff	Will the Kalshi YES mid-market price for Texas (Kansas City vs Texas) land in the 10-20¢ bucket at game start (2026-05-30)?
Sooth_QGen#34a788602ba0	Will the Kalshi YES mid-market price for Detroit (Minnesota vs Detroit) land in the 60-70¢ bucket at game start (2026-06-11)?
Sooth_QGen#34aaa803111c	Will the Kalshi YES mid-market price for Washington (Seattle vs Washington) land in the 30-40¢ bucket at game start (2026-06-14)?
Sooth_QGen#34baf32086bb	Will the Kalshi YES mid-market price for Seattle (Seattle vs Detroit) land in the 50-60¢ bucket at game start (2026-06-06)?
Sooth_QGen#34d5c28c5467	Will the Kalshi YES mid-market price for Cleveland (Detroit vs Cleveland) land in the 60-70¢ bucket at game start (2026-06-14)?
Sooth_QGen#34de06927266	Will the Kalshi YES mid-market price for San Diego (New York M vs San Diego) land in the 20-30¢ bucket at game start (2026-06-07)?
Sooth_QGen#350e43112e13	Will the Kalshi YES mid-market price for A's (Seattle vs A's) land in the 90-100¢ bucket at game start (2026-05-27)?
Sooth_QGen#3515bbce0c75	Will the Kalshi YES mid-market price for A's (Milwaukee vs A's) land in the 60-70¢ bucket at game start (2026-06-11)?
Sooth_QGen#3517ca247a75	Will the Kalshi YES mid-market price for Milwaukee (Milwaukee vs Houston) land in the 0-10¢ bucket at game start (2026-05-30)?
Sooth_QGen#351fde255fad	Will the Kalshi YES mid-market price for Toronto (Philadelphia vs Toronto) land in the 0-10¢ bucket at game start (2026-06-10)?
Sooth_QGen#3528694d5f79	Will the Kalshi YES mid-market price for New York Y (New York Y vs Toronto) land in the 30-40¢ bucket at game start (2026-06-14)?
Sooth_QGen#352a1272e2f2	Will the Kalshi YES mid-market price for New York (Game 2: New York at San Antonio) land in the 30-40¢ bucket at game start (2026-06-06)?
Sooth_QGen#352f8ea24444	Will the Kalshi YES mid-market price for Tampa Bay (Tampa Bay vs Miami) land in the 50-60¢ bucket at game start (2026-06-05)?
Sooth_QGen#354359b0483b	Will the Kalshi YES mid-market price for Chicago WS (Atlanta vs Chicago WS) land in the 30-40¢ bucket at game start (2026-06-09)?
Sooth_QGen#3544899da2e6	Will the Kalshi YES mid-market price for New York Y (New York Y vs Cleveland) land in the 60-70¢ bucket at game start (2026-06-08)?
Sooth_QGen#355e3f9e8335	Will the Kalshi YES mid-market price for New York M (St. Louis vs New York M) land in the 50-60¢ bucket at game start (2026-06-10)?
Sooth_QGen#356ad51c1f30	Will the Kalshi YES mid-market price for New York Y (New York Y vs Toronto) land in the 60-70¢ bucket at game start (2026-06-14)?
Sooth_QGen#35882a3e1f6c	Will the Kalshi YES mid-market price for Los Angeles D (Philadelphia vs Los Angeles D) land in the 80-90¢ bucket at game start (2026-05-31)?
Sooth_QGen#35a74844635c	Will the Kalshi YES mid-market price for Arizona (Arizona vs Miami) land in the 50-60¢ bucket at game start (2026-06-09)?
Sooth_QGen#35c89bb94b45	Will the Kalshi YES mid-market price for New York Y (Boston vs New York Y) land in the 0-10¢ bucket at game start (2026-06-06)?
Sooth_QGen#35f2df578bbb	Will the Kalshi YES mid-market price for Houston (Pittsburgh vs Houston) land in the 90-100¢ bucket at game start (2026-06-04)?
Sooth_QGen#35f415b41470	Will the Kalshi YES mid-market price for Detroit (Detroit vs Tampa Bay) land in the 60-70¢ bucket at game start (2026-06-03)?
Sooth_QGen#35f849d2d2a4	Will the Kalshi YES mid-market price for Colorado (Chicago C vs Colorado) land in the 70-80¢ bucket at game start (2026-06-11)?
Sooth_QGen#35f9ffc0fed5	Will the Kalshi YES mid-market price for A's (Seattle vs A's) land in the 50-60¢ bucket at game start (2026-05-27)?
Sooth_QGen#35fd10b30059	Will the Kalshi YES mid-market price for A's (A's vs Houston) land in the 80-90¢ bucket at game start (2026-06-07)?
Sooth_QGen#3606441e0bc4	Will the Kalshi YES mid-market price for St. Louis (St. Louis vs New York M) land in the 30-40¢ bucket at game start (2026-06-09)?
Sooth_QGen#3612274fa6a8	Will the Kalshi YES mid-market price for Detroit (Minnesota vs Detroit) land in the 70-80¢ bucket at game start (2026-06-11)?
Sooth_QGen#36171b343a8c	Will the Kalshi YES mid-market price for Toronto (Philadelphia vs Toronto) land in the 30-40¢ bucket at game start (2026-06-10)?
Sooth_QGen#3622e0b152ff	Will the Kalshi YES mid-market price for Los Angeles D (Los Angeles D vs Arizona) land in the 40-50¢ bucket at game start (2026-06-04)?
Sooth_QGen#362b8afad3f6	Will the Kalshi YES mid-market price for Miami (Arizona vs Miami) land in the 60-70¢ bucket at game start (2026-06-11)?
Sooth_QGen#36361c4bd561	Will the Kalshi YES mid-market price for Houston (Pittsburgh vs Houston) land in the 10-20¢ bucket at game start (2026-06-04)?
Sooth_QGen#363679353738	Will the Kalshi YES mid-market price for Atlanta (Pittsburgh vs Atlanta) land in the 50-60¢ bucket at game start (2026-06-05)?
Sooth_QGen#364d41528567	Will the Kalshi YES mid-market price for Milwaukee (Milwaukee vs Colorado) land in the 30-40¢ bucket at game start (2026-06-07)?
Sooth_QGen#364fa6220a64	Will the Kalshi YES mid-market price for Los Angeles D (Philadelphia vs Los Angeles D) land in the 70-80¢ bucket at game start (2026-05-31)?
Sooth_QGen#3655b831d2d5	Will the Kalshi YES mid-market price for Seattle (Seattle vs Baltimore) land in the 70-80¢ bucket at game start (2026-06-11)?
Sooth_QGen#366f0ad114b9	Will the Kalshi YES mid-market price for Washington (Seattle vs Washington) land in the 20-30¢ bucket at game start (2026-06-14)?
Sooth_QGen#367b432c6a2b	Will the Kalshi YES mid-market price for Baltimore (Baltimore vs Boston) land in the 60-70¢ bucket at game start (2026-06-04)?
Sooth_QGen#36818c789d77	Will the Kalshi YES mid-market price for Seattle (Seattle vs Baltimore) land in the 60-70¢ bucket at game start (2026-06-08)?
Sooth_QGen#368c26be7117	Will the Kalshi YES mid-market price for Texas (Texas vs St. Louis) land in the 20-30¢ bucket at game start (2026-06-03)?
Sooth_QGen#36919fc56d62	Will the Kalshi YES mid-market price for A's (Milwaukee vs A's) land in the 20-30¢ bucket at game start (2026-06-09)?
Sooth_QGen#3691a2ce4e2f	Will the Kalshi YES mid-market price for Minnesota (Chicago WS vs Minnesota) land in the 80-90¢ bucket at game start (2026-06-01)?
Sooth_QGen#36972b9884bb	Will the Kalshi YES mid-market price for San Francisco (San Francisco vs Milwaukee) land in the 70-80¢ bucket at game start (2026-06-01)?
Sooth_QGen#3699590881a2	Will the Kalshi YES mid-market price for Pittsburgh (Pittsburgh vs Atlanta) land in the 0-10¢ bucket at game start (2026-06-05)?
Sooth_QGen#369a452435c4	Will the Kalshi YES mid-market price for Seattle (Seattle vs Baltimore) land in the 80-90¢ bucket at game start (2026-06-09)?
Sooth_QGen#369c8b82aab7	Will the Kalshi YES mid-market price for Kansas City (New York Y vs Kansas City) land in the 90-100¢ bucket at game start (2026-05-27)?
Sooth_QGen#36c115710e35	Will the Kalshi YES mid-market price for Cleveland (Boston vs Cleveland) land in the 60-70¢ bucket at game start (2026-05-30)?
Sooth_QGen#36c5bbc29439	Will the Kalshi YES mid-market price for San Diego (San Diego vs Baltimore) land in the 0-10¢ bucket at game start (2026-06-14)?
Sooth_QGen#36d49d88467b	Will the Kalshi YES mid-market price for Chicago WS (Chicago WS vs Minnesota) land in the 60-70¢ bucket at game start (2026-06-01)?
Sooth_QGen#36ea12a5dd80	Will the Kalshi YES mid-market price for CAR Hurricanes (Game 3: Carolina at Vegas) land in the 0-10¢ bucket at game start (2026-06-07)?
Sooth_QGen#36f441788bf6	Will the Kalshi YES mid-market price for Arizona (Arizona vs Cincinnati) land in the 30-40¢ bucket at game start (2026-06-14)?
Sooth_QGen#370449dbe23d	Will the Kalshi YES mid-market price for Chicago C (San Francisco vs Chicago C) land in the 10-20¢ bucket at game start (2026-06-05)?
Sooth_QGen#370da00d148d	Will the Kalshi YES mid-market price for Detroit (Minnesota vs Detroit) land in the 80-90¢ bucket at game start (2026-06-11)?
Sooth_QGen#371582743def	Will the Kalshi YES mid-market price for Miami (Miami vs New York M) land in the 70-80¢ bucket at game start (2026-05-31)?
Sooth_QGen#371eee38bdfe	Will the Kalshi YES mid-market price for Boston (Texas vs Boston) land in the 90-100¢ bucket at game start (2026-06-12)?
Sooth_QGen#372509a35495	Will the Kalshi YES mid-market price for Chicago WS (Los Angeles D vs Chicago WS) land in the 50-60¢ bucket at game start (2026-06-13)?
Sooth_QGen#3733edca3b15	Will the Kalshi YES mid-market price for CAR Hurricanes (Game 3: Carolina at Vegas) land in the 50-60¢ bucket at game start (2026-06-07)?
Sooth_QGen#374419d76c70	Will the Kalshi YES mid-market price for Chicago WS (Chicago WS vs Minnesota) land in the 10-20¢ bucket at game start (2026-06-02)?
Sooth_QGen#37493310fc13	Will the Kalshi YES mid-market price for Baltimore (Baltimore vs Boston) land in the 20-30¢ bucket at game start (2026-06-03)?
Sooth_QGen#375837055f70	Will the Kalshi YES mid-market price for Philadelphia (Philadelphia vs Milwaukee) land in the 20-30¢ bucket at game start (2026-06-14)?
Sooth_QGen#3761590d0420	Will the Kalshi YES mid-market price for Detroit (Seattle vs Detroit) land in the 90-100¢ bucket at game start (2026-06-06)?
Sooth_QGen#3766324900dc	Will the Kalshi YES mid-market price for Detroit (Detroit vs Cleveland) land in the 60-70¢ bucket at game start (2026-06-12)?
Sooth_QGen#3769b562742c	Will the Kalshi YES mid-market price for Milwaukee (Milwaukee vs Colorado) land in the 50-60¢ bucket at game start (2026-06-06)?
Sooth_QGen#376aabe51517	Will the Kalshi YES mid-market price for St. Louis (Cincinnati vs St. Louis) land in the 40-50¢ bucket at game start (2026-06-07)?
Sooth_QGen#377a4b928f5c	Will the Kalshi YES mid-market price for Colorado (Colorado vs A's) land in the 90-100¢ bucket at game start (2026-06-14)?
Sooth_QGen#378625be298a	Will the Kalshi YES mid-market price for Boston (Texas vs Boston) land in the 60-70¢ bucket at game start (2026-06-13)?
Sooth_QGen#37995b732872	Will the Kalshi YES mid-market price for Minnesota (Minnesota vs Detroit) land in the 0-10¢ bucket at game start (2026-06-11)?
Sooth_QGen#37a001f76422	Will the Kalshi YES mid-market price for Los Angeles D (Tampa Bay vs Los Angeles D) land in the 80-90¢ bucket at game start (2026-06-16)?
Sooth_QGen#37a684ee75a6	Will the Kalshi YES mid-market price for A's (A's vs Houston) land in the 0-10¢ bucket at game start (2026-06-06)?
Sooth_QGen#37c3576d6b47	Will the Kalshi YES mid-market price for Minnesota (Will Minnesota win the Green Bay vs Minnesota Pro Football game) land in the 70-80¢ bucket at game start (2026-09-13)?
Sooth_QGen#37cae9ad3685	Will the Kalshi YES mid-market price for Chicago (Will Chicago win the Chicago vs Carolina Pro Football game) land in the 90-100¢ bucket at game start (2026-09-13)?
Sooth_QGen#37cf2ec38e19	Will the Kalshi YES mid-market price for San Diego (New York M vs San Diego) land in the 70-80¢ bucket at game start (2026-06-06)?
Sooth_QGen#37dcd2822705	Will the Kalshi YES mid-market price for Chicago C (A's vs Chicago C) land in the 30-40¢ bucket at game start (2026-06-03)?
Sooth_QGen#37de79461c1b	Will the Kalshi YES mid-market price for Miami (Tampa Bay vs Miami) land in the 40-50¢ bucket at game start (2026-06-06)?
Sooth_QGen#37f554038689	Will the Kalshi YES mid-market price for Kansas City (Kansas City vs Cincinnati) land in the 50-60¢ bucket at game start (2026-06-03)?
Sooth_QGen#37f7d412ca8b	Will the Kalshi YES mid-market price for Philadelphia (Philadelphia vs Toronto) land in the 70-80¢ bucket at game start (2026-06-10)?
Sooth_QGen#380d0ac26fa3	Will the Kalshi YES mid-market price for Boston (Boston vs New York Y) land in the 20-30¢ bucket at game start (2026-06-05)?
Sooth_QGen#38185f696e3d	Will the Kalshi YES mid-market price for Atlanta (Atlanta vs Chicago WS) land in the 20-30¢ bucket at game start (2026-06-10)?
Sooth_QGen#381d85108fe1	Will the Kalshi YES mid-market price for St. Louis (Texas vs St. Louis) land in the 80-90¢ bucket at game start (2026-06-01)?
Sooth_QGen#382982cd870a	Will the Kalshi YES mid-market price for Houston (Pittsburgh vs Houston) land in the 40-50¢ bucket at game start (2026-06-04)?
Sooth_QGen#383576aadbc8	Will the Kalshi YES mid-market price for Milwaukee (San Francisco vs Milwaukee) land in the 40-50¢ bucket at game start (2026-06-02)?
Sooth_QGen#3850cfd56279	Will the Kalshi YES mid-market price for Baltimore (Seattle vs Baltimore) land in the 50-60¢ bucket at game start (2026-06-09)?
Sooth_QGen#386644eda536	Will the Kalshi YES mid-market price for A's (A's vs Chicago C) land in the 40-50¢ bucket at game start (2026-06-05)?
Sooth_QGen#386734eb697b	Will the Kalshi YES mid-market price for Los Angeles A (Los Angeles A vs Tampa Bay) land in the 30-40¢ bucket at game start (2026-05-31)?
Sooth_QGen#3873544a898d	Will the Kalshi YES mid-market price for Tampa Bay (Tampa Bay vs Los Angeles A) land in the 0-10¢ bucket at game start (2026-06-13)?
Sooth_QGen#38a9443fc871	Will the Kalshi YES mid-market price for Colorado (Colorado vs Los Angeles A) land in the 0-10¢ bucket at game start (2026-06-04)?
Sooth_QGen#38b3f062ed80	Will the Kalshi YES mid-market price for Pittsburgh (Will Pittsburgh win the Atlanta vs Pittsburgh Pro Football game) land in the 30-40¢ bucket at game start (2026-09-13)?
Sooth_QGen#38b63eb62884	Will the Kalshi YES mid-market price for Pittsburgh (Pittsburgh vs Atlanta) land in the 50-60¢ bucket at game start (2026-06-05)?
Sooth_QGen#38bc0bc8edd9	Will the Kalshi YES mid-market price for Philadelphia (Philadelphia vs Milwaukee) land in the 40-50¢ bucket at game start (2026-06-14)?
Sooth_QGen#38c152a0c0c1	Will the Kalshi YES mid-market price for Carolina (Will Carolina win the Chicago vs Carolina Pro Football game) land in the 70-80¢ bucket at game start (2026-09-13)?
Sooth_QGen#38c78a7b5ea7	Will the Kalshi YES mid-market price for Boston (Baltimore vs Boston) land in the 0-10¢ bucket at game start (2026-06-02)?
Sooth_QGen#38c9576bde59	Will the Kalshi YES mid-market price for Philadelphia (Philadelphia vs Los Angeles D) land in the 80-90¢ bucket at game start (2026-05-31)?
Sooth_QGen#38c9d035d70b	Will the Kalshi YES mid-market price for Cleveland (New York Y vs Cleveland) land in the 20-30¢ bucket at game start (2026-06-08)?
Sooth_QGen#38ca9d004de5	Will the Kalshi YES mid-market price for Miami (Arizona vs Miami) land in the 30-40¢ bucket at game start (2026-06-11)?
Sooth_QGen#38cab22c5e92	Will the Kalshi YES mid-market price for Kansas City (Houston vs Kansas City) land in the 80-90¢ bucket at game start (2026-06-13)?
Sooth_QGen#38d1dfec5da1	Will the Kalshi YES mid-market price for Baltimore (Seattle vs Baltimore) land in the 70-80¢ bucket at game start (2026-06-08)?
Sooth_QGen#38dcb0443a1e	Will the Kalshi YES mid-market price for Detroit (Detroit vs Tampa Bay) land in the 20-30¢ bucket at game start (2026-06-03)?
Sooth_QGen#38e0c174599e	Will the Kalshi YES mid-market price for Houston (Houston vs Kansas City) land in the 90-100¢ bucket at game start (2026-06-13)?
Sooth_QGen#38f252ff6cd1	Will the Kalshi YES mid-market price for Atlanta (Atlanta vs Cincinnati) land in the 10-20¢ bucket at game start (2026-05-31)?
Sooth_QGen#38fd515d05f5	Will the Kalshi YES mid-market price for Washington (Seattle vs Washington) land in the 90-100¢ bucket at game start (2026-06-12)?
Sooth_QGen#38fe2653ccab	Will the Kalshi YES mid-market price for Houston (Houston vs Los Angeles A) land in the 40-50¢ bucket at game start (2026-06-11)?
Sooth_QGen#38fee160087a	Will the Kalshi YES mid-market price for VGK Golden Knights (Game 4: Carolina at Vegas) land in the 70-80¢ bucket at game start (2026-06-10)?
Sooth_QGen#391523c32c79	Will the Kalshi YES mid-market price for San Diego (San Diego vs St. Louis) land in the 10-20¢ bucket at game start (2026-06-15)?
Sooth_QGen#391caf9d3fbb	Will the Kalshi YES mid-market price for Los Angeles D (Los Angeles D vs Chicago WS) land in the 0-10¢ bucket at game start (2026-06-12)?
Sooth_QGen#391ef58f9cca	Will the Kalshi YES mid-market price for San Diego (New York M vs San Diego) land in the 0-10¢ bucket at game start (2026-06-06)?
Sooth_QGen#393328747d6e	Will the Kalshi YES mid-market price for Colorado (Milwaukee vs Colorado) land in the 70-80¢ bucket at game start (2026-06-07)?
Sooth_QGen#393dfc87edb1	Will the Kalshi YES mid-market price for Baltimore (Baltimore vs Boston) land in the 90-100¢ bucket at game start (2026-06-02)?
Sooth_QGen#394a54c37bac	Will the Kalshi YES mid-market price for Atlanta (Atlanta vs Cincinnati) land in the 20-30¢ bucket at game start (2026-05-30)?
Sooth_QGen#395113313cf5	Will the Kalshi YES mid-market price for Arizona (Arizona vs Seattle) land in the 90-100¢ bucket at game start (2026-05-31)?
Sooth_QGen#3961b1c5ddcb	Will the Kalshi YES mid-market price for Chicago WS (Los Angeles D vs Chicago WS) land in the 80-90¢ bucket at game start (2026-06-14)?
Sooth_QGen#3963c790afdf	Will the Kalshi YES mid-market price for Chicago C (A's vs Chicago C) land in the 40-50¢ bucket at game start (2026-06-04)?
Sooth_QGen#3975ede1196a	Will the Kalshi YES mid-market price for Pittsburgh (Pittsburgh vs Houston) land in the 0-10¢ bucket at game start (2026-06-05)?
Sooth_QGen#39775d07464e	Will the Kalshi YES mid-market price for Cleveland (Boston vs Cleveland) land in the 80-90¢ bucket at game start (2026-05-30)?
Sooth_QGen#3979ff6c11cc	Will the Kalshi YES mid-market price for Minnesota (Minnesota vs Texas) land in the 20-30¢ bucket at game start (2026-06-16)?
Sooth_QGen#397bcf714e0d	Will the Kalshi YES mid-market price for Philadelphia (Chicago WS vs Philadelphia) land in the 30-40¢ bucket at game start (2026-06-07)?
Sooth_QGen#399113b94e13	Will the Kalshi YES mid-market price for Los Angeles A (Los Angeles A vs Tampa Bay) land in the 40-50¢ bucket at game start (2026-05-31)?
Sooth_QGen#39aca682b757	Will the Kalshi YES mid-market price for Los Angeles A (Los Angeles A vs Tampa Bay) land in the 30-40¢ bucket at game start (2026-05-29)?
Sooth_QGen#39b56eca4dfc	Will the Kalshi YES mid-market price for Minnesota (Minnesota vs Texas) land in the 80-90¢ bucket at game start (2026-06-16)?
Sooth_QGen#39d4cd497642	Will the Kalshi YES mid-market price for Atlanta (Atlanta vs New York M) land in the 40-50¢ bucket at game start (2026-06-13)?
Sooth_QGen#39d6beddc1c1	Will the Kalshi YES mid-market price for Chicago WS (Detroit vs Chicago WS) land in the 30-40¢ bucket at game start (2026-05-31)?
Sooth_QGen#3a302212b83f	Will the Kalshi YES mid-market price for Boston (Baltimore vs Boston) land in the 70-80¢ bucket at game start (2026-06-04)?
Sooth_QGen#3a31e9bd900a	Will the Kalshi YES mid-market price for A's (A's vs Houston) land in the 50-60¢ bucket at game start (2026-06-06)?
Sooth_QGen#3a33c0e8df1d	Will the Kalshi YES mid-market price for San Diego (San Diego vs Philadelphia) land in the 10-20¢ bucket at game start (2026-06-04)?
Sooth_QGen#3a37004a69a4	Will the Kalshi YES mid-market price for Washington (Miami vs Washington) land in the 10-20¢ bucket at game start (2026-06-02)?
Sooth_QGen#3a3953018f73	Will the Kalshi YES mid-market price for Miami (Arizona vs Miami) land in the 0-10¢ bucket at game start (2026-06-10)?
Sooth_QGen#3a55b3f5be98	Will the Kalshi YES mid-market price for Philadelphia (Philadelphia vs Los Angeles D) land in the 60-70¢ bucket at game start (2026-05-31)?
Sooth_QGen#3a56a803b4a0	Will the Kalshi YES mid-market price for Los Angeles A (Los Angeles A vs Los Angeles D) land in the 20-30¢ bucket at game start (2026-06-06)?
Sooth_QGen#3a70b5825fe8	Will the Kalshi YES mid-market price for Pittsburgh (Los Angeles D vs Pittsburgh) land in the 80-90¢ bucket at game start (2026-06-09)?
Sooth_QGen#3a7572b36f76	Will the Kalshi YES mid-market price for Boston (Boston vs New York Y) land in the 40-50¢ bucket at game start (2026-06-05)?
Sooth_QGen#3a88b644de2e	Will the Kalshi YES mid-market price for Colorado (Colorado vs A's) land in the 0-10¢ bucket at game start (2026-06-14)?
Sooth_QGen#3a8d3309bbca	Will the Kalshi YES mid-market price for Baltimore (Baltimore vs Boston) land in the 20-30¢ bucket at game start (2026-06-02)?
Sooth_QGen#3a959c7adf9c	Will the Kalshi YES mid-market price for Cincinnati (Arizona vs Cincinnati) land in the 30-40¢ bucket at game start (2026-06-13)?
Sooth_QGen#3aaef0d73066	Will the Kalshi YES mid-market price for Boston (Boston vs New York Y) land in the 70-80¢ bucket at game start (2026-06-07)?
Sooth_QGen#3ab952e546ad	Will the Kalshi YES mid-market price for Chicago WS (Chicago WS vs Minnesota) land in the 20-30¢ bucket at game start (2026-06-01)?
Sooth_QGen#3ad3facac725	Will the Kalshi YES mid-market price for Chicago C (Chicago C vs Colorado) land in the 40-50¢ bucket at game start (2026-06-10)?
Sooth_QGen#3add3ddf8a3f	Will the Kalshi YES mid-market price for Texas (Texas vs St. Louis) land in the 50-60¢ bucket at game start (2026-06-02)?
Sooth_QGen#3adf6c665000	Will the Kalshi YES mid-market price for Minnesota (St. Louis vs Minnesota) land in the 60-70¢ bucket at game start (2026-06-13)?
Sooth_QGen#3ae5095b4fce	Will the Kalshi YES mid-market price for Milwaukee (Milwaukee vs Colorado) land in the 20-30¢ bucket at game start (2026-06-07)?
Sooth_QGen#3aed0b06d284	Will the Kalshi YES mid-market price for New York Y (New York Y vs Toronto) land in the 70-80¢ bucket at game start (2026-06-12)?
Sooth_QGen#3af9672a6db8	Will the Kalshi YES mid-market price for Colorado (Colorado vs Los Angeles A) land in the 40-50¢ bucket at game start (2026-06-03)?
Sooth_QGen#3afc0d7a1768	Will the Kalshi YES mid-market price for Baltimore (Will Baltimore win the Baltimore vs Indianapolis Pro Football game) land in the 10-20¢ bucket at game start (2026-09-13)?
Sooth_QGen#3afe24807c5d	Will the Kalshi YES mid-market price for Houston (Will Houston win the Buffalo vs Houston Pro Football game) land in the 70-80¢ bucket at game start (2026-09-13)?
Sooth_QGen#3b10aa5dc347	Will the Kalshi YES mid-market price for Toronto (Baltimore vs Toronto) land in the 40-50¢ bucket at game start (2026-06-07)?
Sooth_QGen#3b15343a83b4	Will the Kalshi YES mid-market price for Philadelphia (Will Philadelphia win the Washington vs Philadelphia Pro Football game) land in the 40-50¢ bucket at game start (2026-09-13)?
Sooth_QGen#3b15c8755eef	Will the Kalshi YES mid-market price for Colorado (San Francisco vs Colorado) land in the 10-20¢ bucket at game start (2026-05-31)?
Sooth_QGen#3b3f34063988	Will the Kalshi YES mid-market price for Chicago C (Chicago C vs St. Louis) land in the 50-60¢ bucket at game start (2026-05-30)?
Sooth_QGen#3b41d2fa674c	Will the Kalshi YES mid-market price for A's (A's vs Houston) land in the 0-10¢ bucket at game start (2026-06-06)?
Sooth_QGen#3b45c70a5847	Will the Kalshi YES mid-market price for Chicago C (Chicago C vs Colorado) land in the 0-10¢ bucket at game start (2026-06-10)?
Sooth_QGen#3b49203a5248	Will the Kalshi YES mid-market price for Tampa Bay (Tampa Bay vs Miami) land in the 10-20¢ bucket at game start (2026-06-05)?
Sooth_QGen#3b5b4cf252f5	Will the Kalshi YES mid-market price for Seattle (Arizona vs Seattle) land in the 70-80¢ bucket at game start (2026-05-31)?
Sooth_QGen#3b5e7a81b3c0	Will the Kalshi YES mid-market price for St. Louis (Chicago C vs St. Louis) land in the 90-100¢ bucket at game start (2026-05-29)?
Sooth_QGen#3b7714711971	Will the Kalshi YES mid-market price for San Francisco (San Francisco vs Chicago C) land in the 30-40¢ bucket at game start (2026-06-08)?
Sooth_QGen#3b7cbea77fa3	Will the Kalshi YES mid-market price for Cleveland (Cleveland vs New York Y) land in the 30-40¢ bucket at game start (2026-06-03)?
Sooth_QGen#3b88fd4cb387	Will the Kalshi YES mid-market price for Washington (Miami vs Washington) land in the 40-50¢ bucket at game start (2026-06-01)?
Sooth_QGen#3b91135bf348	Will the Kalshi YES mid-market price for A's (Colorado vs A's) land in the 20-30¢ bucket at game start (2026-06-13)?
Sooth_QGen#3ba9799d2f7f	Will the Kalshi YES mid-market price for Cincinnati (Cincinnati vs San Diego) land in the 80-90¢ bucket at game start (2026-06-10)?
Sooth_QGen#3ba9b30467b9	Will the Kalshi YES mid-market price for VGK Golden Knights (Game 3: Carolina at Vegas) land in the 10-20¢ bucket at game start (2026-06-07)?
Sooth_QGen#3bb8c5c15ebe	Will the Kalshi YES mid-market price for Tampa Bay (Boston vs Tampa Bay) land in the 90-100¢ bucket at game start (2026-06-10)?
Sooth_QGen#3bc206d21b22	Will the Kalshi YES mid-market price for Colorado (Colorado vs Los Angeles A) land in the 30-40¢ bucket at game start (2026-06-04)?
Sooth_QGen#3beb82c22295	Will the Kalshi YES mid-market price for San Diego (San Diego vs Baltimore) land in the 60-70¢ bucket at game start (2026-06-14)?
Sooth_QGen#3bed5f5e9e5a	Will the Kalshi YES mid-market price for Philadelphia (San Diego vs Philadelphia) land in the 40-50¢ bucket at game start (2026-06-03)?
Sooth_QGen#3bef9a99096a	Will the Kalshi YES mid-market price for CAR Hurricanes (Game 5: Vegas at Carolina) land in the 60-70¢ bucket at game start (2026-06-12)?
Sooth_QGen#3bfeccbe1546	Will the Kalshi YES mid-market price for Houston (Milwaukee vs Houston) land in the 90-100¢ bucket at game start (2026-05-31)?
Sooth_QGen#3bff6896ab28	Will the Kalshi YES mid-market price for Kansas City (Texas vs Kansas City) land in the 70-80¢ bucket at game start (2026-06-10)?
Sooth_QGen#3c0a099a0b03	Will the Kalshi YES mid-market price for Los Angeles A (Los Angeles A vs Tampa Bay) land in the 10-20¢ bucket at game start (2026-05-31)?
Sooth_QGen#3c0aabd875cf	Will the Kalshi YES mid-market price for New York M (Atlanta vs New York M) land in the 30-40¢ bucket at game start (2026-06-14)?
Sooth_QGen#3c286978bbef	Will the Kalshi YES mid-market price for Texas (Texas vs Boston) land in the 50-60¢ bucket at game start (2026-06-14)?
Sooth_QGen#3c38600ee43c	Will the Kalshi YES mid-market price for CAR Hurricanes (Game 4: Carolina at Vegas) land in the 10-20¢ bucket at game start (2026-06-10)?
Sooth_QGen#3c44a9bfecdb	Will the Kalshi YES mid-market price for Kansas City (Texas vs Kansas City) land in the 10-20¢ bucket at game start (2026-06-11)?
Sooth_QGen#3c45f277c99e	Will the Kalshi YES mid-market price for Boston (Boston vs Cleveland) land in the 60-70¢ bucket at game start (2026-05-30)?
Sooth_QGen#3c536c328986	Will the Kalshi YES mid-market price for Miami (Miami vs Pittsburgh) land in the 30-40¢ bucket at game start (2026-06-12)?
Sooth_QGen#3c58daf9d1c1	Will the Kalshi YES mid-market price for Washington (Washington vs Cleveland) land in the 60-70¢ bucket at game start (2026-05-27)?
Sooth_QGen#3c5eb3de02d1	Will the Kalshi YES mid-market price for Milwaukee (Philadelphia vs Milwaukee) land in the 60-70¢ bucket at game start (2026-06-12)?
Sooth_QGen#3c87083a230c	Will the Kalshi YES mid-market price for Tampa Bay (Los Angeles A vs Tampa Bay) land in the 40-50¢ bucket at game start (2026-05-29)?
Sooth_QGen#3c8aa599162a	Will the Kalshi YES mid-market price for San Antonio (Game 3: San Antonio at New York) land in the 60-70¢ bucket at game start (2026-06-09)?
Sooth_QGen#3c90cedbe206	Will the Kalshi YES mid-market price for Houston (Pittsburgh vs Houston) land in the 10-20¢ bucket at game start (2026-06-03)?
Sooth_QGen#3c935fea825b	Will the Kalshi YES mid-market price for Texas (Cleveland vs Texas) land in the 10-20¢ bucket at game start (2026-06-06)?
Sooth_QGen#3c9603d954f8	Will the Kalshi YES mid-market price for Milwaukee (Milwaukee vs A's) land in the 70-80¢ bucket at game start (2026-06-11)?
Sooth_QGen#3c9ff2ce0378	Will the Kalshi YES mid-market price for San Francisco (Chicago C vs San Francisco) land in the 10-20¢ bucket at game start (2026-06-14)?
Sooth_QGen#3cab8fc89358	Will the Kalshi YES mid-market price for New York M (Miami vs New York M) land in the 0-10¢ bucket at game start (2026-05-29)?
Sooth_QGen#3cbbc02c94cb	Will the Kalshi YES mid-market price for St. Louis (Cincinnati vs St. Louis) land in the 10-20¢ bucket at game start (2026-06-07)?
Sooth_QGen#3cc2ad9b66aa	Will the Kalshi YES mid-market price for Los Angeles A (Tampa Bay vs Los Angeles A) land in the 90-100¢ bucket at game start (2026-06-13)?
Sooth_QGen#3cdb75d4650e	Will the Kalshi YES mid-market price for Pittsburgh (Pittsburgh vs Houston) land in the 30-40¢ bucket at game start (2026-06-05)?
Sooth_QGen#3ce247c458a3	Will the Kalshi YES mid-market price for Tennessee (Will Tennessee win the New York J vs Tennessee Pro Football game) land in the 90-100¢ bucket at game start (2026-09-13)?
Sooth_QGen#3ce6896049b5	Will the Kalshi YES mid-market price for Texas (Texas vs Kansas City) land in the 20-30¢ bucket at game start (2026-06-09)?
Sooth_QGen#3ce9146f82d5	Will the Kalshi YES mid-market price for Boston (Texas vs Boston) land in the 50-60¢ bucket at game start (2026-06-13)?
Sooth_QGen#3cf743d84e5e	Will the Kalshi YES mid-market price for Chicago C (San Francisco vs Chicago C) land in the 0-10¢ bucket at game start (2026-06-06)?
Sooth_QGen#3d04087d7365	Will the Kalshi YES mid-market price for Baltimore (San Diego vs Baltimore) land in the 10-20¢ bucket at game start (2026-06-12)?
Sooth_QGen#3d11fbb4abee	Will the Kalshi YES mid-market price for New York (Game 1: New York at San Antonio) land in the 30-40¢ bucket at game start (2026-06-04)?
Sooth_QGen#3d22f6d6de08	Will the Kalshi YES mid-market price for Chicago C (Chicago C vs San Francisco) land in the 70-80¢ bucket at game start (2026-06-14)?
Sooth_QGen#3d2e2659d7ef	Will the Kalshi YES mid-market price for Houston (Pittsburgh vs Houston) land in the 0-10¢ bucket at game start (2026-06-05)?
Sooth_QGen#3d2f2ba2159d	Will the Kalshi YES mid-market price for Tampa Bay (Tampa Bay vs Miami) land in the 70-80¢ bucket at game start (2026-06-07)?
Sooth_QGen#3d372354d531	Will the Kalshi YES mid-market price for Cleveland (New York Y vs Cleveland) land in the 80-90¢ bucket at game start (2026-06-10)?
Sooth_QGen#3d46af79d493	Will the Kalshi YES mid-market price for Cincinnati (Cincinnati vs San Diego) land in the 40-50¢ bucket at game start (2026-06-10)?
Sooth_QGen#3d59383bf431	Will the Kalshi YES mid-market price for Washington (Seattle vs Washington) land in the 90-100¢ bucket at game start (2026-06-13)?
Sooth_QGen#3d69ee2f92c0	Will the Kalshi YES mid-market price for San Diego (San Diego vs Baltimore) land in the 50-60¢ bucket at game start (2026-06-14)?
Sooth_QGen#3d7297be95bc	Will the Kalshi YES mid-market price for Chicago WS (Chicago WS vs Philadelphia) land in the 90-100¢ bucket at game start (2026-06-05)?
Sooth_QGen#3d74538a9061	Will the Kalshi YES mid-market price for Tampa Bay (Tampa Bay vs Miami) land in the 60-70¢ bucket at game start (2026-06-05)?
Sooth_QGen#3d951b84e48a	Will the Kalshi YES mid-market price for Kansas City (Houston vs Kansas City) land in the 50-60¢ bucket at game start (2026-06-13)?
Sooth_QGen#3d97018f2ea5	Will the Kalshi YES mid-market price for Minnesota (Kansas City vs Minnesota) land in the 80-90¢ bucket at game start (2026-06-06)?
Sooth_QGen#3d993b85eb9f	Will the Kalshi YES mid-market price for Atlanta (Atlanta vs Cincinnati) land in the 0-10¢ bucket at game start (2026-05-31)?
Sooth_QGen#3d9f22e57bbb	Will the Kalshi YES mid-market price for New York M (St. Louis vs New York M) land in the 90-100¢ bucket at game start (2026-06-10)?
Sooth_QGen#3da443a14f34	Will the Kalshi YES mid-market price for Miami (Will Miami win the Miami vs Las Vegas Pro Football game) land in the 40-50¢ bucket at game start (2026-09-13)?
Sooth_QGen#3dacd6b540f1	Will the Kalshi YES mid-market price for Minnesota (Minnesota vs Pittsburgh) land in the 80-90¢ bucket at game start (2026-05-29)?
Sooth_QGen#3db4f6cabd32	Will the Kalshi YES mid-market price for San Francisco (Washington vs San Francisco) land in the 90-100¢ bucket at game start (2026-06-10)?
Sooth_QGen#3dc732c58d21	Will the Kalshi YES mid-market price for Toronto (Toronto vs Atlanta) land in the 80-90¢ bucket at game start (2026-06-04)?
Sooth_QGen#3dcc8331662c	Will the Kalshi YES mid-market price for Milwaukee (Milwaukee vs Houston) land in the 20-30¢ bucket at game start (2026-05-31)?
Sooth_QGen#3dd70ee585b2	Will the Kalshi YES mid-market price for Philadelphia (Chicago WS vs Philadelphia) land in the 40-50¢ bucket at game start (2026-06-06)?
Sooth_QGen#3ddf7db8249c	Will the Kalshi YES mid-market price for Atlanta (Pittsburgh vs Atlanta) land in the 80-90¢ bucket at game start (2026-06-05)?
Sooth_QGen#3de6e92e660a	Will the Kalshi YES mid-market price for New York Y (New York Y vs Cleveland) land in the 0-10¢ bucket at game start (2026-06-10)?
Sooth_QGen#3df5ed855969	Will the Kalshi YES mid-market price for VGK Golden Knights (Game 6: Carolina at Vegas) land in the 50-60¢ bucket at game start (2026-06-15)?
Sooth_QGen#3df663bb94ab	Will the Kalshi YES mid-market price for Chicago WS (Detroit vs Chicago WS) land in the 10-20¢ bucket at game start (2026-05-30)?
Sooth_QGen#3e0ed1979d57	Will the Kalshi YES mid-market price for Houston (A's vs Houston) land in the 30-40¢ bucket at game start (2026-06-06)?
Sooth_QGen#3e128d97ec0d	Will the Kalshi YES mid-market price for Cleveland (Cleveland vs New York Y) land in the 70-80¢ bucket at game start (2026-06-03)?
Sooth_QGen#3e2035f40940	Will the Kalshi YES mid-market price for Los Angeles D (Los Angeles D vs Arizona) land in the 80-90¢ bucket at game start (2026-06-02)?
Sooth_QGen#3e28ead52c5a	Will the Kalshi YES mid-market price for Los Angeles D (Los Angeles D vs Arizona) land in the 60-70¢ bucket at game start (2026-06-03)?
Sooth_QGen#3e2af6430f11	Will the Kalshi YES mid-market price for New York M (Atlanta vs New York M) land in the 20-30¢ bucket at game start (2026-06-12)?
Sooth_QGen#3e2e5644cf2f	Will the Kalshi YES mid-market price for St. Louis (Chicago C vs St. Louis) land in the 40-50¢ bucket at game start (2026-05-30)?
Sooth_QGen#3e34dba9c4cf	Will the Kalshi YES mid-market price for Chicago C (Chicago C vs St. Louis) land in the 60-70¢ bucket at game start (2026-05-30)?
Sooth_QGen#3e5149ae817c	Will the Kalshi YES mid-market price for New York M (New York M vs Cincinnati) land in the 10-20¢ bucket at game start (2026-06-15)?
Sooth_QGen#3e521e575229	Will the Kalshi YES mid-market price for Pittsburgh (Pittsburgh vs Houston) land in the 90-100¢ bucket at game start (2026-06-03)?
Sooth_QGen#3e5539e7cbd8	Will the Kalshi YES mid-market price for Colorado (San Francisco vs Colorado) land in the 50-60¢ bucket at game start (2026-05-30)?
Sooth_QGen#3e5f636e9c0b	Will the Kalshi YES mid-market price for Baltimore (Seattle vs Baltimore) land in the 10-20¢ bucket at game start (2026-06-10)?
Sooth_QGen#3e7ef658bd99	Will the Kalshi YES mid-market price for Los Angeles D (Philadelphia vs Los Angeles D) land in the 70-80¢ bucket at game start (2026-05-30)?
Sooth_QGen#3e881e206590	Will the Kalshi YES mid-market price for Seattle (Will Seattle win the New England vs Seattle Pro Football game) land in the 0-10¢ bucket at game start (2026-09-09)?
Sooth_QGen#3e9a4fe9cc9b	Will the Kalshi YES mid-market price for Washington (Washington vs Arizona) land in the 10-20¢ bucket at game start (2026-06-06)?
Sooth_QGen#3ea59dc8422a	Will the Kalshi YES mid-market price for San Francisco (Chicago C vs San Francisco) land in the 50-60¢ bucket at game start (2026-06-14)?
Sooth_QGen#3eb7b587ea1f	Will the Kalshi YES mid-market price for Arizona (Arizona vs Seattle) land in the 20-30¢ bucket at game start (2026-05-31)?
Sooth_QGen#3eb83fcccf90	Will the Kalshi YES mid-market price for Los Angeles D (Los Angeles D vs Pittsburgh) land in the 30-40¢ bucket at game start (2026-06-10)?
Sooth_QGen#3ebcc289ae1a	Will the Kalshi YES mid-market price for St. Louis (St. Louis vs New York M) land in the 70-80¢ bucket at game start (2026-06-11)?
Sooth_QGen#3ec06032109f	Will the Kalshi YES mid-market price for Texas (Kansas City vs Texas) land in the 50-60¢ bucket at game start (2026-05-30)?
Sooth_QGen#3ecd60d9d418	Will the Kalshi YES mid-market price for Atlanta (Atlanta vs New York M) land in the 20-30¢ bucket at game start (2026-06-13)?
Sooth_QGen#3edeb96fe4b9	Will the Kalshi YES mid-market price for New York (Game 2: New York at San Antonio) land in the 20-30¢ bucket at game start (2026-06-06)?
Sooth_QGen#3edffbfc3f18	Will the Kalshi YES mid-market price for Milwaukee (San Francisco vs Milwaukee) land in the 60-70¢ bucket at game start (2026-06-04)?
Sooth_QGen#3ee5b66f6bee	Will the Kalshi YES mid-market price for Seattle (New York M vs Seattle) land in the 90-100¢ bucket at game start (2026-06-03)?
Sooth_QGen#3eef5bae0e3a	Will the Kalshi YES mid-market price for Detroit (Detroit vs Tampa Bay) land in the 80-90¢ bucket at game start (2026-06-01)?
Sooth_QGen#3ef18ce569c8	Will the Kalshi YES mid-market price for Pittsburgh (Will Pittsburgh win the Atlanta vs Pittsburgh Pro Football game) land in the 0-10¢ bucket at game start (2026-09-13)?
Sooth_QGen#3ef282703d17	Will the Kalshi YES mid-market price for San Antonio (Game 1: New York at San Antonio) land in the 60-70¢ bucket at game start (2026-06-04)?
Sooth_QGen#3f059eaa353b	Will the Kalshi YES mid-market price for Cleveland (Washington vs Cleveland) land in the 70-80¢ bucket at game start (2026-05-27)?
Sooth_QGen#3f0cb734c89d	Will the Kalshi YES mid-market price for New York Y (New York Y vs Cleveland) land in the 30-40¢ bucket at game start (2026-06-10)?
Sooth_QGen#3f49e949dc37	Will the Kalshi YES mid-market price for Pittsburgh (Pittsburgh vs Houston) land in the 0-10¢ bucket at game start (2026-06-04)?
Sooth_QGen#3f4afa7a7e6a	Will the Kalshi YES mid-market price for Minnesota (Chicago WS vs Minnesota) land in the 40-50¢ bucket at game start (2026-06-01)?
Sooth_QGen#3f4f5e34f79e	Will the Kalshi YES mid-market price for Los Angeles D (Los Angeles D vs Pittsburgh) land in the 70-80¢ bucket at game start (2026-06-10)?
Sooth_QGen#3f551bf52e2b	Will the Kalshi YES mid-market price for Miami (Tampa Bay vs Miami) land in the 30-40¢ bucket at game start (2026-06-06)?
Sooth_QGen#3f5800e8ec1d	Will the Kalshi YES mid-market price for Tampa Bay (Los Angeles A vs Tampa Bay) land in the 60-70¢ bucket at game start (2026-05-29)?
Sooth_QGen#3f647cc14b24	Will the Kalshi YES mid-market price for Colorado (San Francisco vs Colorado) land in the 70-80¢ bucket at game start (2026-05-30)?
Sooth_QGen#3f804c9b48a3	Will the Kalshi YES mid-market price for Atlanta (Pittsburgh vs Atlanta) land in the 90-100¢ bucket at game start (2026-06-05)?
Sooth_QGen#3f93d46cc91d	Will the Kalshi YES mid-market price for Cincinnati (New York M vs Cincinnati) land in the 80-90¢ bucket at game start (2026-06-15)?
Sooth_QGen#3f9c4e93ca27	Will the Kalshi YES mid-market price for San Francisco (Washington vs San Francisco) land in the 20-30¢ bucket at game start (2026-06-10)?
Sooth_QGen#3fad0bc2e0f0	Will the Kalshi YES mid-market price for Tampa Bay (Will Tampa Bay win the Tampa Bay vs Cincinnati Pro Football game) land in the 80-90¢ bucket at game start (2026-09-13)?
Sooth_QGen#3fad2266efde	Will the Kalshi YES mid-market price for New York Y (New York Y vs A's) land in the 10-20¢ bucket at game start (2026-05-30)?
Sooth_QGen#3fba56f6c93c	Will the Kalshi YES mid-market price for New York Y (New York Y vs Toronto) land in the 80-90¢ bucket at game start (2026-06-14)?
Sooth_QGen#3fbf0644cab5	Will the Kalshi YES mid-market price for Atlanta (Atlanta vs Chicago WS) land in the 80-90¢ bucket at game start (2026-06-09)?
Sooth_QGen#3fc4ded05ff7	Will the Kalshi YES mid-market price for Chicago C (San Francisco vs Chicago C) land in the 10-20¢ bucket at game start (2026-06-08)?
Sooth_QGen#3fd1952661dc	Will the Kalshi YES mid-market price for Tennessee (Will Tennessee win the New York J vs Tennessee Pro Football game) land in the 30-40¢ bucket at game start (2026-09-13)?
Sooth_QGen#3fd52507f66c	Will the Kalshi YES mid-market price for Pittsburgh (Minnesota vs Pittsburgh) land in the 60-70¢ bucket at game start (2026-05-30)?
Sooth_QGen#3ff2c12ab41b	Will the Kalshi YES mid-market price for New York M (New York M vs Cincinnati) land in the 80-90¢ bucket at game start (2026-06-15)?
Sooth_QGen#3ffdbbce302e	Will the Kalshi YES mid-market price for A's (A's vs Chicago C) land in the 90-100¢ bucket at game start (2026-06-04)?
Sooth_QGen#4012ebe06aa7	Will the Kalshi YES mid-market price for Chicago C (San Francisco vs Chicago C) land in the 0-10¢ bucket at game start (2026-06-05)?
Sooth_QGen#40343822a42d	Will the Kalshi YES mid-market price for Cincinnati (Kansas City vs Cincinnati) land in the 40-50¢ bucket at game start (2026-06-03)?
Sooth_QGen#405297e0fed4	Will the Kalshi YES mid-market price for Texas (Texas vs Boston) land in the 10-20¢ bucket at game start (2026-06-14)?
Sooth_QGen#40658fbeed4d	Will the Kalshi YES mid-market price for Boston (Baltimore vs Boston) land in the 80-90¢ bucket at game start (2026-06-03)?
Sooth_QGen#4065f39ca84c	Will the Kalshi YES mid-market price for St. Louis (Texas vs St. Louis) land in the 30-40¢ bucket at game start (2026-06-03)?
Sooth_QGen#408a326620f9	Will the Kalshi YES mid-market price for New York M (Miami vs New York M) land in the 60-70¢ bucket at game start (2026-05-31)?
Sooth_QGen#408eb00650d9	Will the Kalshi YES mid-market price for Boston (Texas vs Boston) land in the 70-80¢ bucket at game start (2026-06-13)?
Sooth_QGen#4091bdf008d6	Will the Kalshi YES mid-market price for San Francisco (Chicago C vs San Francisco) land in the 0-10¢ bucket at game start (2026-06-13)?
Sooth_QGen#40b1045e9449	Will the Kalshi YES mid-market price for New York (Game 5: New York at San Antonio) land in the 90-100¢ bucket at game start (2026-06-14)?
Sooth_QGen#40b9908681ac	Will the Kalshi YES mid-market price for San Diego (San Diego vs Washington) land in the 0-10¢ bucket at game start (2026-05-29)?
Sooth_QGen#40bc044f4923	Will the Kalshi YES mid-market price for San Francisco (Washington vs San Francisco) land in the 50-60¢ bucket at game start (2026-06-09)?
Sooth_QGen#40c542037a89	Will the Kalshi YES mid-market price for Texas (Texas vs St. Louis) land in the 10-20¢ bucket at game start (2026-06-03)?
Sooth_QGen#40cb4adcf19e	Will the Kalshi YES mid-market price for Arizona (Arizona vs Seattle) land in the 60-70¢ bucket at game start (2026-05-31)?
Sooth_QGen#40dc44a3d8d8	Will the Kalshi YES mid-market price for Kansas City (Kansas City vs Cincinnati) land in the 50-60¢ bucket at game start (2026-06-02)?
Sooth_QGen#40e1892acf01	Will the Kalshi YES mid-market price for New York Y (New York Y vs Toronto) land in the 40-50¢ bucket at game start (2026-06-14)?
Sooth_QGen#40e784a6c914	Will the Kalshi YES mid-market price for Cleveland (Detroit vs Cleveland) land in the 90-100¢ bucket at game start (2026-06-13)?
Sooth_QGen#410064abe9cb	Will the Kalshi YES mid-market price for Pittsburgh (Pittsburgh vs Houston) land in the 0-10¢ bucket at game start (2026-06-03)?
Sooth_QGen#4108d7b4ec6c	Will the Kalshi YES mid-market price for Tampa Bay (Boston vs Tampa Bay) land in the 80-90¢ bucket at game start (2026-06-08)?
Sooth_QGen#410ffcf76550	Will the Kalshi YES mid-market price for Texas (Cleveland vs Texas) land in the 60-70¢ bucket at game start (2026-06-07)?
Sooth_QGen#411065a86441	Will the Kalshi YES mid-market price for Milwaukee (Milwaukee vs Colorado) land in the 40-50¢ bucket at game start (2026-06-07)?
Sooth_QGen#41118d6047ce	Will the Kalshi YES mid-market price for Baltimore (Toronto vs Baltimore) land in the 20-30¢ bucket at game start (2026-05-31)?
Sooth_QGen#413d55c3cbf0	Will the Kalshi YES mid-market price for Minnesota (Minnesota vs Texas) land in the 50-60¢ bucket at game start (2026-06-16)?
Sooth_QGen#414f7435c0c0	Will the Kalshi YES mid-market price for Toronto (Toronto vs Atlanta) land in the 0-10¢ bucket at game start (2026-06-02)?
Sooth_QGen#41597670a180	Will the Kalshi YES mid-market price for Pittsburgh (Los Angeles D vs Pittsburgh) land in the 80-90¢ bucket at game start (2026-06-11)?
Sooth_QGen#416e578bbcf9	Will the Kalshi YES mid-market price for Colorado (Colorado vs A's) land in the 90-100¢ bucket at game start (2026-06-13)?
Sooth_QGen#41725764c319	Will the Kalshi YES mid-market price for Houston (Pittsburgh vs Houston) land in the 60-70¢ bucket at game start (2026-06-04)?
Sooth_QGen#4187b89b8239	Will the Kalshi YES mid-market price for Toronto (Baltimore vs Toronto) land in the 50-60¢ bucket at game start (2026-06-06)?
Sooth_QGen#418a03631edc	Will the Kalshi YES mid-market price for VGK Golden Knights (Game 5: Vegas at Carolina) land in the 90-100¢ bucket at game start (2026-06-12)?
Sooth_QGen#419524bc3f55	Will the Kalshi YES mid-market price for VGK Golden Knights (Game 2: Vegas at Carolina) land in the 0-10¢ bucket at game start (2026-06-05)?
Sooth_QGen#4195775550ab	Will the Kalshi YES mid-market price for Toronto (Philadelphia vs Toronto) land in the 90-100¢ bucket at game start (2026-06-10)?
Sooth_QGen#419b416f7872	Will the Kalshi YES mid-market price for Cleveland (Cleveland vs Texas) land in the 60-70¢ bucket at game start (2026-06-07)?
Sooth_QGen#41a717b9094c	Will the Kalshi YES mid-market price for San Diego (Cincinnati vs San Diego) land in the 10-20¢ bucket at game start (2026-06-10)?
Sooth_QGen#41b263604a19	Will the Kalshi YES mid-market price for Houston (Milwaukee vs Houston) land in the 40-50¢ bucket at game start (2026-05-30)?
Sooth_QGen#41ba2681b1d3	Will the Kalshi YES mid-market price for Cleveland (New York Y vs Cleveland) land in the 50-60¢ bucket at game start (2026-06-09)?
Sooth_QGen#41bfec508a72	Will the Kalshi YES mid-market price for Texas (Texas vs Kansas City) land in the 10-20¢ bucket at game start (2026-06-10)?
Sooth_QGen#41c073569485	Will the Kalshi YES mid-market price for Chicago WS (Atlanta vs Chicago WS) land in the 0-10¢ bucket at game start (2026-06-10)?
Sooth_QGen#41d1481f7e5f	Will the Kalshi YES mid-market price for Atlanta (Atlanta vs Chicago WS) land in the 10-20¢ bucket at game start (2026-06-09)?
Sooth_QGen#41e2d1e7fa54	Will the Kalshi YES mid-market price for Detroit (Detroit vs Cleveland) land in the 20-30¢ bucket at game start (2026-06-13)?
Sooth_QGen#41e919050a74	Will the Kalshi YES mid-market price for Los Angeles A (Colorado vs Los Angeles A) land in the 90-100¢ bucket at game start (2026-06-04)?
Sooth_QGen#41fd99f1c7e3	Will the Kalshi YES mid-market price for San Francisco (San Francisco vs Milwaukee) land in the 20-30¢ bucket at game start (2026-06-03)?
Sooth_QGen#41ffe35107a8	Will the Kalshi YES mid-market price for Pittsburgh (Pittsburgh vs Houston) land in the 40-50¢ bucket at game start (2026-06-04)?
Sooth_QGen#42072e8221e9	Will the Kalshi YES mid-market price for New York M (St. Louis vs New York M) land in the 80-90¢ bucket at game start (2026-06-11)?
Sooth_QGen#42097efa912b	Will the Kalshi YES mid-market price for Las Vegas (Will Las Vegas win the Miami vs Las Vegas Pro Football game) land in the 20-30¢ bucket at game start (2026-09-13)?
Sooth_QGen#420a02f6a76b	Will the Kalshi YES mid-market price for Kansas City (Kansas City vs Texas) land in the 0-10¢ bucket at game start (2026-05-31)?
Sooth_QGen#420ce729c9ee	Will the Kalshi YES mid-market price for Chicago WS (Los Angeles D vs Chicago WS) land in the 20-30¢ bucket at game start (2026-06-13)?
Sooth_QGen#420d3c5e796d	Will the Kalshi YES mid-market price for Pittsburgh (Los Angeles D vs Pittsburgh) land in the 0-10¢ bucket at game start (2026-06-09)?
Sooth_QGen#42123d3419d5	Will the Kalshi YES mid-market price for San Francisco (Arizona vs San Francisco) land in the 30-40¢ bucket at game start (2026-05-27)?
Sooth_QGen#42148de2f47a	Will the Kalshi YES mid-market price for Chicago WS (Detroit vs Chicago WS) land in the 90-100¢ bucket at game start (2026-05-30)?
Sooth_QGen#4217204150a7	Will the Kalshi YES mid-market price for Pittsburgh (Miami vs Pittsburgh) land in the 30-40¢ bucket at game start (2026-06-13)?
Sooth_QGen#4218cce93a31	Will the Kalshi YES mid-market price for Cleveland (Will Cleveland win the Cleveland vs Jacksonville Pro Football game) land in the 30-40¢ bucket at game start (2026-09-13)?
Sooth_QGen#421ae996a257	Will the Kalshi YES mid-market price for New England (Will New England win the New England vs Seattle Pro Football game) land in the 80-90¢ bucket at game start (2026-09-09)?
Sooth_QGen#42233cb5ee07	Will the Kalshi YES mid-market price for A's (A's vs Houston) land in the 70-80¢ bucket at game start (2026-06-07)?
Sooth_QGen#4257763d7166	Will the Kalshi YES mid-market price for Minnesota (Minnesota vs Pittsburgh) land in the 70-80¢ bucket at game start (2026-05-30)?
Sooth_QGen#425d31d30280	Will the Kalshi YES mid-market price for Philadelphia (Philadelphia vs Toronto) land in the 20-30¢ bucket at game start (2026-06-08)?
Sooth_QGen#4265a7809b01	Will the Kalshi YES mid-market price for Chicago WS (Chicago WS vs Philadelphia) land in the 30-40¢ bucket at game start (2026-06-05)?
Sooth_QGen#427372a8fa50	Will the Kalshi YES mid-market price for Baltimore (San Diego vs Baltimore) land in the 70-80¢ bucket at game start (2026-06-12)?
Sooth_QGen#428668b018d5	Will the Kalshi YES mid-market price for Los Angeles A (Houston vs Los Angeles A) land in the 80-90¢ bucket at game start (2026-06-10)?
Sooth_QGen#42951c17a807	Will the Kalshi YES mid-market price for St. Louis (St. Louis vs Minnesota) land in the 60-70¢ bucket at game start (2026-06-14)?
Sooth_QGen#429ff3b51591	Will the Kalshi YES mid-market price for Miami (Arizona vs Miami) land in the 20-30¢ bucket at game start (2026-06-10)?
Sooth_QGen#42b6d8dc72ad	Will the Kalshi YES mid-market price for Atlanta (Atlanta vs Cincinnati) land in the 20-30¢ bucket at game start (2026-05-29)?
Sooth_QGen#42be70dc1db4	Will the Kalshi YES mid-market price for San Francisco (San Francisco vs Chicago C) land in the 50-60¢ bucket at game start (2026-06-06)?
Sooth_QGen#42ce1a569465	Will the Kalshi YES mid-market price for Seattle (New York M vs Seattle) land in the 80-90¢ bucket at game start (2026-06-02)?
Sooth_QGen#42cf8162edac	Will the Kalshi YES mid-market price for Toronto (Toronto vs Atlanta) land in the 40-50¢ bucket at game start (2026-06-03)?
Sooth_QGen#42f14970be9e	Will the Kalshi YES mid-market price for VGK Golden Knights (Game 3: Carolina at Vegas) land in the 20-30¢ bucket at game start (2026-06-07)?
Sooth_QGen#42f59aea5ab4	Will the Kalshi YES mid-market price for Chicago WS (Atlanta vs Chicago WS) land in the 70-80¢ bucket at game start (2026-06-11)?
Sooth_QGen#42fc9ca8128c	Will the Kalshi YES mid-market price for St. Louis (Chicago C vs St. Louis) land in the 80-90¢ bucket at game start (2026-05-29)?
Sooth_QGen#430a71b46a27	Will the Kalshi YES mid-market price for San Diego (Cincinnati vs San Diego) land in the 30-40¢ bucket at game start (2026-06-10)?
Sooth_QGen#43246f4e50b9	Will the Kalshi YES mid-market price for Atlanta (Atlanta vs New York M) land in the 50-60¢ bucket at game start (2026-06-13)?
Sooth_QGen#432588c0d572	Will the Kalshi YES mid-market price for Cincinnati (Arizona vs Cincinnati) land in the 80-90¢ bucket at game start (2026-06-13)?
Sooth_QGen#433d0c499723	Will the Kalshi YES mid-market price for Cleveland (New York Y vs Cleveland) land in the 50-60¢ bucket at game start (2026-06-08)?
Sooth_QGen#43448417c735	Will the Kalshi YES mid-market price for San Antonio (Game 5: New York at San Antonio) land in the 0-10¢ bucket at game start (2026-06-14)?
Sooth_QGen#434a3cd8199c	Will the Kalshi YES mid-market price for Colorado (Milwaukee vs Colorado) land in the 50-60¢ bucket at game start (2026-06-07)?
Sooth_QGen#434b25ac59be	Will the Kalshi YES mid-market price for Pittsburgh (Pittsburgh vs Houston) land in the 10-20¢ bucket at game start (2026-06-04)?
Sooth_QGen#434e209965bb	Will the Kalshi YES mid-market price for A's (A's vs Houston) land in the 20-30¢ bucket at game start (2026-06-07)?
Sooth_QGen#434fb69f3eab	Will the Kalshi YES mid-market price for San Diego (Cincinnati vs San Diego) land in the 80-90¢ bucket at game start (2026-06-09)?
Sooth_QGen#43532719f05a	Will the Kalshi YES mid-market price for Arizona (Arizona vs Miami) land in the 30-40¢ bucket at game start (2026-06-11)?
Sooth_QGen#4358fe3e2da1	Will the Kalshi YES mid-market price for Houston (Detroit vs Houston) land in the 90-100¢ bucket at game start (2026-06-16)?
Sooth_QGen#4367be2bea31	Will the Kalshi YES mid-market price for Chicago WS (Detroit vs Chicago WS) land in the 20-30¢ bucket at game start (2026-05-31)?
Sooth_QGen#436a42837ab9	Will the Kalshi YES mid-market price for St. Louis (Cincinnati vs St. Louis) land in the 90-100¢ bucket at game start (2026-06-06)?
Sooth_QGen#43857c3c4ad5	Will the Kalshi YES mid-market price for Chicago WS (Chicago WS vs Philadelphia) land in the 40-50¢ bucket at game start (2026-06-07)?
Sooth_QGen#4391d7624a62	Will the Kalshi YES mid-market price for New York Y (New York Y vs A's) land in the 60-70¢ bucket at game start (2026-05-30)?
Sooth_QGen#439b18fdf036	Will the Kalshi YES mid-market price for Kansas City (Kansas City vs Texas) land in the 0-10¢ bucket at game start (2026-05-30)?
Sooth_QGen#43bb778764b6	Will the Kalshi YES mid-market price for Milwaukee (St. Louis vs Milwaukee) land in the 70-80¢ bucket at game start (2026-05-27)?
Sooth_QGen#43bf0d0eab28	Will the Kalshi YES mid-market price for Los Angeles A (Tampa Bay vs Los Angeles A) land in the 20-30¢ bucket at game start (2026-06-14)?
Sooth_QGen#43d0071f38da	Will the Kalshi YES mid-market price for Miami (Miami vs New York M) land in the 60-70¢ bucket at game start (2026-05-31)?
Sooth_QGen#43d57e2b6f38	Will the Kalshi YES mid-market price for St. Louis (Chicago C vs St. Louis) land in the 50-60¢ bucket at game start (2026-05-29)?
Sooth_QGen#43e6b0c82925	Will the Kalshi YES mid-market price for Minnesota (Minnesota vs Texas) land in the 60-70¢ bucket at game start (2026-06-16)?
Sooth_QGen#43e9813a755e	Will the Kalshi YES mid-market price for Cincinnati (Cincinnati vs San Diego) land in the 10-20¢ bucket at game start (2026-06-10)?
Sooth_QGen#43f2f184c5ed	Will the Kalshi YES mid-market price for Kansas City (Houston vs Kansas City) land in the 30-40¢ bucket at game start (2026-06-13)?
Sooth_QGen#43f385e366e5	Will the Kalshi YES mid-market price for Philadelphia (Chicago WS vs Philadelphia) land in the 30-40¢ bucket at game start (2026-06-05)?
Sooth_QGen#43f41139df8d	Will the Kalshi YES mid-market price for Los Angeles A (Los Angeles A vs Arizona) land in the 40-50¢ bucket at game start (2026-06-16)?
Sooth_QGen#43fd9d7fa1cc	Will the Kalshi YES mid-market price for Milwaukee (Milwaukee vs Colorado) land in the 10-20¢ bucket at game start (2026-06-07)?
Sooth_QGen#4403339421a6	Will the Kalshi YES mid-market price for New York Y (New York Y vs A's) land in the 20-30¢ bucket at game start (2026-05-31)?
Sooth_QGen#44129bb4c464	Will the Kalshi YES mid-market price for Arizona (Arizona vs Miami) land in the 0-10¢ bucket at game start (2026-06-11)?
Sooth_QGen#441c54fd3d27	Will the Kalshi YES mid-market price for Washington (San Diego vs Washington) land in the 30-40¢ bucket at game start (2026-05-31)?
Sooth_QGen#4422dfb1af8c	Will the Kalshi YES mid-market price for Chicago C (San Francisco vs Chicago C) land in the 30-40¢ bucket at game start (2026-06-06)?
Sooth_QGen#4424f9064ccb	Will the Kalshi YES mid-market price for Cleveland (Cleveland vs Texas) land in the 10-20¢ bucket at game start (2026-06-07)?
Sooth_QGen#44296d11c59e	Will the Kalshi YES mid-market price for Detroit (Seattle vs Detroit) land in the 30-40¢ bucket at game start (2026-06-05)?
Sooth_QGen#443c158f4f7b	Will the Kalshi YES mid-market price for Houston (Houston vs Kansas City) land in the 90-100¢ bucket at game start (2026-06-14)?
Sooth_QGen#445c78162942	Will the Kalshi YES mid-market price for Detroit (Detroit vs Chicago WS) land in the 50-60¢ bucket at game start (2026-05-30)?
Sooth_QGen#4465fee8d5d7	Will the Kalshi YES mid-market price for San Francisco (San Francisco vs Colorado) land in the 90-100¢ bucket at game start (2026-05-31)?
Sooth_QGen#446f4c6ba6aa	Will the Kalshi YES mid-market price for Kansas City (Kansas City vs Cincinnati) land in the 40-50¢ bucket at game start (2026-06-01)?
Sooth_QGen#4491a77806fd	Will the Kalshi YES mid-market price for Washington (Seattle vs Washington) land in the 60-70¢ bucket at game start (2026-06-13)?
Sooth_QGen#44ad7ce29448	Will the Kalshi YES mid-market price for Atlanta (Toronto vs Atlanta) land in the 80-90¢ bucket at game start (2026-06-03)?
Sooth_QGen#44bc471bade2	Will the Kalshi YES mid-market price for Milwaukee (Milwaukee vs Houston) land in the 60-70¢ bucket at game start (2026-05-30)?
Sooth_QGen#44bfb0c5454f	Will the Kalshi YES mid-market price for A's (Milwaukee vs A's) land in the 90-100¢ bucket at game start (2026-06-09)?
Sooth_QGen#44cffed6edf2	Will the Kalshi YES mid-market price for Detroit (Seattle vs Detroit) land in the 80-90¢ bucket at game start (2026-06-06)?
Sooth_QGen#44e3415c8534	Will the Kalshi YES mid-market price for San Francisco (Washington vs San Francisco) land in the 60-70¢ bucket at game start (2026-06-10)?
Sooth_QGen#44e5bb20eccb	Will the Kalshi YES mid-market price for Arizona (Arizona vs Seattle) land in the 50-60¢ bucket at game start (2026-05-30)?
Sooth_QGen#44ec2ab2bcbf	Will the Kalshi YES mid-market price for San Diego (New York M vs San Diego) land in the 10-20¢ bucket at game start (2026-06-07)?
Sooth_QGen#44f70e0bca28	Will the Kalshi YES mid-market price for Minnesota (Minnesota vs Detroit) land in the 90-100¢ bucket at game start (2026-06-10)?
Sooth_QGen#44f9a629f7fe	Will the Kalshi YES mid-market price for Seattle (Seattle vs Detroit) land in the 80-90¢ bucket at game start (2026-06-05)?
Sooth_QGen#44fc428dc787	Will the Kalshi YES mid-market price for Chicago C (Chicago C vs Colorado) land in the 30-40¢ bucket at game start (2026-06-10)?
Sooth_QGen#44fe564f63d5	Will the Kalshi YES mid-market price for New York Y (Cleveland vs New York Y) land in the 70-80¢ bucket at game start (2026-06-03)?
Sooth_QGen#450197592088	Will the Kalshi YES mid-market price for Los Angeles D (Los Angeles A vs Los Angeles D) land in the 70-80¢ bucket at game start (2026-06-07)?
Sooth_QGen#450ad81bdb6f	Will the Kalshi YES mid-market price for Colorado (Colorado vs Los Angeles A) land in the 10-20¢ bucket at game start (2026-06-04)?
Sooth_QGen#451587ff06cc	Will the Kalshi YES mid-market price for Pittsburgh (Miami vs Pittsburgh) land in the 20-30¢ bucket at game start (2026-06-14)?
Sooth_QGen#451ff0f2bce4	Will the Kalshi YES mid-market price for New York Y (Boston vs New York Y) land in the 40-50¢ bucket at game start (2026-06-06)?
Sooth_QGen#4523cf8b4751	Will the Kalshi YES mid-market price for New York Y (Cleveland vs New York Y) land in the 20-30¢ bucket at game start (2026-06-03)?
Sooth_QGen#4523d5d621bd	Will the Kalshi YES mid-market price for Houston (Houston vs Kansas City) land in the 30-40¢ bucket at game start (2026-06-13)?
Sooth_QGen#453214cbc87a	Will the Kalshi YES mid-market price for St. Louis (St. Louis vs New York M) land in the 60-70¢ bucket at game start (2026-06-09)?
Sooth_QGen#45332509bc33	Will the Kalshi YES mid-market price for Cleveland (Cleveland vs New York Y) land in the 40-50¢ bucket at game start (2026-06-03)?
Sooth_QGen#45336b7994f9	Will the Kalshi YES mid-market price for Tampa Bay (Tampa Bay vs Los Angeles D) land in the 10-20¢ bucket at game start (2026-06-16)?
Sooth_QGen#4538c48cbe41	Will the Kalshi YES mid-market price for Martin Landaluce (Will Martin Landaluce win the Landaluce vs Kopriva: Round Of 64 match) land in the 20-30¢ bucket at game start (2026-05-28)?
Sooth_QGen#454523f2b9e1	Will the Kalshi YES mid-market price for San Diego (San Diego vs Baltimore) land in the 50-60¢ bucket at game start (2026-06-12)?
Sooth_QGen#4547e75e16fb	Will the Kalshi YES mid-market price for New York Y (New York Y vs Cleveland) land in the 70-80¢ bucket at game start (2026-06-09)?
Sooth_QGen#454ef7805938	Will the Kalshi YES mid-market price for Los Angeles A (Tampa Bay vs Los Angeles A) land in the 30-40¢ bucket at game start (2026-06-14)?
Sooth_QGen#4553ca6e1546	Will the Kalshi YES mid-market price for Minnesota (Minnesota vs Pittsburgh) land in the 90-100¢ bucket at game start (2026-05-29)?
Sooth_QGen#45625c3f5bb8	Will the Kalshi YES mid-market price for Houston (A's vs Houston) land in the 80-90¢ bucket at game start (2026-06-06)?
Sooth_QGen#456b6014dfca	Will the Kalshi YES mid-market price for Arizona (Los Angeles A vs Arizona) land in the 80-90¢ bucket at game start (2026-06-16)?
Sooth_QGen#4578dd5a2ae6	Will the Kalshi YES mid-market price for Detroit (Detroit vs Chicago WS) land in the 0-10¢ bucket at game start (2026-05-30)?
Sooth_QGen#458df319daef	Will the Kalshi YES mid-market price for Minnesota (Kansas City vs Minnesota) land in the 60-70¢ bucket at game start (2026-06-07)?
Sooth_QGen#459162b19bc5	Will the Kalshi YES mid-market price for San Diego (San Diego vs Washington) land in the 90-100¢ bucket at game start (2026-05-31)?
Sooth_QGen#459bcb7e75bc	Will the Kalshi YES mid-market price for Los Angeles A (Los Angeles A vs Tampa Bay) land in the 20-30¢ bucket at game start (2026-05-31)?
Sooth_QGen#45a20cab4e00	Will the Kalshi YES mid-market price for A's (A's vs Chicago C) land in the 20-30¢ bucket at game start (2026-06-03)?
Sooth_QGen#45a379942e23	Will the Kalshi YES mid-market price for Houston (Houston vs Los Angeles A) land in the 50-60¢ bucket at game start (2026-06-10)?
Sooth_QGen#45a99e7e10e3	Will the Kalshi YES mid-market price for Detroit (Detroit vs Chicago WS) land in the 50-60¢ bucket at game start (2026-05-29)?
Sooth_QGen#45ba57f89ba3	Will the Kalshi YES mid-market price for Boston (Boston vs New York Y) land in the 90-100¢ bucket at game start (2026-06-07)?
Sooth_QGen#45dc4ee53017	Will the Kalshi YES mid-market price for A's (A's vs Houston) land in the 40-50¢ bucket at game start (2026-06-06)?
Sooth_QGen#45ec54ab5c18	Will the Kalshi YES mid-market price for Philadelphia (San Diego vs Philadelphia) land in the 10-20¢ bucket at game start (2026-06-03)?
Sooth_QGen#45ede5bf07cf	Will the Kalshi YES mid-market price for St. Louis (Chicago C vs St. Louis) land in the 20-30¢ bucket at game start (2026-05-29)?
Sooth_QGen#45f962d0ae3b	Will the Kalshi YES mid-market price for Chicago WS (Atlanta vs Chicago WS) land in the 30-40¢ bucket at game start (2026-06-11)?
Sooth_QGen#4612aecb6d78	Will the Kalshi YES mid-market price for St. Louis (Texas vs St. Louis) land in the 20-30¢ bucket at game start (2026-06-01)?
Sooth_QGen#46186a4e4a96	Will the Kalshi YES mid-market price for New York M (Miami vs New York M) land in the 80-90¢ bucket at game start (2026-05-30)?
Sooth_QGen#46192e214b80	Will the Kalshi YES mid-market price for Cleveland (Detroit vs Cleveland) land in the 90-100¢ bucket at game start (2026-06-14)?
Sooth_QGen#461bdd29fea9	Will the Kalshi YES mid-market price for CAR Hurricanes (Game 1: Vegas at Carolina) land in the 80-90¢ bucket at game start (2026-06-03)?
Sooth_QGen#462b3f495e30	Will the Kalshi YES mid-market price for Tampa Bay (Los Angeles A vs Tampa Bay) land in the 30-40¢ bucket at game start (2026-05-30)?
Sooth_QGen#462d2fae0e49	Will the Kalshi YES mid-market price for Cincinnati (Kansas City vs Cincinnati) land in the 0-10¢ bucket at game start (2026-06-02)?
Sooth_QGen#463784fd34d9	Will the Kalshi YES mid-market price for VGK Golden Knights (Game 5: Vegas at Carolina) land in the 70-80¢ bucket at game start (2026-06-12)?
Sooth_QGen#46384982f1a3	Will the Kalshi YES mid-market price for Tampa Bay (Tampa Bay vs Los Angeles D) land in the 0-10¢ bucket at game start (2026-06-16)?
Sooth_QGen#463af27f65f4	Will the Kalshi YES mid-market price for Cincinnati (Atlanta vs Cincinnati) land in the 20-30¢ bucket at game start (2026-05-30)?
Sooth_QGen#46424e455bd3	Will the Kalshi YES mid-market price for Tampa Bay (Tampa Bay vs Los Angeles A) land in the 50-60¢ bucket at game start (2026-06-14)?
Sooth_QGen#4650cbba124e	Will the Kalshi YES mid-market price for Colorado (Colorado vs Los Angeles A) land in the 20-30¢ bucket at game start (2026-06-03)?
Sooth_QGen#4654c7ff2d3e	Will the Kalshi YES mid-market price for Minnesota (Chicago WS vs Minnesota) land in the 60-70¢ bucket at game start (2026-06-01)?
Sooth_QGen#466f8f524d61	Will the Kalshi YES mid-market price for Chicago WS (Chicago WS vs Minnesota) land in the 10-20¢ bucket at game start (2026-06-03)?
Sooth_QGen#4676a32d6cd5	Will the Kalshi YES mid-market price for Chicago WS (Chicago WS vs Minnesota) land in the 80-90¢ bucket at game start (2026-06-02)?
Sooth_QGen#467d53031e33	Will the Kalshi YES mid-market price for Los Angeles A (Houston vs Los Angeles A) land in the 90-100¢ bucket at game start (2026-06-09)?
Sooth_QGen#46819c6828c3	Will the Kalshi YES mid-market price for Arizona (Arizona vs San Francisco) land in the 70-80¢ bucket at game start (2026-05-27)?
Sooth_QGen#46945ca28bd7	Will the Kalshi YES mid-market price for VGK Golden Knights (Game 5: Vegas at Carolina) land in the 40-50¢ bucket at game start (2026-06-12)?
Sooth_QGen#46a1aa718bac	Will Kalshi's YES mid-price for Real Madrid to win La Liga Matchday 38 vs Athletic Club be ≥$0.65 at kickoff on May 23, 2026?
Sooth_QGen#46a445def406	Will the Kalshi YES mid-market price for Pittsburgh (Pittsburgh vs Atlanta) land in the 10-20¢ bucket at game start (2026-06-05)?
Sooth_QGen#46af0c34cbbd	Will the Kalshi YES mid-market price for Texas (Kansas City vs Texas) land in the 10-20¢ bucket at game start (2026-05-31)?
Sooth_QGen#46b47625f023	Will the Kalshi YES mid-market price for Washington (Miami vs Washington) land in the 70-80¢ bucket at game start (2026-06-03)?
Sooth_QGen#46b7855f5890	Will the Kalshi YES mid-market price for Pittsburgh (Miami vs Pittsburgh) land in the 80-90¢ bucket at game start (2026-06-12)?
Sooth_QGen#46c45faa9646	Will the Kalshi YES mid-market price for VGK Golden Knights (Game 1: Vegas at Carolina) land in the 80-90¢ bucket at game start (2026-06-03)?
Sooth_QGen#46cfd51fb639	Will the Kalshi YES mid-market price for San Francisco (Will San Francisco win the San Francisco vs Los Angeles R Pro Football game) land in the 30-40¢ bucket at game start (2026-09-11)?
Sooth_QGen#4704f327d783	Will the Kalshi YES mid-market price for Houston (Will Houston win the Buffalo vs Houston Pro Football game) land in the 80-90¢ bucket at game start (2026-09-13)?
Sooth_QGen#470c3f336f7e	Will the Kalshi YES mid-market price for Chicago C (Chicago C vs San Francisco) land in the 40-50¢ bucket at game start (2026-06-13)?
Sooth_QGen#4712915c4a39	Will the Kalshi YES mid-market price for Baltimore (Toronto vs Baltimore) land in the 0-10¢ bucket at game start (2026-05-29)?
Sooth_QGen#4713b00d54fd	Will the Kalshi YES mid-market price for Chicago C (Chicago C vs Colorado) land in the 20-30¢ bucket at game start (2026-06-10)?
Sooth_QGen#47219d25758e	Will the Kalshi YES mid-market price for Kansas City (Kansas City vs Cincinnati) land in the 80-90¢ bucket at game start (2026-06-01)?
Sooth_QGen#47300d590eb5	Will the Kalshi YES mid-market price for Chicago C (Chicago C vs San Francisco) land in the 80-90¢ bucket at game start (2026-06-14)?
Sooth_QGen#47449c3e60b4	Will the Kalshi YES mid-market price for Colorado (Colorado vs A's) land in the 30-40¢ bucket at game start (2026-06-14)?
Sooth_QGen#474791e15efb	Will the Kalshi YES mid-market price for Milwaukee (Milwaukee vs Houston) land in the 80-90¢ bucket at game start (2026-05-30)?
Sooth_QGen#474e3d1d6196	Will the Kalshi YES mid-market price for San Diego (San Diego vs Philadelphia) land in the 0-10¢ bucket at game start (2026-06-03)?
Sooth_QGen#474ebd1a6ade	Will the Kalshi YES mid-market price for St. Louis (Cincinnati vs St. Louis) land in the 90-100¢ bucket at game start (2026-06-07)?
Sooth_QGen#475046754932	Will the Kalshi YES mid-market price for Toronto (Philadelphia vs Toronto) land in the 40-50¢ bucket at game start (2026-06-08)?
Sooth_QGen#4751c86d5e9c	Will the Kalshi YES mid-market price for Miami (Tampa Bay vs Miami) land in the 20-30¢ bucket at game start (2026-06-05)?
Sooth_QGen#47788f30a01f	Will the Kalshi YES mid-market price for Toronto (Baltimore vs Toronto) land in the 70-80¢ bucket at game start (2026-06-07)?
Sooth_QGen#4778b108b2ea	Will the Kalshi YES mid-market price for Pittsburgh (Miami vs Pittsburgh) land in the 90-100¢ bucket at game start (2026-06-14)?
Sooth_QGen#4793c7f95c79	Will the Kalshi YES mid-market price for Minnesota (St. Louis vs Minnesota) land in the 50-60¢ bucket at game start (2026-06-13)?
Sooth_QGen#479a867c3fc0	Will the Kalshi YES mid-market price for Jakub Mensik (Will Jakub Mensik win the Mensik vs Zverev: Semifinal match) land in the 80-90¢ bucket at game start (2026-06-05)?
Sooth_QGen#479acfc5cde5	Will the Kalshi YES mid-market price for St. Louis (St. Louis vs New York M) land in the 20-30¢ bucket at game start (2026-06-11)?
Sooth_QGen#47a7a8ba37b7	Will the Kalshi YES mid-market price for New York M (New York M vs Cincinnati) land in the 40-50¢ bucket at game start (2026-06-15)?
Sooth_QGen#47ae83556bbc	Will the Kalshi YES mid-market price for San Antonio (Game 5: New York at San Antonio) land in the 40-50¢ bucket at game start (2026-06-14)?
Sooth_QGen#47bb67185408	Will the Kalshi YES mid-market price for Atlanta (Atlanta vs Cincinnati) land in the 40-50¢ bucket at game start (2026-05-31)?
Sooth_QGen#47c8046000fe	Will the Kalshi YES mid-market price for Cleveland (Detroit vs Cleveland) land in the 70-80¢ bucket at game start (2026-06-12)?
Sooth_QGen#47c875a877ba	Will the Kalshi YES mid-market price for Toronto (Toronto vs Baltimore) land in the 30-40¢ bucket at game start (2026-05-30)?
Sooth_QGen#47ca81bba814	Will the Kalshi YES mid-market price for Pittsburgh (Pittsburgh vs Atlanta) land in the 80-90¢ bucket at game start (2026-06-05)?
Sooth_QGen#47cb758fe4cc	Will the Kalshi YES mid-market price for Colorado (Milwaukee vs Colorado) land in the 0-10¢ bucket at game start (2026-06-07)?
Sooth_QGen#47d1195bf2e9	Will the Kalshi YES mid-market price for Philadelphia (Philadelphia vs Los Angeles D) land in the 0-10¢ bucket at game start (2026-05-31)?
Sooth_QGen#47e4f94f5772	Will the Kalshi YES mid-market price for Texas (Texas vs St. Louis) land in the 90-100¢ bucket at game start (2026-06-02)?
Sooth_QGen#47ec515d6584	Will the Kalshi YES mid-market price for San Francisco (Chicago C vs San Francisco) land in the 40-50¢ bucket at game start (2026-06-13)?
Sooth_QGen#47ef79bf3ebb	Will the Kalshi YES mid-market price for Toronto (Philadelphia vs Toronto) land in the 70-80¢ bucket at game start (2026-06-08)?
Sooth_QGen#482b414a5ccb	Will the Kalshi YES mid-market price for Toronto (Toronto vs Baltimore) land in the 60-70¢ bucket at game start (2026-05-30)?
Sooth_QGen#483295c1a3fd	Will the Kalshi YES mid-market price for Milwaukee (Milwaukee vs Colorado) land in the 90-100¢ bucket at game start (2026-06-06)?
Sooth_QGen#483451dd43ad	Will the Kalshi YES mid-market price for Cincinnati (Cincinnati vs St. Louis) land in the 90-100¢ bucket at game start (2026-06-07)?
Sooth_QGen#4836f255d7e3	Will the Kalshi YES mid-market price for Atlanta (Toronto vs Atlanta) land in the 30-40¢ bucket at game start (2026-06-04)?
Sooth_QGen#483877859f13	Will the Kalshi YES mid-market price for New York M (St. Louis vs New York M) land in the 50-60¢ bucket at game start (2026-06-11)?
Sooth_QGen#483f5e3df064	Will the Kalshi YES mid-market price for Colorado (Milwaukee vs Colorado) land in the 40-50¢ bucket at game start (2026-06-07)?
Sooth_QGen#484fb03a8b29	Will the Kalshi YES mid-market price for Colorado (Milwaukee vs Colorado) land in the 10-20¢ bucket at game start (2026-06-07)?
Sooth_QGen#4858919adf25	Will the Kalshi YES mid-market price for New York M (Miami vs New York M) land in the 20-30¢ bucket at game start (2026-05-29)?
Sooth_QGen#48624fe6d508	Will former Rep. George Santos make a new public denial in the Kalshi insider trading investigation between June 25 and June 27, 2026?
Sooth_QGen#4869b852542a	Will the Kalshi YES mid-market price for Chicago C (A's vs Chicago C) land in the 10-20¢ bucket at game start (2026-06-05)?
Sooth_QGen#4884bbb39bc4	Will the Kalshi YES mid-market price for Los Angeles D (Los Angeles D vs Arizona) land in the 0-10¢ bucket at game start (2026-06-04)?
Sooth_QGen#48988aa19b42	Will the Kalshi YES mid-market price for New York M (Miami vs New York M) land in the 40-50¢ bucket at game start (2026-05-30)?
Sooth_QGen#48ac6ca1ddd3	Will the Kalshi YES mid-market price for Boston (Baltimore vs Boston) land in the 20-30¢ bucket at game start (2026-06-03)?
Sooth_QGen#48bf085aec93	Will the Kalshi YES mid-market price for Arizona (Arizona vs Seattle) land in the 0-10¢ bucket at game start (2026-05-30)?
Sooth_QGen#48c563cf6517	Will the Kalshi YES mid-market price for Colorado (Colorado vs Los Angeles A) land in the 40-50¢ bucket at game start (2026-06-02)?
Sooth_QGen#48d7607e6657	Will the Kalshi YES mid-market price for Cincinnati (Cincinnati vs San Diego) land in the 60-70¢ bucket at game start (2026-06-10)?
Sooth_QGen#48dedd55eb36	Will the Kalshi YES mid-market price for Boston (Boston vs New York Y) land in the 60-70¢ bucket at game start (2026-06-07)?
Sooth_QGen#48f7c6cc6cdb	Will the Kalshi YES mid-market price for Cleveland (Cleveland vs New York Y) land in the 90-100¢ bucket at game start (2026-06-04)?
Sooth_QGen#49038da63873	Will the Kalshi YES mid-market price for Houston (Detroit vs Houston) land in the 20-30¢ bucket at game start (2026-06-16)?
Sooth_QGen#4903e4937a90	Will the Kalshi YES mid-market price for Houston (Detroit vs Houston) land in the 40-50¢ bucket at game start (2026-06-16)?
Sooth_QGen#4909b51790da	Will the Kalshi YES mid-market price for Los Angeles D (Los Angeles D vs Chicago WS) land in the 70-80¢ bucket at game start (2026-06-12)?
Sooth_QGen#490cc83a650d	Will the Kalshi YES mid-market price for Cincinnati (Cincinnati vs San Diego) land in the 90-100¢ bucket at game start (2026-06-09)?
Sooth_QGen#490f40758d63	Will the Kalshi YES mid-market price for Boston (Boston vs New York Y) land in the 20-30¢ bucket at game start (2026-06-06)?
Sooth_QGen#49206764728e	Will the Kalshi YES mid-market price for San Antonio (Game 2: New York at San Antonio) land in the 30-40¢ bucket at game start (2026-06-06)?
Sooth_QGen#4927a7250397	Will the Kalshi YES mid-market price for New York Y (Boston vs New York Y) land in the 80-90¢ bucket at game start (2026-06-07)?
Sooth_QGen#492938ea2fe5	Will the Kalshi YES mid-market price for Tampa Bay (Boston vs Tampa Bay) land in the 90-100¢ bucket at game start (2026-06-09)?
Sooth_QGen#49312bb38217	Will the Kalshi YES mid-market price for Washington (Washington vs San Francisco) land in the 20-30¢ bucket at game start (2026-06-10)?
Sooth_QGen#49547d4d53ff	Will the Kalshi YES mid-market price for Los Angeles A (Los Angeles A vs Los Angeles D) land in the 30-40¢ bucket at game start (2026-06-07)?
Sooth_QGen#4959739fcf6a	Will the Kalshi YES mid-market price for Minnesota (Minnesota vs Detroit) land in the 60-70¢ bucket at game start (2026-06-11)?
Sooth_QGen#495bf376901f	Will the Kalshi YES mid-market price for Chicago WS (Los Angeles D vs Chicago WS) land in the 80-90¢ bucket at game start (2026-06-13)?
Sooth_QGen#4960d70b4aef	Will the Kalshi YES mid-market price for St. Louis (Cincinnati vs St. Louis) land in the 40-50¢ bucket at game start (2026-06-06)?
Sooth_QGen#4966abf7ed0e	Will the Kalshi YES mid-market price for New York M (New York M vs Seattle) land in the 0-10¢ bucket at game start (2026-06-03)?
Sooth_QGen#497d6d28f3f1	Will the Kalshi YES mid-market price for Houston (Detroit vs Houston) land in the 50-60¢ bucket at game start (2026-06-16)?
Sooth_QGen#497f4f51cd67	Will the Kalshi YES mid-market price for Pittsburgh (Minnesota vs Pittsburgh) land in the 10-20¢ bucket at game start (2026-05-30)?
Sooth_QGen#4985318ce2cc	Will the Kalshi YES mid-market price for San Diego (Philadelphia vs San Diego) land in the 10-20¢ bucket at game start (2026-05-27)?
Sooth_QGen#4989b7c40cc1	Will the Kalshi YES mid-market price for Jakub Mensik (Will Jakub Mensik win the Mensik vs Zverev: Semifinal match) land in the 60-70¢ bucket at game start (2026-06-05)?
Sooth_QGen#49953268b678	Will the Kalshi YES mid-market price for Cincinnati (Cincinnati vs St. Louis) land in the 20-30¢ bucket at game start (2026-06-06)?
Sooth_QGen#499ae05f6938	Will the Kalshi YES mid-market price for Los Angeles D (Philadelphia vs Los Angeles D) land in the 70-80¢ bucket at game start (2026-05-31)?
Sooth_QGen#49aaf0ff364d	Will the Kalshi YES mid-market price for Detroit (Detroit vs Cleveland) land in the 10-20¢ bucket at game start (2026-06-14)?
Sooth_QGen#49ae2fc4cdc6	Will the Kalshi YES mid-market price for New York M (Atlanta vs New York M) land in the 50-60¢ bucket at game start (2026-06-14)?
Sooth_QGen#49b1234a4c2b	Will the Kalshi YES mid-market price for Tampa Bay (Tampa Bay vs Miami) land in the 90-100¢ bucket at game start (2026-06-07)?
Sooth_QGen#49b60ad94218	Will the Kalshi YES mid-market price for Tampa Bay (Tampa Bay vs Miami) land in the 10-20¢ bucket at game start (2026-06-07)?
Sooth_QGen#49ba01cbb585	Will the Kalshi YES mid-market price for Pittsburgh (Los Angeles D vs Pittsburgh) land in the 40-50¢ bucket at game start (2026-06-09)?
Sooth_QGen#49be95c0d417	Will the Kalshi YES mid-market price for Seattle (Arizona vs Seattle) land in the 20-30¢ bucket at game start (2026-05-31)?
Sooth_QGen#49c02dadbcae	Will the Kalshi YES mid-market price for Arizona (Will Arizona win the Arizona vs Los Angeles C Pro Football game) land in the 70-80¢ bucket at game start (2026-09-13)?
Sooth_QGen#49cbafec8349	Will the Kalshi YES mid-market price for Toronto (Toronto vs Atlanta) land in the 90-100¢ bucket at game start (2026-06-02)?
Sooth_QGen#49d7fe77f97c	Will the Kalshi YES mid-market price for Boston (Boston vs Tampa Bay) land in the 70-80¢ bucket at game start (2026-06-09)?
Sooth_QGen#49e72c039df1	Will the Kalshi YES mid-market price for Kansas City (Kansas City vs Texas) land in the 50-60¢ bucket at game start (2026-05-31)?
Sooth_QGen#49ee4fae0e05	Will the Kalshi YES mid-market price for Washington (Washington vs San Francisco) land in the 80-90¢ bucket at game start (2026-06-10)?
Sooth_QGen#4a111dead0e8	Will the Kalshi YES mid-market price for Baltimore (Toronto vs Baltimore) land in the 40-50¢ bucket at game start (2026-05-30)?
Sooth_QGen#4a18b9987c42	Will the Kalshi YES mid-market price for Minnesota (Kansas City vs Minnesota) land in the 60-70¢ bucket at game start (2026-06-06)?
Sooth_QGen#4a1e3b4d6949	Will the Kalshi YES mid-market price for Kansas City (Texas vs Kansas City) land in the 90-100¢ bucket at game start (2026-06-11)?
Sooth_QGen#4a2645f5ba93	Will the Kalshi YES mid-market price for San Diego (Cincinnati vs San Diego) land in the 20-30¢ bucket at game start (2026-06-10)?
Sooth_QGen#4a335bc41953	Will the Kalshi YES mid-market price for Pittsburgh (Los Angeles D vs Pittsburgh) land in the 20-30¢ bucket at game start (2026-06-11)?
Sooth_QGen#4a3dcb686e8e	Will the Kalshi YES mid-market price for Chicago WS (Detroit vs Chicago WS) land in the 30-40¢ bucket at game start (2026-05-29)?
Sooth_QGen#4a417ec1eb40	Will the Kalshi YES mid-market price for San Francisco (San Francisco vs Milwaukee) land in the 60-70¢ bucket at game start (2026-06-03)?
Sooth_QGen#4a4aca84aaf2	Will the Kalshi YES mid-market price for Tampa Bay (Tampa Bay vs Los Angeles A) land in the 90-100¢ bucket at game start (2026-06-14)?
Sooth_QGen#4a4f79eda469	Will the Kalshi YES mid-market price for Buffalo (Will Buffalo win the Buffalo vs Houston Pro Football game) land in the 80-90¢ bucket at game start (2026-09-13)?
Sooth_QGen#4a55ea1624a1	Will the Kalshi YES mid-market price for San Francisco (Washington vs San Francisco) land in the 70-80¢ bucket at game start (2026-06-09)?
Sooth_QGen#4a63ba6f5845	Will the Kalshi YES mid-market price for San Francisco (Chicago C vs San Francisco) land in the 40-50¢ bucket at game start (2026-06-14)?
Sooth_QGen#4a6b8a1945a3	Will the Kalshi YES mid-market price for Miami (Arizona vs Miami) land in the 0-10¢ bucket at game start (2026-06-09)?
Sooth_QGen#4a91be8cf01c	Will the Kalshi YES mid-market price for Cleveland (Boston vs Cleveland) land in the 40-50¢ bucket at game start (2026-05-30)?
Sooth_QGen#4a9a931ed5bd	Will the Kalshi YES mid-market price for Seattle (New York M vs Seattle) land in the 60-70¢ bucket at game start (2026-06-03)?
Sooth_QGen#4a9b8ca6d291	Will the Kalshi YES mid-market price for New York Y (New York Y vs A's) land in the 30-40¢ bucket at game start (2026-05-30)?
Sooth_QGen#4a9c9bae2c7c	Will the Kalshi YES mid-market price for Milwaukee (Milwaukee vs A's) land in the 20-30¢ bucket at game start (2026-06-10)?
Sooth_QGen#4a9cd79c0f51	Will the Kalshi YES mid-market price for A's (Milwaukee vs A's) land in the 70-80¢ bucket at game start (2026-06-09)?
Sooth_QGen#4a9e82375485	Will the Kalshi YES mid-market price for New York M (Atlanta vs New York M) land in the 10-20¢ bucket at game start (2026-06-14)?
Sooth_QGen#4aa3e206c027	Will the Kalshi YES mid-market price for A's (Colorado vs A's) land in the 60-70¢ bucket at game start (2026-06-13)?
Sooth_QGen#4aacbcc4a3d3	Will the Kalshi YES mid-market price for Chicago C (Chicago C vs St. Louis) land in the 90-100¢ bucket at game start (2026-05-30)?
Sooth_QGen#4ab228ac98a0	Will the Kalshi YES mid-market price for Seattle (Seattle vs Baltimore) land in the 50-60¢ bucket at game start (2026-06-08)?
Sooth_QGen#4ab2aa787996	Will the Kalshi YES mid-market price for Atlanta (Will Atlanta win the Atlanta vs Pittsburgh Pro Football game) land in the 30-40¢ bucket at game start (2026-09-13)?
Sooth_QGen#4ab49d042cc5	Will the Kalshi YES mid-market price for San Francisco (Will San Francisco win the San Francisco vs Los Angeles R Pro Football game) land in the 0-10¢ bucket at game start (2026-09-11)?
Sooth_QGen#4ac3f966a723	Will the Kalshi YES mid-market price for Houston (Milwaukee vs Houston) land in the 80-90¢ bucket at game start (2026-05-30)?
Sooth_QGen#4ac620b59dbd	Will the Kalshi YES mid-market price for Tampa Bay (Tampa Bay vs Los Angeles D) land in the 20-30¢ bucket at game start (2026-06-16)?
Sooth_QGen#4ac801bfd7c3	Will the Kalshi YES mid-market price for Minnesota (Chicago WS vs Minnesota) land in the 60-70¢ bucket at game start (2026-06-03)?
Sooth_QGen#4acec5cef448	Will the Kalshi YES mid-market price for Cleveland (New York Y vs Cleveland) land in the 30-40¢ bucket at game start (2026-06-09)?
Sooth_QGen#4acfb10a04ed	Will the Kalshi YES mid-market price for Minnesota (Minnesota vs Detroit) land in the 30-40¢ bucket at game start (2026-06-10)?
Sooth_QGen#4ae34a49be82	Will the Kalshi YES mid-market price for Chicago C (Chicago C vs St. Louis) land in the 10-20¢ bucket at game start (2026-05-29)?
Sooth_QGen#4af8276b6d1f	Will the Kalshi YES mid-market price for St. Louis (St. Louis vs Milwaukee) land in the 40-50¢ bucket at game start (2026-05-27)?
Sooth_QGen#4b110ab3a2af	Will the Kalshi YES mid-market price for Tampa Bay (Tampa Bay vs Miami) land in the 40-50¢ bucket at game start (2026-06-06)?
Sooth_QGen#4b18b740199a	Will the Kalshi YES mid-market price for Philadelphia (Philadelphia vs Milwaukee) land in the 10-20¢ bucket at game start (2026-06-12)?
Sooth_QGen#4b215863c963	Will the Kalshi YES mid-market price for San Diego (San Diego vs Baltimore) land in the 60-70¢ bucket at game start (2026-06-12)?
Sooth_QGen#4b32f3378bdb	Will the Kalshi YES mid-market price for Milwaukee (San Francisco vs Milwaukee) land in the 70-80¢ bucket at game start (2026-06-03)?
Sooth_QGen#4b403585c095	Will the Kalshi YES mid-market price for Chicago C (Chicago C vs St. Louis) land in the 20-30¢ bucket at game start (2026-05-30)?
Sooth_QGen#4b5277be5446	Will the Kalshi YES mid-market price for Kansas City (Kansas City vs Texas) land in the 90-100¢ bucket at game start (2026-05-30)?
Sooth_QGen#4b76a599009b	Will the Kalshi YES mid-market price for Los Angeles D (Los Angeles D vs Arizona) land in the 0-10¢ bucket at game start (2026-06-05)?
Sooth_QGen#4b80b2b13546	Will the Kalshi YES mid-market price for Detroit (Detroit vs Cleveland) land in the 80-90¢ bucket at game start (2026-06-13)?
Sooth_QGen#4b818be186fc	Will the Kalshi YES mid-market price for Pittsburgh (Los Angeles D vs Pittsburgh) land in the 30-40¢ bucket at game start (2026-06-11)?
Sooth_QGen#4b85d71e576f	Will the Kalshi YES mid-market price for Texas (Texas vs Boston) land in the 30-40¢ bucket at game start (2026-06-12)?
Sooth_QGen#4b86ea916487	Will the Kalshi YES mid-market price for Boston (Boston vs Tampa Bay) land in the 50-60¢ bucket at game start (2026-06-09)?
Sooth_QGen#4bb150ed027a	Will the Kalshi YES mid-market price for Cleveland (Boston vs Cleveland) land in the 10-20¢ bucket at game start (2026-05-31)?
Sooth_QGen#4bb38bc88b6e	Will the Kalshi YES mid-market price for A's (A's vs Chicago C) land in the 60-70¢ bucket at game start (2026-06-05)?
Sooth_QGen#4bd417f6cd4f	Will the Kalshi YES mid-market price for VGK Golden Knights (Game 3: Carolina at Vegas) land in the 0-10¢ bucket at game start (2026-06-07)?
Sooth_QGen#4befcb73d526	Will the Kalshi YES mid-market price for Milwaukee (Philadelphia vs Milwaukee) land in the 90-100¢ bucket at game start (2026-06-14)?
Sooth_QGen#4c017fab2a8a	Will the Kalshi YES mid-market price for San Diego (San Diego vs Philadelphia) land in the 0-10¢ bucket at game start (2026-06-04)?
Sooth_QGen#4c0e543064cc	Will the Kalshi YES mid-market price for Chicago C (Chicago C vs San Francisco) land in the 80-90¢ bucket at game start (2026-06-13)?
Sooth_QGen#4c1a9660ceb6	Will the Kalshi YES mid-market price for Miami (Miami vs New York M) land in the 40-50¢ bucket at game start (2026-05-31)?
Sooth_QGen#4c31b7ee675d	Will the Kalshi YES mid-market price for Toronto (New York Y vs Toronto) land in the 10-20¢ bucket at game start (2026-06-12)?
Sooth_QGen#4c3666f320fe	Will the Kalshi YES mid-market price for Washington (Washington vs San Francisco) land in the 80-90¢ bucket at game start (2026-06-09)?
Sooth_QGen#4c3c0caae99a	Will the Kalshi YES mid-market price for San Francisco (Washington vs San Francisco) land in the 90-100¢ bucket at game start (2026-06-09)?
Sooth_QGen#4c46e65d4373	Will the Kalshi YES mid-market price for Houston (Pittsburgh vs Houston) land in the 30-40¢ bucket at game start (2026-06-05)?
Sooth_QGen#4c48ee8d3e19	Will the Kalshi YES mid-market price for Boston (Baltimore vs Boston) land in the 20-30¢ bucket at game start (2026-06-04)?
Sooth_QGen#4c653e6564fc	Will the Kalshi YES mid-market price for Tampa Bay (Detroit vs Tampa Bay) land in the 20-30¢ bucket at game start (2026-06-01)?
Sooth_QGen#4c65c46fa5df	Will the Kalshi YES mid-market price for Detroit (Seattle vs Detroit) land in the 10-20¢ bucket at game start (2026-06-07)?
Sooth_QGen#4c66481ac960	Will the Kalshi YES mid-market price for Cleveland (Detroit vs Cleveland) land in the 10-20¢ bucket at game start (2026-06-14)?
Sooth_QGen#4c7d13cfdeab	Will the Kalshi YES mid-market price for Chicago WS (Chicago WS vs Philadelphia) land in the 90-100¢ bucket at game start (2026-06-06)?
Sooth_QGen#4c8b54f4eb9a	Will the Kalshi YES mid-market price for Detroit (Seattle vs Detroit) land in the 0-10¢ bucket at game start (2026-06-05)?
Sooth_QGen#4c8d56f29a63	Will the Kalshi YES mid-market price for Los Angeles A (Colorado vs Los Angeles A) land in the 0-10¢ bucket at game start (2026-06-03)?
Sooth_QGen#4ca12befbe99	Will the Kalshi YES mid-market price for Houston (Milwaukee vs Houston) land in the 20-30¢ bucket at game start (2026-05-30)?
Sooth_QGen#4ca49e8dff4d	Will the Kalshi YES mid-market price for Chicago C (Chicago C vs San Francisco) land in the 20-30¢ bucket at game start (2026-06-13)?
Sooth_QGen#4ca9e84b346b	Will the Kalshi YES mid-market price for Cincinnati (Cincinnati vs St. Louis) land in the 20-30¢ bucket at game start (2026-06-06)?
Sooth_QGen#4ce8a463f4fd	Will the Kalshi YES mid-market price for A's (Colorado vs A's) land in the 10-20¢ bucket at game start (2026-06-14)?
Sooth_QGen#4cf558eb9326	Will the Kalshi YES mid-market price for Houston (Houston vs Los Angeles A) land in the 30-40¢ bucket at game start (2026-06-10)?
Sooth_QGen#4d030ff6c85e	Will the Kalshi YES mid-market price for Seattle (Arizona vs Seattle) land in the 90-100¢ bucket at game start (2026-05-31)?
Sooth_QGen#4d038bd3c43c	Will the Kalshi YES mid-market price for San Diego (San Diego vs Washington) land in the 30-40¢ bucket at game start (2026-05-29)?
Sooth_QGen#4d07ae140a0f	Will the Kalshi YES mid-market price for Philadelphia (San Diego vs Philadelphia) land in the 60-70¢ bucket at game start (2026-06-03)?
Sooth_QGen#4d1181bb748a	Will the Kalshi YES mid-market price for Seattle (Seattle vs Washington) land in the 30-40¢ bucket at game start (2026-06-12)?
Sooth_QGen#4d413ac777c0	Will the Kalshi YES mid-market price for Jacksonville (Will Jacksonville win the Cleveland vs Jacksonville Pro Football game) land in the 80-90¢ bucket at game start (2026-09-13)?
Sooth_QGen#4d44a1a18267	Will the Kalshi YES mid-market price for Cincinnati (New York M vs Cincinnati) land in the 30-40¢ bucket at game start (2026-06-15)?
Sooth_QGen#4d4846af9fad	Will the Kalshi YES mid-market price for St. Louis (Texas vs St. Louis) land in the 60-70¢ bucket at game start (2026-06-02)?
Sooth_QGen#4d4c694ebcae	Will the Kalshi YES mid-market price for Washington (Miami vs Washington) land in the 70-80¢ bucket at game start (2026-06-01)?
Sooth_QGen#4d53b619273b	Will the Kalshi YES mid-market price for New York Y (New York Y vs Toronto) land in the 0-10¢ bucket at game start (2026-06-14)?
Sooth_QGen#4d61a7b4afcd	Will the Kalshi YES mid-market price for Los Angeles D (Los Angeles A vs Los Angeles D) land in the 50-60¢ bucket at game start (2026-06-07)?
Sooth_QGen#4d692f65329c	Will the Kalshi YES mid-market price for New York Y (Cleveland vs New York Y) land in the 80-90¢ bucket at game start (2026-06-02)?
Sooth_QGen#4d696d7a263c	Will the Kalshi YES mid-market price for Atlanta (Atlanta vs Chicago WS) land in the 90-100¢ bucket at game start (2026-06-11)?
Sooth_QGen#4d7a708a5bb8	Will the Kalshi YES mid-market for New York Knicks ML in ECF Game 3 vs. Cavaliers be ≥ 55¢ at tip-off on May 23?
Sooth_QGen#4d88915ec200	Will the Kalshi YES mid-market price for Miami (Miami vs Philadelphia) land in the 50-60¢ bucket at game start (2026-06-15)?
Sooth_QGen#4d8a5a3dc71f	Will the Kalshi YES mid-market price for Chicago C (Chicago C vs Colorado) land in the 80-90¢ bucket at game start (2026-06-10)?
Sooth_QGen#4d9ff8baa515	Will the Kalshi YES mid-market price for Miami (Miami vs Washington) land in the 70-80¢ bucket at game start (2026-06-01)?
Sooth_QGen#4da223efad56	Will the Kalshi YES mid-market price for Atlanta (Pittsburgh vs Atlanta) land in the 90-100¢ bucket at game start (2026-06-07)?
Sooth_QGen#4dba3664e26b	Will the Kalshi YES mid-market price for Chicago C (San Francisco vs Chicago C) land in the 10-20¢ bucket at game start (2026-06-06)?
Sooth_QGen#4dbd2f09f1e5	Will the Kalshi YES mid-market price for A's (Colorado vs A's) land in the 0-10¢ bucket at game start (2026-06-14)?
Sooth_QGen#4dc96f73e2e6	Will the Kalshi YES mid-market price for San Diego (Cincinnati vs San Diego) land in the 50-60¢ bucket at game start (2026-06-09)?
Sooth_QGen#4dca959ce28e	Will the Kalshi YES mid-market price for Texas (Texas vs Boston) land in the 60-70¢ bucket at game start (2026-06-12)?
Sooth_QGen#4ddb6cff289c	Will the Kalshi YES mid-market price for Miami (Tampa Bay vs Miami) land in the 80-90¢ bucket at game start (2026-06-05)?
Sooth_QGen#4de205a18f93	Will the Kalshi YES mid-market price for Pittsburgh (Pittsburgh vs Houston) land in the 70-80¢ bucket at game start (2026-06-05)?
Sooth_QGen#4df0728050e4	Will the Kalshi YES mid-market price for Philadelphia (Miami vs Philadelphia) land in the 90-100¢ bucket at game start (2026-06-15)?
Sooth_QGen#4e04cc59ac83	Will the Kalshi YES mid-market price for Baltimore (Seattle vs Baltimore) land in the 80-90¢ bucket at game start (2026-06-09)?
Sooth_QGen#4e04e73a3056	Will the Kalshi YES mid-market price for New York (Game 4: San Antonio at New York) land in the 0-10¢ bucket at game start (2026-06-11)?
Sooth_QGen#4e06eb61f12c	Will the Kalshi YES mid-market price for San Francisco (San Francisco vs Milwaukee) land in the 0-10¢ bucket at game start (2026-06-04)?
Sooth_QGen#4e0af2b6a6a1	Will the Kalshi YES mid-market price for Toronto (Toronto vs Atlanta) land in the 70-80¢ bucket at game start (2026-06-03)?
Sooth_QGen#4e109c591f92	Will the Kalshi YES mid-market price for Kansas City (Houston vs Kansas City) land in the 0-10¢ bucket at game start (2026-06-13)?
Sooth_QGen#4e39ce3b2afc	Will the Kalshi YES mid-market price for San Francisco (Chicago C vs San Francisco) land in the 90-100¢ bucket at game start (2026-06-14)?
Sooth_QGen#4e43cbabed69	Will the Kalshi YES mid-market price for A's (A's vs Chicago C) land in the 30-40¢ bucket at game start (2026-06-05)?
Sooth_QGen#4e528aa19f48	Will the Kalshi YES mid-market price for Philadelphia (Philadelphia vs Milwaukee) land in the 50-60¢ bucket at game start (2026-06-12)?
Sooth_QGen#4e5f334e201f	Will the Kalshi YES mid-market price for Los Angeles D (Philadelphia vs Los Angeles D) land in the 50-60¢ bucket at game start (2026-05-30)?
Sooth_QGen#4e6a923693e0	Will the Kalshi YES mid-market price for VGK Golden Knights (Game 6: Carolina at Vegas) land in the 40-50¢ bucket at game start (2026-06-15)?
Sooth_QGen#4e769347a521	Will the Kalshi YES mid-market price for Minnesota (Kansas City vs Minnesota) land in the 50-60¢ bucket at game start (2026-06-06)?
Sooth_QGen#4e7e900dda82	Will the Kalshi YES mid-market price for Minnesota (St. Louis vs Minnesota) land in the 90-100¢ bucket at game start (2026-06-14)?
Sooth_QGen#4e8c20eeccd6	Will the Kalshi YES mid-market price for New York (Game 4: San Antonio at New York) land in the 80-90¢ bucket at game start (2026-06-11)?
Sooth_QGen#4e99c9907e4e	Will the Kalshi YES mid-market price for San Francisco (Arizona vs San Francisco) land in the 70-80¢ bucket at game start (2026-05-27)?
Sooth_QGen#4eb15c60660f	Will the Kalshi YES mid-market price for St. Louis (San Diego vs St. Louis) land in the 60-70¢ bucket at game start (2026-06-15)?
Sooth_QGen#4eeb5fb229f0	Will the Kalshi YES mid-market price for Toronto (Miami vs Toronto) land in the 40-50¢ bucket at game start (2026-05-27)?
Sooth_QGen#4ef6e2186165	Will the Kalshi YES mid-market price for New York Y (Cleveland vs New York Y) land in the 10-20¢ bucket at game start (2026-06-02)?
Sooth_QGen#4f292075ebaf	Will the Kalshi YES mid-market price for Seattle (Arizona vs Seattle) land in the 10-20¢ bucket at game start (2026-05-31)?
Sooth_QGen#4f492bc8daec	Will the Kalshi YES mid-market price for Los Angeles A (Los Angeles A vs Los Angeles D) land in the 70-80¢ bucket at game start (2026-06-07)?
Sooth_QGen#4f5fb8d1c2e5	Will the Kalshi YES mid-market price for Colorado (Chicago C vs Colorado) land in the 20-30¢ bucket at game start (2026-06-10)?
Sooth_QGen#4f67a6939872	Will the Kalshi YES mid-market price for Kansas City (Kansas City vs Texas) land in the 70-80¢ bucket at game start (2026-05-30)?
Sooth_QGen#4f691f099a12	Will the Kalshi YES mid-market price for CAR Hurricanes (Game 4: Carolina at Vegas) land in the 30-40¢ bucket at game start (2026-06-10)?
Sooth_QGen#4f7756c10111	Will the Kalshi YES mid-market price for Texas (Kansas City vs Texas) land in the 50-60¢ bucket at game start (2026-05-30)?
Sooth_QGen#4f78bea3d743	Will the Kalshi YES mid-market price for Minnesota (Minnesota vs Texas) land in the 40-50¢ bucket at game start (2026-06-16)?
Sooth_QGen#4f7b7761049a	Will the Kalshi YES mid-market price for Chicago WS (Detroit vs Chicago WS) land in the 50-60¢ bucket at game start (2026-05-31)?
Sooth_QGen#4f7d26476c70	Will the Kalshi YES mid-market price for New York M (New York M vs Seattle) land in the 20-30¢ bucket at game start (2026-06-03)?
Sooth_QGen#4f8546eeba15	Will the Kalshi YES mid-market price for Washington (Miami vs Washington) land in the 30-40¢ bucket at game start (2026-06-03)?
Sooth_QGen#4f929dde2d9b	Will the Kalshi YES mid-market price for New York M (Miami vs New York M) land in the 10-20¢ bucket at game start (2026-05-29)?
Sooth_QGen#4f971cb4512e	Will the Kalshi YES mid-market price for Detroit (Minnesota vs Detroit) land in the 90-100¢ bucket at game start (2026-06-10)?
Sooth_QGen#4f9c056ce581	Will the Kalshi YES mid-market price for Boston (Boston vs New York Y) land in the 30-40¢ bucket at game start (2026-06-05)?
Sooth_QGen#4fb51763244f	Will the Kalshi YES mid-market price for Cincinnati (Arizona vs Cincinnati) land in the 0-10¢ bucket at game start (2026-06-13)?
Sooth_QGen#4fbdc2db468e	Will the Kalshi YES mid-market price for Chicago C (Chicago C vs St. Louis) land in the 0-10¢ bucket at game start (2026-05-30)?
Sooth_QGen#4fc37f682bce	Will the Kalshi YES mid-market price for Baltimore (Toronto vs Baltimore) land in the 50-60¢ bucket at game start (2026-05-31)?
Sooth_QGen#4fc7adbb0f53	Will the Kalshi YES mid-market price for Chicago WS (Chicago WS vs Minnesota) land in the 30-40¢ bucket at game start (2026-06-02)?
Sooth_QGen#4fcc68ad5d3e	Will the Kalshi YES mid-market price for Milwaukee (Milwaukee vs Colorado) land in the 10-20¢ bucket at game start (2026-06-06)?
Sooth_QGen#4fdcc0b758ef	Will the Kalshi YES mid-market price for Arizona (Los Angeles D vs Arizona) land in the 80-90¢ bucket at game start (2026-06-03)?
Sooth_QGen#4fde6a93fa41	Will the Kalshi YES mid-market price for Chicago WS (Atlanta vs Chicago WS) land in the 50-60¢ bucket at game start (2026-06-09)?
Sooth_QGen#4fde7acfee9c	Will the Kalshi YES mid-market price for Texas (Texas vs Kansas City) land in the 60-70¢ bucket at game start (2026-06-09)?
Sooth_QGen#4fe63b55736d	Will the Kalshi YES mid-market price for Los Angeles D (Los Angeles D vs Pittsburgh) land in the 60-70¢ bucket at game start (2026-06-09)?
Sooth_QGen#4fe789c8792a	Will the Kalshi YES mid-market price for Colorado (Chicago C vs Colorado) land in the 80-90¢ bucket at game start (2026-06-10)?
Sooth_QGen#4fee53d4f317	Will the Kalshi YES mid-market price for CAR Hurricanes (Game 2: Vegas at Carolina) land in the 40-50¢ bucket at game start (2026-06-05)?
Sooth_QGen#4ff683e6cb81	Will the Kalshi YES mid-market price for Cleveland (Boston vs Cleveland) land in the 20-30¢ bucket at game start (2026-05-31)?
Sooth_QGen#500a89ca2144	Will the Kalshi YES mid-market price for Colorado (Chicago C vs Colorado) land in the 20-30¢ bucket at game start (2026-06-11)?
Sooth_QGen#5015319dcbdd	Will the Kalshi YES mid-market price for Los Angeles A (Tampa Bay vs Los Angeles A) land in the 40-50¢ bucket at game start (2026-06-14)?
Sooth_QGen#502664b16a82	Will the Kalshi YES mid-market price for Cleveland (Detroit vs Cleveland) land in the 10-20¢ bucket at game start (2026-06-13)?
Sooth_QGen#50294c3b3e2e	Will the Kalshi YES mid-market price for Baltimore (Seattle vs Baltimore) land in the 30-40¢ bucket at game start (2026-06-10)?
Sooth_QGen#503f37732ebf	Will the Kalshi YES mid-market price for Cincinnati (Cincinnati vs St. Louis) land in the 0-10¢ bucket at game start (2026-06-07)?
Sooth_QGen#5049699e38d8	Will the Kalshi YES mid-market price for Atlanta (Toronto vs Atlanta) land in the 60-70¢ bucket at game start (2026-06-02)?
Sooth_QGen#504c1e925dd5	Will the Kalshi YES mid-market price for Chicago WS (Detroit vs Chicago WS) land in the 90-100¢ bucket at game start (2026-05-31)?
Sooth_QGen#50569c2ad0d9	Will the Kalshi YES mid-market price for St. Louis (Cincinnati vs St. Louis) land in the 0-10¢ bucket at game start (2026-06-06)?
Sooth_QGen#505d1c5f5be1	Will the Kalshi YES mid-market price for Jakub Mensik (Will Jakub Mensik win the Mensik vs Zverev: Semifinal match) land in the 50-60¢ bucket at game start (2026-06-05)?
Sooth_QGen#506cfab7c144	Will the Kalshi YES mid-market price for Boston (Baltimore vs Boston) land in the 20-30¢ bucket at game start (2026-06-02)?
Sooth_QGen#507d91d6ba2c	Will the Kalshi YES mid-market price for A's (Milwaukee vs A's) land in the 0-10¢ bucket at game start (2026-06-09)?
Sooth_QGen#50887ade87d5	Will the Kalshi YES mid-market price for New York Y (Cleveland vs New York Y) land in the 50-60¢ bucket at game start (2026-06-02)?
Sooth_QGen#5088e43d43e9	Will the Kalshi YES mid-market price for Cincinnati (Cincinnati vs St. Louis) land in the 60-70¢ bucket at game start (2026-06-06)?
Sooth_QGen#50929887b967	Will the Kalshi YES mid-market price for Philadelphia (San Diego vs Philadelphia) land in the 40-50¢ bucket at game start (2026-06-04)?
Sooth_QGen#5093ebb9b2cf	Will the Kalshi YES mid-market price for New York M (New York M vs San Diego) land in the 10-20¢ bucket at game start (2026-06-06)?
Sooth_QGen#5095506641d4	Will the Kalshi YES mid-market price for Colorado (Colorado vs Los Angeles A) land in the 40-50¢ bucket at game start (2026-06-04)?
Sooth_QGen#50a907f85936	Will the Kalshi YES mid-market price for Chicago C (Chicago C vs Colorado) land in the 70-80¢ bucket at game start (2026-06-10)?
Sooth_QGen#50adf9d8e139	Will the Kalshi YES mid-market price for San Francisco (Chicago C vs San Francisco) land in the 80-90¢ bucket at game start (2026-06-14)?
Sooth_QGen#50ae58bf2525	Will the Kalshi YES mid-market price for Seattle (Seattle vs Washington) land in the 0-10¢ bucket at game start (2026-06-12)?
Sooth_QGen#50c6664d1f90	Will the Kalshi YES mid-market price for New York M (St. Louis vs New York M) land in the 80-90¢ bucket at game start (2026-06-09)?
Sooth_QGen#50ce4cad135f	Will the Kalshi YES mid-market price for Kansas City (Kansas City vs Minnesota) land in the 40-50¢ bucket at game start (2026-06-06)?
Sooth_QGen#50d20296df33	Will the Kalshi YES mid-market price for St. Louis (Texas vs St. Louis) land in the 50-60¢ bucket at game start (2026-06-01)?
Sooth_QGen#50d600768971	Will the Kalshi YES mid-market price for New York Y (New York Y vs Cleveland) land in the 40-50¢ bucket at game start (2026-06-10)?
Sooth_QGen#50de336960e6	Will the Kalshi YES mid-market price for Cincinnati (Arizona vs Cincinnati) land in the 80-90¢ bucket at game start (2026-06-14)?
Sooth_QGen#5102112180f1	Will the Kalshi YES mid-market price for San Francisco (San Francisco vs Chicago C) land in the 40-50¢ bucket at game start (2026-06-08)?
Sooth_QGen#510a27c60d6d	Will the Kalshi YES mid-market price for St. Louis (St. Louis vs New York M) land in the 50-60¢ bucket at game start (2026-06-11)?
Sooth_QGen#51114bfee8a0	Will the Kalshi YES mid-market price for San Diego (San Diego vs St. Louis) land in the 90-100¢ bucket at game start (2026-06-15)?
Sooth_QGen#5123ab66bac9	Will the Kalshi YES mid-market price for Baltimore (Seattle vs Baltimore) land in the 80-90¢ bucket at game start (2026-06-08)?
Sooth_QGen#5128d1e5bc69	Will the Kalshi YES mid-market price for Colorado (Milwaukee vs Colorado) land in the 90-100¢ bucket at game start (2026-06-06)?
Sooth_QGen#5131c94ff798	Will the Kalshi YES mid-market price for Washington (Seattle vs Washington) land in the 60-70¢ bucket at game start (2026-06-14)?
Sooth_QGen#51345f5d3706	Will the Kalshi YES mid-market price for Baltimore (San Diego vs Baltimore) land in the 80-90¢ bucket at game start (2026-06-13)?
Sooth_QGen#51372059514e	Will the Kalshi YES mid-market price for Texas (Texas vs Kansas City) land in the 40-50¢ bucket at game start (2026-06-10)?
Sooth_QGen#51400848f651	Will the Kalshi YES mid-market price for Chicago C (Chicago C vs San Francisco) land in the 60-70¢ bucket at game start (2026-06-14)?
Sooth_QGen#514a2a9675fb	Will the Kalshi YES mid-market price for Tampa Bay (Tampa Bay vs Los Angeles A) land in the 0-10¢ bucket at game start (2026-06-14)?
Sooth_QGen#514d8d5afde2	Will the Kalshi YES mid-market price for Kansas City (Kansas City vs Cincinnati) land in the 10-20¢ bucket at game start (2026-06-01)?
Sooth_QGen#515c8fde6813	Will the Kalshi YES mid-market price for Philadelphia (San Diego vs Philadelphia) land in the 70-80¢ bucket at game start (2026-06-03)?
Sooth_QGen#517123596988	Will the Kalshi YES mid-market price for St. Louis (St. Louis vs New York M) land in the 10-20¢ bucket at game start (2026-06-09)?
Sooth_QGen#51ad00b324a8	Will the Kalshi YES mid-market price for New York Y (Cleveland vs New York Y) land in the 90-100¢ bucket at game start (2026-06-03)?
Sooth_QGen#51b40a5b4706	Will the Kalshi YES mid-market price for Tampa Bay (Tampa Bay vs Los Angeles A) land in the 0-10¢ bucket at game start (2026-06-14)?
Sooth_QGen#51c922042420	Will the Kalshi YES mid-market price for Toronto (New York Y vs Toronto) land in the 40-50¢ bucket at game start (2026-06-14)?
Sooth_QGen#51db423f74fe	Will the Kalshi YES mid-market price for Los Angeles A (Colorado vs Los Angeles A) land in the 10-20¢ bucket at game start (2026-06-02)?
Sooth_QGen#51e9fc7be512	Will the Kalshi YES mid-market price for San Diego (Philadelphia vs San Diego) land in the 20-30¢ bucket at game start (2026-05-27)?
Sooth_QGen#51edb472b2e8	Will the Kalshi YES mid-market price for Cincinnati (Kansas City vs Cincinnati) land in the 50-60¢ bucket at game start (2026-06-03)?
Sooth_QGen#5200fdea2aaf	Will the Kalshi YES mid-market price for Houston (A's vs Houston) land in the 30-40¢ bucket at game start (2026-06-07)?
Sooth_QGen#5202fe1b44be	Will the Kalshi YES mid-market price for Milwaukee (Milwaukee vs Colorado) land in the 20-30¢ bucket at game start (2026-06-06)?
Sooth_QGen#5219199be935	Will the Kalshi YES mid-market price for San Diego (Philadelphia vs San Diego) land in the 0-10¢ bucket at game start (2026-05-27)?
Sooth_QGen#521f39a47d15	Will the Kalshi YES mid-market price for Colorado (Milwaukee vs Colorado) land in the 0-10¢ bucket at game start (2026-06-06)?
Sooth_QGen#5247baeeca65	Will the Kalshi YES mid-market price for New York Y (New York Y vs A's) land in the 80-90¢ bucket at game start (2026-05-31)?
Sooth_QGen#524edb0dfd9d	Will the Kalshi YES mid-market price for New York M (Atlanta vs New York M) land in the 0-10¢ bucket at game start (2026-06-14)?
Sooth_QGen#52602a98c2e7	Will the Kalshi YES mid-market price for New York Y (New York Y vs A's) land in the 90-100¢ bucket at game start (2026-05-31)?
Sooth_QGen#52764c45f60e	Will the Kalshi YES mid-market price for Seattle (Seattle vs Washington) land in the 60-70¢ bucket at game start (2026-06-12)?
Sooth_QGen#527e51d5ad11	Will the Kalshi YES mid-market price for Detroit (Detroit vs Cleveland) land in the 20-30¢ bucket at game start (2026-06-14)?
Sooth_QGen#528ca64c164e	Will the Kalshi YES mid-market price for Atlanta (Pittsburgh vs Atlanta) land in the 50-60¢ bucket at game start (2026-06-07)?
Sooth_QGen#52936a3bf946	Will the Kalshi YES mid-market price for Houston (Houston vs Los Angeles A) land in the 60-70¢ bucket at game start (2026-06-09)?
Sooth_QGen#52975422abb6	Will the Kalshi YES mid-market price for Minnesota (Kansas City vs Minnesota) land in the 50-60¢ bucket at game start (2026-06-04)?
Sooth_QGen#52988b74d321	Will the Kalshi YES mid-market price for Milwaukee (Milwaukee vs Colorado) land in the 60-70¢ bucket at game start (2026-06-06)?
Sooth_QGen#529ae1f48763	Will the Kalshi YES mid-market price for New York M (St. Louis vs New York M) land in the 10-20¢ bucket at game start (2026-06-09)?
Sooth_QGen#529b1793fa0f	Will the Kalshi YES mid-market price for Chicago C (Chicago C vs Colorado) land in the 40-50¢ bucket at game start (2026-06-11)?
Sooth_QGen#52b2966896aa	Will the Kalshi YES mid-market price for Detroit (Detroit vs Cleveland) land in the 0-10¢ bucket at game start (2026-06-13)?
Sooth_QGen#52b3345a0476	Will the Kalshi YES mid-market price for Pittsburgh (Pittsburgh vs Atlanta) land in the 50-60¢ bucket at game start (2026-06-07)?
Sooth_QGen#52b3bc03b617	Will the Kalshi YES mid-market price for St. Louis (San Diego vs St. Louis) land in the 10-20¢ bucket at game start (2026-06-15)?
Sooth_QGen#52c53f646b35	Will the Kalshi YES mid-market price for San Francisco (San Francisco vs Milwaukee) land in the 90-100¢ bucket at game start (2026-06-03)?
Sooth_QGen#52cf860f3c1f	Will the Kalshi YES mid-market price for Arizona (Arizona vs Cincinnati) land in the 70-80¢ bucket at game start (2026-06-14)?
Sooth_QGen#52e3e078ec9a	Will the Kalshi YES mid-market price for Milwaukee (St. Louis vs Milwaukee) land in the 50-60¢ bucket at game start (2026-05-27)?
Sooth_QGen#52fbe893c9d0	Will the Kalshi YES mid-market price for Los Angeles D (Los Angeles D vs Chicago WS) land in the 20-30¢ bucket at game start (2026-06-12)?
Sooth_QGen#52fdd46d7050	Will the Kalshi YES mid-market price for Pittsburgh (Los Angeles D vs Pittsburgh) land in the 60-70¢ bucket at game start (2026-06-10)?
Sooth_QGen#5308db064329	Will the Kalshi YES mid-market price for Los Angeles A (Houston vs Los Angeles A) land in the 90-100¢ bucket at game start (2026-06-10)?
Sooth_QGen#53174773776f	Will the Kalshi YES mid-market price for St. Louis (St. Louis vs Minnesota) land in the 20-30¢ bucket at game start (2026-06-14)?
Sooth_QGen#5327b8421a00	Will the Kalshi YES mid-market price for Seattle (Seattle vs Baltimore) land in the 50-60¢ bucket at game start (2026-06-09)?
Sooth_QGen#532d5cb458c4	Will the Kalshi YES mid-market price for St. Louis (St. Louis vs Minnesota) land in the 10-20¢ bucket at game start (2026-06-13)?
Sooth_QGen#532dfe0a1a6c	Will the Kalshi YES mid-market price for Milwaukee (St. Louis vs Milwaukee) land in the 80-90¢ bucket at game start (2026-05-27)?
Sooth_QGen#534f65c7eca9	Will the Kalshi YES mid-market price for Chicago C (Chicago C vs San Francisco) land in the 60-70¢ bucket at game start (2026-06-13)?
Sooth_QGen#536567a42499	Will the Kalshi YES mid-market price for Cleveland (Boston vs Cleveland) land in the 50-60¢ bucket at game start (2026-05-31)?
Sooth_QGen#536921346caf	Will the Kalshi YES mid-market price for Chicago WS (Chicago WS vs Philadelphia) land in the 20-30¢ bucket at game start (2026-06-06)?
Sooth_QGen#536c2e2d3d74	Will the Kalshi YES mid-market price for Los Angeles D (Philadelphia vs Los Angeles D) land in the 90-100¢ bucket at game start (2026-05-31)?
Sooth_QGen#5391a58ecf85	Will the Kalshi YES mid-market price for Minnesota (Kansas City vs Minnesota) land in the 0-10¢ bucket at game start (2026-06-04)?
Sooth_QGen#539e7abaa0e9	Will the Kalshi YES mid-market price for Minnesota (St. Louis vs Minnesota) land in the 20-30¢ bucket at game start (2026-06-13)?
Sooth_QGen#53a96cc56a74	Will the Kalshi YES mid-market price for Kansas City (Texas vs Kansas City) land in the 80-90¢ bucket at game start (2026-06-11)?
Sooth_QGen#53ad98d4b01e	Will the Kalshi YES mid-market price for Boston (Texas vs Boston) land in the 80-90¢ bucket at game start (2026-06-14)?
Sooth_QGen#53b0e3ec0c6f	Will the Kalshi YES mid-market price for Minnesota (St. Louis vs Minnesota) land in the 0-10¢ bucket at game start (2026-06-13)?
Sooth_QGen#53b4b9cdf5fb	Will the Kalshi YES mid-market price for Washington (San Diego vs Washington) land in the 90-100¢ bucket at game start (2026-05-29)?
Sooth_QGen#53bf3e73902c	Will the Kalshi YES mid-market price for Atlanta (Toronto vs Atlanta) land in the 70-80¢ bucket at game start (2026-06-04)?
Sooth_QGen#53c3e936bf09	Will the Kalshi YES mid-market price for Arizona (Arizona vs Seattle) land in the 80-90¢ bucket at game start (2026-05-30)?
Sooth_QGen#53e9455d489e	Will the Kalshi YES mid-market price for Cleveland (Cleveland vs New York Y) land in the 20-30¢ bucket at game start (2026-06-03)?
Sooth_QGen#53ff02a6c42b	Will the Kalshi YES mid-market price for New York M (St. Louis vs New York M) land in the 50-60¢ bucket at game start (2026-06-09)?
Sooth_QGen#5403578e08b4	Will the Kalshi YES mid-market price for Cleveland (New York Y vs Cleveland) land in the 20-30¢ bucket at game start (2026-06-09)?
Sooth_QGen#541102c22a90	Will the Kalshi YES mid-market price for Texas (Kansas City vs Texas) land in the 90-100¢ bucket at game start (2026-05-30)?
Sooth_QGen#54222337fe65	Will the Kalshi YES mid-market price for Tampa Bay (Tampa Bay vs Miami) land in the 90-100¢ bucket at game start (2026-06-05)?
Sooth_QGen#5424443ac066	Will the Kalshi YES mid-market price for Boston (Texas vs Boston) land in the 90-100¢ bucket at game start (2026-06-13)?
Sooth_QGen#542db81e1077	Will the Kalshi YES mid-market price for Philadelphia (San Diego vs Philadelphia) land in the 50-60¢ bucket at game start (2026-06-02)?
Sooth_QGen#5436e19d555b	Will the Kalshi YES mid-market price for New York (Game 1: New York at San Antonio) land in the 20-30¢ bucket at game start (2026-06-04)?
Sooth_QGen#543d31e7a9bf	Will the Kalshi YES mid-market price for Tampa Bay (Tampa Bay vs Los Angeles D) land in the 30-40¢ bucket at game start (2026-06-16)?
Sooth_QGen#543fa2fe11ae	Will the Kalshi YES mid-market price for Arizona (Washington vs Arizona) land in the 40-50¢ bucket at game start (2026-06-07)?
Sooth_QGen#54433cd9d4f7	Will the Kalshi YES mid-market price for San Francisco (Washington vs San Francisco) land in the 0-10¢ bucket at game start (2026-06-10)?
Sooth_QGen#545644761518	Will the Kalshi YES mid-market price for Los Angeles D (Los Angeles D vs Arizona) land in the 10-20¢ bucket at game start (2026-06-03)?
Sooth_QGen#546a548a3475	Will the Kalshi YES mid-market price for Atlanta (Atlanta vs New York M) land in the 90-100¢ bucket at game start (2026-06-12)?
Sooth_QGen#546dfddfee08	Will the Kalshi YES mid-market price for Kansas City (Kansas City vs Minnesota) land in the 30-40¢ bucket at game start (2026-06-07)?
Sooth_QGen#54703fdaee25	Will the Kalshi YES mid-market price for Arizona (Los Angeles D vs Arizona) land in the 0-10¢ bucket at game start (2026-06-04)?
Sooth_QGen#5486d6a79cbc	Will the Kalshi YES mid-market price for Detroit (Detroit vs Chicago WS) land in the 20-30¢ bucket at game start (2026-05-29)?
Sooth_QGen#548b75e169fb	Will the Kalshi YES mid-market price for Philadelphia (Philadelphia vs Milwaukee) land in the 30-40¢ bucket at game start (2026-06-13)?
Sooth_QGen#548ecd56ec55	Will the Kalshi YES mid-market price for Minnesota (Chicago WS vs Minnesota) land in the 70-80¢ bucket at game start (2026-06-02)?
Sooth_QGen#5491d9123e23	Will the Kalshi YES mid-market price for Baltimore (Baltimore vs Boston) land in the 0-10¢ bucket at game start (2026-06-03)?
Sooth_QGen#54a9ba5245e9	Will the Kalshi YES mid-market price for Tampa Bay (Detroit vs Tampa Bay) land in the 60-70¢ bucket at game start (2026-06-01)?
Sooth_QGen#54b08cc9be42	Will the Kalshi YES mid-market price for Baltimore (Seattle vs Baltimore) land in the 30-40¢ bucket at game start (2026-06-08)?
Sooth_QGen#54bd1c9da365	Will the Kalshi YES mid-market price for New York M (New York M vs Seattle) land in the 80-90¢ bucket at game start (2026-06-02)?
Sooth_QGen#54cc535a69b6	Will the Kalshi YES mid-market price for Toronto (Toronto vs Baltimore) land in the 40-50¢ bucket at game start (2026-05-31)?
Sooth_QGen#54ccac02b73d	Will the Kalshi YES mid-market price for Seattle (Seattle vs A's) land in the 30-40¢ bucket at game start (2026-05-27)?
Sooth_QGen#54ccccc8aa19	Will the Kalshi YES mid-market price for Texas (Kansas City vs Texas) land in the 40-50¢ bucket at game start (2026-05-30)?
Sooth_QGen#54d0e07ded7d	Will the Kalshi YES mid-market price for Seattle (Seattle vs Washington) land in the 60-70¢ bucket at game start (2026-06-13)?
Sooth_QGen#54d49f42f5f0	Will the Kalshi YES mid-market price for Miami (Miami vs New York M) land in the 90-100¢ bucket at game start (2026-05-31)?
Sooth_QGen#54ecdd3697a6	Will the Kalshi YES mid-market price for Detroit (Will Detroit win the New Orleans vs Detroit Pro Football game) land in the 90-100¢ bucket at game start (2026-09-13)?
Sooth_QGen#54eda3af69f6	Will the Kalshi YES mid-market price for New York (Game 3: San Antonio at New York) land in the 30-40¢ bucket at game start (2026-06-09)?
Sooth_QGen#54f0707500cd	Will the Kalshi YES mid-market price for Arizona (Arizona vs Cincinnati) land in the 70-80¢ bucket at game start (2026-06-12)?
Sooth_QGen#54f260ea28ac	Will the Kalshi YES mid-market price for Cleveland (Washington vs Cleveland) land in the 30-40¢ bucket at game start (2026-05-27)?
Sooth_QGen#54f66a3992ca	Will the Kalshi YES mid-market price for Houston (Houston vs Kansas City) land in the 60-70¢ bucket at game start (2026-06-13)?
Sooth_QGen#54f8ca3a06e8	Will the Kalshi YES mid-market price for Chicago WS (Chicago WS vs Minnesota) land in the 20-30¢ bucket at game start (2026-06-02)?
Sooth_QGen#55025a9ffce9	Will the Kalshi YES mid-market price for A's (A's vs Chicago C) land in the 60-70¢ bucket at game start (2026-06-04)?
Sooth_QGen#5513b8e03c9a	Will the Kalshi YES mid-market price for Arizona (Arizona vs Miami) land in the 80-90¢ bucket at game start (2026-06-09)?
Sooth_QGen#552838cc5ff2	Will the Kalshi YES mid-market price for Milwaukee (Milwaukee vs A's) land in the 0-10¢ bucket at game start (2026-06-09)?
Sooth_QGen#552cbb32e898	Will the Kalshi YES mid-market price for Kansas City (Kansas City vs Minnesota) land in the 20-30¢ bucket at game start (2026-06-06)?
Sooth_QGen#552dcf813d95	Will the Kalshi YES mid-market price for Minnesota (Minnesota vs Detroit) land in the 60-70¢ bucket at game start (2026-06-09)?
Sooth_QGen#5538e7bc94cf	Will the Kalshi YES mid-market price for Tampa Bay (Los Angeles A vs Tampa Bay) land in the 30-40¢ bucket at game start (2026-05-31)?
Sooth_QGen#55403f69c0ca	Will the Kalshi YES mid-market price for Chicago C (Chicago C vs San Francisco) land in the 20-30¢ bucket at game start (2026-06-14)?
Sooth_QGen#5556b2e79f5a	Will the Kalshi YES mid-market price for Los Angeles A (Tampa Bay vs Los Angeles A) land in the 80-90¢ bucket at game start (2026-06-14)?
Sooth_QGen#5556b8db7cd9	Will the Kalshi YES mid-market price for Los Angeles A (Los Angeles A vs Los Angeles D) land in the 20-30¢ bucket at game start (2026-06-07)?
Sooth_QGen#5564e60ed050	Will the Kalshi YES mid-market price for Texas (Texas vs Kansas City) land in the 10-20¢ bucket at game start (2026-06-11)?
Sooth_QGen#5585e4f149aa	Will the Kalshi YES mid-market price for St. Louis (St. Louis vs Milwaukee) land in the 30-40¢ bucket at game start (2026-05-27)?
Sooth_QGen#5594046240d9	Will the Kalshi YES mid-market price for Los Angeles D (Los Angeles D vs Chicago WS) land in the 90-100¢ bucket at game start (2026-06-12)?
Sooth_QGen#55957df96627	Will the Kalshi YES mid-market price for Chicago C (Chicago C vs Colorado) land in the 30-40¢ bucket at game start (2026-06-11)?
Sooth_QGen#55a05fd70f6b	Will the Kalshi YES mid-market price for Chicago C (Chicago C vs Colorado) land in the 80-90¢ bucket at game start (2026-06-11)?
Sooth_QGen#55a0e6d9591c	Will the Kalshi YES mid-market price for Houston (Houston vs Los Angeles A) land in the 50-60¢ bucket at game start (2026-06-11)?
Sooth_QGen#55a45d0d6517	Will the Kalshi YES mid-market price for Baltimore (Seattle vs Baltimore) land in the 10-20¢ bucket at game start (2026-06-09)?
Sooth_QGen#55b82dbcedca	Will the Kalshi YES mid-market price for Toronto (Philadelphia vs Toronto) land in the 50-60¢ bucket at game start (2026-06-08)?
Sooth_QGen#55fa07a88750	Will the Kalshi YES mid-market price for Los Angeles A (Houston vs Los Angeles A) land in the 70-80¢ bucket at game start (2026-06-09)?
Sooth_QGen#55fae4619a43	Will the Kalshi YES mid-market price for Arizona (Arizona vs Seattle) land in the 90-100¢ bucket at game start (2026-05-30)?
Sooth_QGen#5603f32137d0	Will the Kalshi YES mid-market price for Milwaukee (St. Louis vs Milwaukee) land in the 90-100¢ bucket at game start (2026-05-27)?
Sooth_QGen#560d1c0e8a15	Will the Kalshi YES mid-market price for St. Louis (Chicago C vs St. Louis) land in the 0-10¢ bucket at game start (2026-05-29)?
Sooth_QGen#5617b1220941	Will the Kalshi YES mid-market price for San Francisco (San Francisco vs Chicago C) land in the 60-70¢ bucket at game start (2026-06-06)?
Sooth_QGen#561d8340fb18	Will the Kalshi YES mid-market price for Miami (Tampa Bay vs Miami) land in the 0-10¢ bucket at game start (2026-06-05)?
Sooth_QGen#562516a88496	Will the Kalshi YES mid-market price for Houston (Houston vs Kansas City) land in the 20-30¢ bucket at game start (2026-06-13)?
Sooth_QGen#5643205024c8	Will the Kalshi YES mid-market price for Boston (Boston vs New York Y) land in the 50-60¢ bucket at game start (2026-06-07)?
Sooth_QGen#56439e931a3f	Will the Kalshi YES mid-market price for Detroit (Detroit vs Chicago WS) land in the 70-80¢ bucket at game start (2026-05-31)?
Sooth_QGen#5653aa02e25b	Will the Kalshi YES mid-market price for New York Y (New York Y vs Cleveland) land in the 60-70¢ bucket at game start (2026-06-09)?
Sooth_QGen#5656b8d1a003	Will the Kalshi YES mid-market price for Seattle (Arizona vs Seattle) land in the 60-70¢ bucket at game start (2026-05-30)?
Sooth_QGen#5673e8992937	Will the Kalshi YES mid-market price for San Diego (San Diego vs St. Louis) land in the 20-30¢ bucket at game start (2026-06-15)?
Sooth_QGen#569148c7b69b	Will the Kalshi YES mid-market price for Houston (Milwaukee vs Houston) land in the 10-20¢ bucket at game start (2026-05-31)?
Sooth_QGen#5691d46e4a5a	Will the Kalshi YES mid-market price for A's (A's vs Houston) land in the 60-70¢ bucket at game start (2026-06-06)?
Sooth_QGen#569a05b42962	Will the Kalshi YES mid-market price for Atlanta (Toronto vs Atlanta) land in the 10-20¢ bucket at game start (2026-06-03)?
Sooth_QGen#56a314f2595b	Will the Kalshi YES mid-market price for Houston (Will Houston win the Buffalo vs Houston Pro Football game) land in the 90-100¢ bucket at game start (2026-09-13)?
Sooth_QGen#56d10ae90b92	Will the Kalshi YES mid-market price for Los Angeles A (Colorado vs Los Angeles A) land in the 90-100¢ bucket at game start (2026-06-03)?
Sooth_QGen#56d86914a1dd	Will the Kalshi YES mid-market price for Texas (Texas vs Boston) land in the 10-20¢ bucket at game start (2026-06-12)?
Sooth_QGen#56e1ea9199e7	Will the Kalshi YES mid-market price for Pittsburgh (Pittsburgh vs Houston) land in the 50-60¢ bucket at game start (2026-06-04)?
Sooth_QGen#56e6b75b9b23	Will the Kalshi YES mid-market price for Cincinnati (Cincinnati vs St. Louis) land in the 70-80¢ bucket at game start (2026-06-07)?
Sooth_QGen#56e6e7298245	Will the Kalshi YES mid-market price for Baltimore (Baltimore vs Toronto) land in the 20-30¢ bucket at game start (2026-06-05)?
Sooth_QGen#56f8b7b6a58c	Will the Kalshi YES mid-market price for New York (Game 2: New York at San Antonio) land in the 0-10¢ bucket at game start (2026-06-06)?
Sooth_QGen#57166aa5e205	Will the Kalshi YES mid-market price for Milwaukee (San Francisco vs Milwaukee) land in the 50-60¢ bucket at game start (2026-06-03)?
Sooth_QGen#57302a472bd9	Will the Polymarket YES price for 'Will Solana hit below $80 in May 2026?' be ≥ 37¢ at 12:00 UTC on May 31, 2026?
Sooth_QGen#5732828c987c	Will the Kalshi YES mid-market price for Boston (Boston vs Tampa Bay) land in the 90-100¢ bucket at game start (2026-06-09)?
Sooth_QGen#57383c215ecd	Will the Kalshi YES mid-market price for Los Angeles A (Los Angeles A vs Tampa Bay) land in the 60-70¢ bucket at game start (2026-05-31)?
Sooth_QGen#5740dcc81f85	Will the Kalshi YES mid-market price for Chicago C (San Francisco vs Chicago C) land in the 60-70¢ bucket at game start (2026-06-08)?
Sooth_QGen#57458ad47d2e	Will the Kalshi YES mid-market price for New York Y (New York Y vs A's) land in the 70-80¢ bucket at game start (2026-05-30)?
Sooth_QGen#574b60eec877	Will the Kalshi YES mid-market price for A's (A's vs Chicago C) land in the 90-100¢ bucket at game start (2026-06-05)?
Sooth_QGen#57818f5278fb	Will the Kalshi YES mid-market price for New York M (Atlanta vs New York M) land in the 70-80¢ bucket at game start (2026-06-14)?
Sooth_QGen#57828ffbc7c8	Will the Kalshi YES mid-market price for Tampa Bay (Detroit vs Tampa Bay) land in the 80-90¢ bucket at game start (2026-06-02)?
Sooth_QGen#578d9e40bec0	Will the Kalshi YES mid-market price for Tampa Bay (Boston vs Tampa Bay) land in the 70-80¢ bucket at game start (2026-06-10)?
Sooth_QGen#579f52585654	Will the Kalshi YES mid-market price for Miami (Tampa Bay vs Miami) land in the 50-60¢ bucket at game start (2026-06-07)?
Sooth_QGen#57a72a8e9649	Will the Kalshi YES mid-market price for Tampa Bay (Boston vs Tampa Bay) land in the 80-90¢ bucket at game start (2026-06-09)?
Sooth_QGen#57c9f00e4a60	Will the Kalshi YES mid-market price for Seattle (Seattle vs Baltimore) land in the 30-40¢ bucket at game start (2026-06-11)?
Sooth_QGen#57cb882df483	Will the Kalshi YES mid-market price for Detroit (Minnesota vs Detroit) land in the 10-20¢ bucket at game start (2026-06-10)?
Sooth_QGen#57d1c4e564b4	Will the Kalshi YES mid-market price for St. Louis (St. Louis vs New York M) land in the 60-70¢ bucket at game start (2026-06-11)?
Sooth_QGen#58011fb7f4c0	Will the Kalshi YES mid-market price for Tampa Bay (Boston vs Tampa Bay) land in the 10-20¢ bucket at game start (2026-06-10)?
Sooth_QGen#580b1ed3b8ec	Will the Kalshi YES mid-market price for Houston (Detroit vs Houston) land in the 60-70¢ bucket at game start (2026-06-16)?
Sooth_QGen#581b5bfa831b	Will the Kalshi YES mid-market price for Cincinnati (Cincinnati vs San Diego) land in the 0-10¢ bucket at game start (2026-06-10)?
Sooth_QGen#581d8d7abc3c	Will the Kalshi YES mid-market price for San Francisco (Will San Francisco win the San Francisco vs Los Angeles R Pro Football game) land in the 10-20¢ bucket at game start (2026-09-11)?
Sooth_QGen#5837e285383a	Will the Kalshi YES mid-market price for San Diego (San Diego vs Philadelphia) land in the 70-80¢ bucket at game start (2026-06-02)?
Sooth_QGen#58433a66cd13	Will the Kalshi YES mid-market price for Miami (Miami vs Pittsburgh) land in the 40-50¢ bucket at game start (2026-06-14)?
Sooth_QGen#584eeda0db94	Will the Kalshi YES mid-market price for Washington (Kansas City vs Washington) land in the 90-100¢ bucket at game start (2026-06-15)?
Sooth_QGen#585079771bbd	Will the Kalshi YES mid-market price for Miami (Miami vs Pittsburgh) land in the 20-30¢ bucket at game start (2026-06-14)?
Sooth_QGen#5850b6d93984	Will the Kalshi YES mid-market price for Minnesota (Minnesota vs Texas) land in the 10-20¢ bucket at game start (2026-06-16)?
Sooth_QGen#58592e48f605	Will the Kalshi YES mid-market price for Kansas City (Kansas City vs Minnesota) land in the 50-60¢ bucket at game start (2026-06-04)?
Sooth_QGen#588a2526a4fd	Will the Kalshi YES mid-market price for Colorado (Colorado vs Los Angeles A) land in the 70-80¢ bucket at game start (2026-06-03)?
Sooth_QGen#588e60be8ff2	Will the Kalshi YES mid-market price for New York Y (New York Y vs Cleveland) land in the 40-50¢ bucket at game start (2026-06-09)?
Sooth_QGen#58a2b763e194	Will the Kalshi YES mid-market price for New York Y (New York Y vs Toronto) land in the 20-30¢ bucket at game start (2026-06-12)?
Sooth_QGen#58b2152b6e5b	Will the Kalshi YES mid-market price for Chicago (Will Chicago win the Chicago vs Carolina Pro Football game) land in the 30-40¢ bucket at game start (2026-09-13)?
Sooth_QGen#58b4b71859e5	Will the Kalshi YES mid-market price for Detroit (Seattle vs Detroit) land in the 40-50¢ bucket at game start (2026-06-06)?
Sooth_QGen#58cf3b2b65b2	Will the Kalshi YES mid-market price for Arizona (Arizona vs Seattle) land in the 30-40¢ bucket at game start (2026-05-30)?
Sooth_QGen#58e052e00ff1	Will the Kalshi YES mid-market price for Los Angeles D (Los Angeles D vs Arizona) land in the 30-40¢ bucket at game start (2026-06-04)?
Sooth_QGen#58e8fe82e10b	Will the Kalshi YES mid-market price for Philadelphia (Philadelphia vs Los Angeles D) land in the 40-50¢ bucket at game start (2026-05-31)?
Sooth_QGen#58ef0a4009d6	Will the Kalshi YES mid-market price for Los Angeles A (Tampa Bay vs Los Angeles A) land in the 80-90¢ bucket at game start (2026-06-14)?
Sooth_QGen#58f5965493aa	Will the Kalshi YES mid-market price for Cleveland (Boston vs Cleveland) land in the 90-100¢ bucket at game start (2026-05-31)?
Sooth_QGen#590e2b4e1d79	Will the Kalshi YES mid-market price for Tampa Bay (Tampa Bay vs Miami) land in the 20-30¢ bucket at game start (2026-06-06)?
Sooth_QGen#5910d6d9c371	Will the Kalshi YES mid-market price for Kansas City (Texas vs Kansas City) land in the 10-20¢ bucket at game start (2026-06-10)?
Sooth_QGen#5910ecdc18a9	Will the Kalshi YES mid-market price for Houston (Houston vs Kansas City) land in the 50-60¢ bucket at game start (2026-06-13)?
Sooth_QGen#5922bfd27faf	Will the Kalshi YES mid-market price for Minnesota (Kansas City vs Minnesota) land in the 90-100¢ bucket at game start (2026-06-07)?
Sooth_QGen#5926e886a8fd	Will the Kalshi YES mid-market price for Minnesota (Minnesota vs Texas) land in the 0-10¢ bucket at game start (2026-06-16)?
Sooth_QGen#594be09383f2	Will the Kalshi YES mid-market price for Cincinnati (Arizona vs Cincinnati) land in the 30-40¢ bucket at game start (2026-06-12)?
Sooth_QGen#5955fb38ea64	Will the Kalshi YES mid-market price for Miami (Miami vs New York M) land in the 60-70¢ bucket at game start (2026-05-29)?
Sooth_QGen#5963f93b4021	Will the Kalshi YES mid-market price for Chicago C (Chicago C vs St. Louis) land in the 60-70¢ bucket at game start (2026-05-31)?
Sooth_QGen#596ef1b33362	Will the Kalshi YES mid-market price for Chicago C (Chicago C vs St. Louis) land in the 60-70¢ bucket at game start (2026-05-29)?
Sooth_QGen#596f2df6db51	Will the Kalshi YES mid-market price for Chicago C (San Francisco vs Chicago C) land in the 50-60¢ bucket at game start (2026-06-05)?
Sooth_QGen#598b774b8951	Will the Kalshi YES mid-market price for Washington (Will Washington win the Washington vs Philadelphia Pro Football game) land in the 70-80¢ bucket at game start (2026-09-13)?
Sooth_QGen#59961a252394	Will the Kalshi YES mid-market price for Cincinnati (Atlanta vs Cincinnati) land in the 60-70¢ bucket at game start (2026-05-31)?
Sooth_QGen#599f7bd44221	Will the Kalshi YES mid-market price for Pittsburgh (Pittsburgh vs A's) land in the 70-80¢ bucket at game start (2026-06-16)?
Sooth_QGen#59bdf99c34da	Will the Kalshi YES mid-market price for Miami (Arizona vs Miami) land in the 50-60¢ bucket at game start (2026-06-10)?
Sooth_QGen#59d6236e2c68	Will the Kalshi YES mid-market price for Los Angeles A (Houston vs Los Angeles A) land in the 90-100¢ bucket at game start (2026-06-11)?
Sooth_QGen#59e13566bf73	Will the Kalshi YES mid-market price for New York J (Will New York J win the New York J vs Tennessee Pro Football game) land in the 50-60¢ bucket at game start (2026-09-13)?
Sooth_QGen#59e2dcaa4a12	Will the Kalshi YES mid-market price for New York J (Will New York J win the New York J vs Tennessee Pro Football game) land in the 80-90¢ bucket at game start (2026-09-13)?
Sooth_QGen#59e9997eb61f	Will the Kalshi YES mid-market price for St. Louis (Chicago C vs St. Louis) land in the 60-70¢ bucket at game start (2026-05-29)?
Sooth_QGen#59ee09800ecb	Will the Kalshi YES mid-market price for Chicago C (A's vs Chicago C) land in the 30-40¢ bucket at game start (2026-06-04)?
Sooth_QGen#5a2da31063af	Will the Kalshi YES mid-market price for Los Angeles D (Los Angeles A vs Los Angeles D) land in the 60-70¢ bucket at game start (2026-06-07)?
Sooth_QGen#5a40b37c034e	Will the Kalshi YES mid-market price for Pittsburgh (Will Pittsburgh win the Atlanta vs Pittsburgh Pro Football game) land in the 80-90¢ bucket at game start (2026-09-13)?
Sooth_QGen#5a75e4dfa30a	Will the Kalshi YES mid-market price for Tampa Bay (Tampa Bay vs Baltimore) land in the 50-60¢ bucket at game start (2026-05-27)?
Sooth_QGen#5a7d43309915	Will the Kalshi YES mid-market price for San Francisco (San Francisco vs Milwaukee) land in the 20-30¢ bucket at game start (2026-06-01)?
Sooth_QGen#5a833aa988ff	Will the Kalshi YES mid-market price for Chicago WS (Detroit vs Chicago WS) land in the 60-70¢ bucket at game start (2026-05-29)?
Sooth_QGen#5a8638c2dc74	Will the Kalshi YES mid-market price for Tampa Bay (Los Angeles A vs Tampa Bay) land in the 40-50¢ bucket at game start (2026-05-30)?
Sooth_QGen#5a87aaba93a2	Will the Kalshi YES mid-market price for Chicago (Will Chicago win the Chicago vs Carolina Pro Football game) land in the 20-30¢ bucket at game start (2026-09-13)?
Sooth_QGen#5a9f985ed1a8	Will the Kalshi YES mid-market price for Houston (Milwaukee vs Houston) land in the 80-90¢ bucket at game start (2026-05-30)?
Sooth_QGen#5a9ff8399aaf	Will the Kalshi YES mid-market price for Chicago WS (Los Angeles D vs Chicago WS) land in the 90-100¢ bucket at game start (2026-06-13)?
Sooth_QGen#5aa233654e73	Will the Kalshi YES mid-market price for Cincinnati (Kansas City vs Cincinnati) land in the 80-90¢ bucket at game start (2026-06-03)?
Sooth_QGen#5aa92fc7d0b3	Will the Kalshi YES mid-market price for St. Louis (St. Louis vs New York M) land in the 80-90¢ bucket at game start (2026-06-11)?
Sooth_QGen#5ac6798b9071	Will the Kalshi YES mid-market price for Atlanta (Atlanta vs New York M) land in the 40-50¢ bucket at game start (2026-06-12)?
Sooth_QGen#5add7e420eaf	Will the Kalshi YES mid-market price for Milwaukee (Philadelphia vs Milwaukee) land in the 20-30¢ bucket at game start (2026-06-14)?
Sooth_QGen#5ae4aad15ec0	Will the Kalshi YES mid-market price for New York Y (Boston vs New York Y) land in the 50-60¢ bucket at game start (2026-06-05)?
Sooth_QGen#5aec25b5f4dd	Will the Kalshi YES mid-market price for Indianapolis (Will Indianapolis win the Baltimore vs Indianapolis Pro Football game) land in the 20-30¢ bucket at game start (2026-09-13)?
Sooth_QGen#5af752f81eab	Will the Kalshi YES mid-market price for Minnesota (Kansas City vs Minnesota) land in the 40-50¢ bucket at game start (2026-06-06)?
Sooth_QGen#5b20c42f38e3	Will the Kalshi YES mid-market price for Pittsburgh (Miami vs Pittsburgh) land in the 30-40¢ bucket at game start (2026-06-12)?
Sooth_QGen#5b27a7a7a63d	Will the Kalshi YES mid-market price for Boston (Boston vs Tampa Bay) land in the 10-20¢ bucket at game start (2026-06-08)?
Sooth_QGen#5b2efb1a7ce4	Will the Kalshi YES mid-market price for Arizona (Will Arizona win the Arizona vs Los Angeles C Pro Football game) land in the 90-100¢ bucket at game start (2026-09-13)?
Sooth_QGen#5b480096751f	Will the Kalshi YES mid-market price for San Francisco (San Francisco vs Chicago C) land in the 0-10¢ bucket at game start (2026-06-08)?
Sooth_QGen#5b4dcfcb5132	Will the Kalshi YES mid-market price for San Diego (New York M vs San Diego) land in the 80-90¢ bucket at game start (2026-06-07)?
Sooth_QGen#5b5799536489	Will the Kalshi YES mid-market price for A's (Colorado vs A's) land in the 70-80¢ bucket at game start (2026-06-14)?
Sooth_QGen#5b656db3e965	Will the Kalshi YES mid-market price for Jacksonville (Will Jacksonville win the Cleveland vs Jacksonville Pro Football game) land in the 90-100¢ bucket at game start (2026-09-13)?
Sooth_QGen#5b69853ceb26	Will the Kalshi YES mid-market price for Los Angeles D (Los Angeles D vs Arizona) land in the 40-50¢ bucket at game start (2026-06-05)?
Sooth_QGen#5b6de3d1a9f2	Will the Kalshi YES mid-market price for Pittsburgh (Pittsburgh vs A's) land in the 60-70¢ bucket at game start (2026-06-16)?
Sooth_QGen#5b7859bfdf1c	Will the Kalshi YES mid-market price for Washington (Washington vs Cleveland) land in the 50-60¢ bucket at game start (2026-05-27)?
Sooth_QGen#5b83a373b4ad	Will the Kalshi YES mid-market price for Boston (Baltimore vs Boston) land in the 80-90¢ bucket at game start (2026-06-04)?
Sooth_QGen#5b8e9055b13e	Will the Kalshi YES mid-market price for New York Y (Boston vs New York Y) land in the 0-10¢ bucket at game start (2026-06-05)?
Sooth_QGen#5b91dbbaed90	Will the Kalshi YES mid-market price for Milwaukee (Philadelphia vs Milwaukee) land in the 90-100¢ bucket at game start (2026-06-13)?
Sooth_QGen#5b9a208daa91	Will the Kalshi YES mid-market price for Tampa Bay (Tampa Bay vs Los Angeles D) land in the 60-70¢ bucket at game start (2026-06-16)?
Sooth_QGen#5ba6dd24c5dd	Will the Kalshi YES mid-market price for San Diego (San Diego vs St. Louis) land in the 40-50¢ bucket at game start (2026-06-15)?
Sooth_QGen#5baa26708042	Will the Kalshi YES mid-market price for Cleveland (Cleveland vs Texas) land in the 50-60¢ bucket at game start (2026-06-06)?
Sooth_QGen#5bb47034339c	Will the Kalshi YES mid-market price for Cleveland (Cleveland vs New York Y) land in the 80-90¢ bucket at game start (2026-06-02)?
Sooth_QGen#5bb7a4374213	Will the Kalshi YES mid-market price for Seattle (Seattle vs Detroit) land in the 20-30¢ bucket at game start (2026-06-07)?
Sooth_QGen#5bb82585c8cd	Will the Kalshi YES mid-market price for Minnesota (Will Minnesota win the Green Bay vs Minnesota Pro Football game) land in the 90-100¢ bucket at game start (2026-09-13)?
Sooth_QGen#5bc98c9fc49a	Will the Kalshi YES mid-market price for Texas (Texas vs St. Louis) land in the 30-40¢ bucket at game start (2026-06-01)?
Sooth_QGen#5bcbdd2b0d9a	Will the Kalshi YES mid-market price for Toronto (Toronto vs Baltimore) land in the 20-30¢ bucket at game start (2026-05-30)?
Sooth_QGen#5be698db83c1	Will the Kalshi YES mid-market price for Seattle (Arizona vs Seattle) land in the 20-30¢ bucket at game start (2026-05-30)?
Sooth_QGen#5be99903b46e	Will the Kalshi YES mid-market price for Boston (Baltimore vs Boston) land in the 40-50¢ bucket at game start (2026-06-03)?
Sooth_QGen#5c05875e2859	Will the Kalshi YES mid-market price for Los Angeles A (Houston vs Los Angeles A) land in the 30-40¢ bucket at game start (2026-06-11)?
Sooth_QGen#5c0db25b5908	Will the Kalshi YES mid-market price for Minnesota (Kansas City vs Minnesota) land in the 90-100¢ bucket at game start (2026-06-04)?
Sooth_QGen#5c1059e98b5f	Will the Kalshi YES mid-market price for Washington (Washington vs San Francisco) land in the 10-20¢ bucket at game start (2026-06-10)?
Sooth_QGen#5c14df51e196	Will the Kalshi YES mid-market price for St. Louis (Cincinnati vs St. Louis) land in the 50-60¢ bucket at game start (2026-06-06)?
Sooth_QGen#5c25efac8334	Will the Kalshi YES mid-market price for Chicago WS (Detroit vs Chicago WS) land in the 40-50¢ bucket at game start (2026-05-30)?
Sooth_QGen#5c279f662cfa	Will the Kalshi YES mid-market price for Tampa Bay (Los Angeles A vs Tampa Bay) land in the 80-90¢ bucket at game start (2026-05-30)?
Sooth_QGen#5c29332cc1c8	Will the Kalshi YES mid-market price for Kansas City (Kansas City vs Texas) land in the 10-20¢ bucket at game start (2026-05-30)?
Sooth_QGen#5c2bc28b5dcc	Will the Kalshi YES mid-market price for Tampa Bay (Will Tampa Bay win the Tampa Bay vs Cincinnati Pro Football game) land in the 10-20¢ bucket at game start (2026-09-13)?
Sooth_QGen#5c2d957ee253	Will the Kalshi YES mid-market price for Seattle (Seattle vs Baltimore) land in the 10-20¢ bucket at game start (2026-06-11)?
Sooth_QGen#5c331d516238	Will the Kalshi YES mid-market price for New York M (St. Louis vs New York M) land in the 40-50¢ bucket at game start (2026-06-09)?
Sooth_QGen#5c39ebc49018	Will the Kalshi YES mid-market price for Chicago C (Chicago C vs San Francisco) land in the 80-90¢ bucket at game start (2026-06-14)?
Sooth_QGen#5c3a8a564676	Will the Kalshi YES mid-market price for Pittsburgh (Will Pittsburgh win the Atlanta vs Pittsburgh Pro Football game) land in the 50-60¢ bucket at game start (2026-09-13)?
Sooth_QGen#5c3ae8d4de36	Will the Kalshi YES mid-market price for Chicago C (Chicago C vs St. Louis) land in the 30-40¢ bucket at game start (2026-05-29)?
Sooth_QGen#5c3d2e868ce7	Will the Kalshi YES mid-market price for Pittsburgh (Miami vs Pittsburgh) land in the 50-60¢ bucket at game start (2026-06-13)?
Sooth_QGen#5c4dd597c377	Will the Kalshi YES mid-market price for Houston (Milwaukee vs Houston) land in the 70-80¢ bucket at game start (2026-05-31)?
Sooth_QGen#5c5270133f31	Will the Kalshi YES mid-market price for Texas (Kansas City vs Texas) land in the 40-50¢ bucket at game start (2026-05-31)?
Sooth_QGen#5c570048b4cc	Will the Kalshi YES mid-market price for Baltimore (San Diego vs Baltimore) land in the 50-60¢ bucket at game start (2026-06-12)?
Sooth_QGen#5c608d02b3f0	Will the Kalshi YES mid-market price for Los Angeles A (Houston vs Los Angeles A) land in the 60-70¢ bucket at game start (2026-06-09)?
Sooth_QGen#5c6d712f641e	Will the Kalshi YES mid-market price for San Francisco (Washington vs San Francisco) land in the 80-90¢ bucket at game start (2026-06-10)?
Sooth_QGen#5c7993a86849	Will the Kalshi YES mid-market price for New York M (St. Louis vs New York M) land in the 30-40¢ bucket at game start (2026-06-10)?
Sooth_QGen#5c804746680c	Will the Kalshi YES mid-market price for Philadelphia (Philadelphia vs San Diego) land in the 60-70¢ bucket at game start (2026-05-27)?
Sooth_QGen#5c8a477cda60	Will the Kalshi YES mid-market price for New York Y (Boston vs New York Y) land in the 70-80¢ bucket at game start (2026-06-07)?
Sooth_QGen#5c97592ef4b0	Will the Kalshi YES mid-market price for Boston (Texas vs Boston) land in the 0-10¢ bucket at game start (2026-06-14)?
Sooth_QGen#5cda61420f54	Will the Kalshi YES mid-market price for Cincinnati (Atlanta vs Cincinnati) land in the 50-60¢ bucket at game start (2026-05-31)?
Sooth_QGen#5ce2c38e5a48	Will the Kalshi YES mid-market price for Philadelphia (Philadelphia vs Milwaukee) land in the 80-90¢ bucket at game start (2026-06-13)?
Sooth_QGen#5ce764e10f6b	Will the Kalshi YES mid-market price for Seattle (Seattle vs Baltimore) land in the 90-100¢ bucket at game start (2026-06-10)?
Sooth_QGen#5ce7f02f27be	Will the Kalshi YES mid-market price for Philadelphia (Philadelphia vs Los Angeles D) land in the 50-60¢ bucket at game start (2026-05-30)?
Sooth_QGen#5cfabdb6735b	Will the Kalshi YES mid-market price for Toronto (Baltimore vs Toronto) land in the 0-10¢ bucket at game start (2026-06-05)?
Sooth_QGen#5cfe5cde486a	Will the Kalshi YES mid-market price for Tampa Bay (Tampa Bay vs Los Angeles A) land in the 80-90¢ bucket at game start (2026-06-13)?
Sooth_QGen#5d006f708880	Will the Kalshi YES mid-market price for Chicago WS (Atlanta vs Chicago WS) land in the 20-30¢ bucket at game start (2026-06-11)?
Sooth_QGen#5d047631f444	Will the Kalshi YES mid-market price for Colorado (Chicago C vs Colorado) land in the 30-40¢ bucket at game start (2026-06-11)?
Sooth_QGen#5d072a16dfb3	Will the Kalshi YES mid-market price for Texas (Cleveland vs Texas) land in the 0-10¢ bucket at game start (2026-06-07)?
Sooth_QGen#5d0762ba827e	Will the Kalshi YES mid-market price for Kansas City (Kansas City vs Texas) land in the 10-20¢ bucket at game start (2026-05-31)?
Sooth_QGen#5d2701bb53cd	Will the Kalshi YES mid-market price for Toronto (Toronto vs Baltimore) land in the 90-100¢ bucket at game start (2026-05-30)?
Sooth_QGen#5d3e5efaa943	Will the Kalshi YES mid-market price for Kansas City (Kansas City vs Cincinnati) land in the 90-100¢ bucket at game start (2026-06-02)?
Sooth_QGen#5d4f58c9abee	Will the Kalshi YES mid-market price for CAR Hurricanes (Game 5: Vegas at Carolina) land in the 80-90¢ bucket at game start (2026-06-12)?
Sooth_QGen#5d787dd6b8e3	Will the Kalshi YES mid-market price for A's (New York Y vs A's) land in the 0-10¢ bucket at game start (2026-05-31)?
Sooth_QGen#5d92c970a2ec	Will the Kalshi YES mid-market price for Colorado (Colorado vs A's) land in the 0-10¢ bucket at game start (2026-06-13)?
Sooth_QGen#5da589c864a9	Will the Kalshi YES mid-market price for New York Y (New York Y vs Cleveland) land in the 30-40¢ bucket at game start (2026-06-08)?
Sooth_QGen#5da8d231ec7a	Will the Kalshi YES mid-market price for St. Louis (Texas vs St. Louis) land in the 0-10¢ bucket at game start (2026-06-03)?
Sooth_QGen#5db6a192c258	Will the Kalshi YES mid-market price for Detroit (Seattle vs Detroit) land in the 0-10¢ bucket at game start (2026-06-06)?
Sooth_QGen#5db797b17874	Will the Kalshi YES mid-market price for Colorado (San Francisco vs Colorado) land in the 30-40¢ bucket at game start (2026-05-31)?
Sooth_QGen#5dbceb14d626	Will the Kalshi YES mid-market price for Baltimore (San Diego vs Baltimore) land in the 90-100¢ bucket at game start (2026-06-14)?
Sooth_QGen#5dd35fa36d97	Will the Kalshi YES mid-market price for Washington (Will Washington win the Washington vs Philadelphia Pro Football game) land in the 90-100¢ bucket at game start (2026-09-13)?
Sooth_QGen#5dde5b547f7c	Will the Kalshi YES mid-market price for Toronto (Toronto vs Atlanta) land in the 0-10¢ bucket at game start (2026-06-03)?
Sooth_QGen#5ddfd7c526b5	Will the Kalshi YES mid-market price for New England (Will New England win the New England vs Seattle Pro Football game) land in the 90-100¢ bucket at game start (2026-09-09)?
Sooth_QGen#5de138855fe9	Will the Kalshi YES mid-market price for Seattle (Seattle vs Washington) land in the 30-40¢ bucket at game start (2026-06-14)?
Sooth_QGen#5ded78efb4ed	Will the Kalshi YES mid-market price for Seattle (New York M vs Seattle) land in the 10-20¢ bucket at game start (2026-06-02)?
Sooth_QGen#5dfb38dbecf7	Will the Kalshi YES mid-market price for Miami (Miami vs Pittsburgh) land in the 90-100¢ bucket at game start (2026-06-13)?
Sooth_QGen#5e08c5484576	Will the Kalshi YES mid-market price for Houston (Detroit vs Houston) land in the 0-10¢ bucket at game start (2026-06-16)?
Sooth_QGen#5e0d650a4b68	Will the Kalshi YES mid-market price for Kansas City (Kansas City vs Cincinnati) land in the 80-90¢ bucket at game start (2026-06-03)?
Sooth_QGen#5e3bddb5c296	Will the Kalshi YES mid-market price for Seattle (Arizona vs Seattle) land in the 80-90¢ bucket at game start (2026-05-31)?
Sooth_QGen#5e4b0b1f9f94	Will the Kalshi YES mid-market price for Arizona (Los Angeles D vs Arizona) land in the 70-80¢ bucket at game start (2026-06-04)?
Sooth_QGen#5e4d93df1842	Will the Kalshi YES mid-market price for New York (Game 3: San Antonio at New York) land in the 0-10¢ bucket at game start (2026-06-09)?
Sooth_QGen#5e53d57f0a63	Will the Kalshi YES mid-market price for Kansas City (Kansas City vs Texas) land in the 40-50¢ bucket at game start (2026-05-30)?
Sooth_QGen#5e5c5af31753	Will the Kalshi YES mid-market price for Atlanta (Toronto vs Atlanta) land in the 40-50¢ bucket at game start (2026-06-02)?
Sooth_QGen#5e7159a7bacf	Will the Kalshi YES mid-market price for Milwaukee (Philadelphia vs Milwaukee) land in the 30-40¢ bucket at game start (2026-06-12)?
Sooth_QGen#5e8128e64741	Will the Kalshi YES mid-market price for Carolina (Will Carolina win the Chicago vs Carolina Pro Football game) land in the 20-30¢ bucket at game start (2026-09-13)?
Sooth_QGen#5e8140d8d7f2	Will the Kalshi YES mid-market price for Cleveland (Detroit vs Cleveland) land in the 50-60¢ bucket at game start (2026-06-13)?
Sooth_QGen#5e9dff31d607	Will the Kalshi YES mid-market price for Cincinnati (Atlanta vs Cincinnati) land in the 80-90¢ bucket at game start (2026-05-31)?
Sooth_QGen#5ea156ec1514	Will the Kalshi YES mid-market price for Texas (Texas vs Kansas City) land in the 90-100¢ bucket at game start (2026-06-10)?
Sooth_QGen#5ea8df8f1b45	Will the Kalshi YES mid-market price for Milwaukee (Milwaukee vs Houston) land in the 20-30¢ bucket at game start (2026-05-30)?
Sooth_QGen#5ebb46bac878	Will the Kalshi YES mid-market price for Philadelphia (Philadelphia vs San Diego) land in the 0-10¢ bucket at game start (2026-05-27)?
Sooth_QGen#5ecd1309015b	Will the Kalshi YES mid-market price for Boston (Boston vs Tampa Bay) land in the 80-90¢ bucket at game start (2026-06-10)?
Sooth_QGen#5ed65f91bf37	Will the Kalshi YES mid-market price for Atlanta (Will Atlanta win the Atlanta vs Pittsburgh Pro Football game) land in the 50-60¢ bucket at game start (2026-09-13)?
Sooth_QGen#5edd2c2d07f6	Will the Kalshi YES mid-market price for Toronto (New York Y vs Toronto) land in the 60-70¢ bucket at game start (2026-06-14)?
Sooth_QGen#5eec41c6f908	Will the Kalshi YES mid-market price for Atlanta (Atlanta vs New York M) land in the 20-30¢ bucket at game start (2026-06-14)?
Sooth_QGen#5ef5791ba5a8	Will the Kalshi YES mid-market price for Cincinnati (Kansas City vs Cincinnati) land in the 80-90¢ bucket at game start (2026-06-02)?
Sooth_QGen#5efdc8807f47	Will the Kalshi YES mid-market price for Washington (Washington vs San Francisco) land in the 60-70¢ bucket at game start (2026-06-10)?
Sooth_QGen#5f00fcae921f	Will the Kalshi YES mid-market price for Chicago WS (Chicago WS vs Minnesota) land in the 50-60¢ bucket at game start (2026-06-02)?
Sooth_QGen#5f117470c575	Will the Kalshi YES mid-market price for Arizona (Arizona vs Cincinnati) land in the 50-60¢ bucket at game start (2026-06-13)?
Sooth_QGen#5f38fce1ce50	Will the Kalshi YES mid-market price for Chicago C (A's vs Chicago C) land in the 0-10¢ bucket at game start (2026-06-03)?
Sooth_QGen#5f43f81e0c60	Will the Kalshi YES mid-market price for Arizona (Washington vs Arizona) land in the 80-90¢ bucket at game start (2026-06-06)?
Sooth_QGen#5f4e2725a8ca	Will the Kalshi YES mid-market price for Milwaukee (Milwaukee vs A's) land in the 60-70¢ bucket at game start (2026-06-10)?
Sooth_QGen#5f6510f3da8f	Will the Kalshi YES mid-market price for Washington (Washington vs Arizona) land in the 20-30¢ bucket at game start (2026-06-06)?
Sooth_QGen#5f66170a61d5	Will the Kalshi YES mid-market price for A's (Pittsburgh vs A's) land in the 40-50¢ bucket at game start (2026-06-16)?
Sooth_QGen#5f6ba6d0bbd2	Will the Kalshi YES mid-market price for New York M (Miami vs New York M) land in the 70-80¢ bucket at game start (2026-05-29)?
Sooth_QGen#5f6cf8f9972e	Will the Kalshi YES mid-market price for San Francisco (San Francisco vs Chicago C) land in the 0-10¢ bucket at game start (2026-06-06)?
Sooth_QGen#5f6eacdcd8b5	Will the Kalshi YES mid-market price for Milwaukee (San Francisco vs Milwaukee) land in the 80-90¢ bucket at game start (2026-06-02)?
Sooth_QGen#5f83e5d377e9	Will the Kalshi YES mid-market price for Los Angeles A (Colorado vs Los Angeles A) land in the 70-80¢ bucket at game start (2026-06-04)?
Sooth_QGen#5f9c6d785c87	Will the Kalshi YES mid-market price for Detroit (Detroit vs Tampa Bay) land in the 80-90¢ bucket at game start (2026-06-02)?
Sooth_QGen#5fa224beec7e	Will the Kalshi YES mid-market price for Las Vegas (Will Las Vegas win the Miami vs Las Vegas Pro Football game) land in the 90-100¢ bucket at game start (2026-09-13)?
Sooth_QGen#5fa2540718a9	Will the Kalshi YES mid-market price for San Diego (San Diego vs Philadelphia) land in the 50-60¢ bucket at game start (2026-06-02)?
Sooth_QGen#5fac991ec78c	Will the Kalshi YES mid-market price for Colorado (Milwaukee vs Colorado) land in the 90-100¢ bucket at game start (2026-06-07)?
Sooth_QGen#5fbb83ba7920	Will the Kalshi YES mid-market price for Baltimore (Toronto vs Baltimore) land in the 10-20¢ bucket at game start (2026-05-29)?
Sooth_QGen#5fbdb291c8c4	Will the Kalshi YES mid-market price for Colorado (Colorado vs Chicago C) land in the 80-90¢ bucket at game start (2026-06-16)?
Sooth_QGen#5fc212658c61	Will the Kalshi YES mid-market price for Washington (Washington vs Arizona) land in the 50-60¢ bucket at game start (2026-06-06)?
Sooth_QGen#5fd821a1d9f2	Will the Kalshi YES mid-market price for Boston (Texas vs Boston) land in the 30-40¢ bucket at game start (2026-06-14)?
Sooth_QGen#5fdfd1cf2b1c	Will the Kalshi YES mid-market price for New York M (New York M vs Cincinnati) land in the 20-30¢ bucket at game start (2026-06-15)?
Sooth_QGen#5ff8d788b830	Will the Kalshi YES mid-market price for Chicago WS (Atlanta vs Chicago WS) land in the 30-40¢ bucket at game start (2026-06-10)?
Sooth_QGen#60022e61db1b	Will the Kalshi YES mid-market price for Houston (Houston vs Los Angeles A) land in the 80-90¢ bucket at game start (2026-06-11)?
Sooth_QGen#601d96dd46f8	Will the Kalshi YES mid-market price for Washington (Kansas City vs Washington) land in the 30-40¢ bucket at game start (2026-06-15)?
Sooth_QGen#602017025646	Will the Kalshi YES mid-market price for Atlanta (Toronto vs Atlanta) land in the 80-90¢ bucket at game start (2026-06-02)?
Sooth_QGen#6038d33f6730	Will the Kalshi YES mid-market price for Buffalo (Will Buffalo win the Buffalo vs Houston Pro Football game) land in the 60-70¢ bucket at game start (2026-09-13)?
Sooth_QGen#603cb2ea414b	Will the Kalshi YES mid-market price for Minnesota (Minnesota vs Pittsburgh) land in the 50-60¢ bucket at game start (2026-05-30)?
Sooth_QGen#603d836dda7d	Will the Kalshi YES mid-market price for St. Louis (Texas vs St. Louis) land in the 20-30¢ bucket at game start (2026-06-03)?
Sooth_QGen#6040957658ea	Will the Kalshi YES mid-market price for Atlanta (Pittsburgh vs Atlanta) land in the 40-50¢ bucket at game start (2026-06-05)?
Sooth_QGen#604333dadd51	Will the Kalshi YES mid-market price for Kansas City (Houston vs Kansas City) land in the 90-100¢ bucket at game start (2026-06-14)?
Sooth_QGen#604df464b4b6	Will the Kalshi YES mid-market price for Pittsburgh (Pittsburgh vs Houston) land in the 40-50¢ bucket at game start (2026-06-05)?
Sooth_QGen#605e17226336	Will the Kalshi YES mid-market price for Texas (Cleveland vs Texas) land in the 80-90¢ bucket at game start (2026-06-06)?
Sooth_QGen#60775425a122	Will the Kalshi YES mid-market price for Houston (Milwaukee vs Houston) land in the 50-60¢ bucket at game start (2026-05-31)?
Sooth_QGen#60802498d573	Will the Kalshi YES mid-market price for Los Angeles A (Los Angeles A vs Tampa Bay) land in the 30-40¢ bucket at game start (2026-05-30)?
Sooth_QGen#6081effd5dfc	Will the Kalshi YES mid-market price for Chicago C (Chicago C vs St. Louis) land in the 20-30¢ bucket at game start (2026-05-29)?
Sooth_QGen#608da27b143c	Will the Kalshi YES mid-market price for Seattle (Seattle vs Baltimore) land in the 10-20¢ bucket at game start (2026-06-09)?
Sooth_QGen#609443cfa17a	Will the Kalshi YES mid-market price for Texas (Texas vs St. Louis) land in the 50-60¢ bucket at game start (2026-06-01)?
Sooth_QGen#609d290aac7b	Will the Kalshi YES mid-market price for Washington (Kansas City vs Washington) land in the 80-90¢ bucket at game start (2026-06-15)?
Sooth_QGen#60c9bc817d75	Will the Kalshi YES mid-market price for Baltimore (San Diego vs Baltimore) land in the 10-20¢ bucket at game start (2026-06-14)?
Sooth_QGen#60d1312f9c75	Will the Kalshi YES mid-market price for Houston (Milwaukee vs Houston) land in the 50-60¢ bucket at game start (2026-05-30)?
Sooth_QGen#60d9b0c23aff	Will the Kalshi YES mid-market price for Miami (Miami vs Washington) land in the 20-30¢ bucket at game start (2026-06-02)?
Sooth_QGen#60e077b93469	Will the Kalshi YES mid-market price for Baltimore (Toronto vs Baltimore) land in the 80-90¢ bucket at game start (2026-05-29)?
Sooth_QGen#60ec85613fec	Will the Kalshi YES mid-market price for CAR Hurricanes (Game 2: Vegas at Carolina) land in the 30-40¢ bucket at game start (2026-06-05)?
Sooth_QGen#60f7f9ea4f79	Will the Kalshi YES mid-market price for Houston (Detroit vs Houston) land in the 70-80¢ bucket at game start (2026-06-16)?
Sooth_QGen#60fbc92c2f4d	Will the Kalshi YES mid-market price for Minnesota (Minnesota vs Pittsburgh) land in the 30-40¢ bucket at game start (2026-05-29)?
Sooth_QGen#6107749059be	Will the Kalshi YES mid-market price for Los Angeles A (Los Angeles A vs Los Angeles D) land in the 0-10¢ bucket at game start (2026-06-07)?
Sooth_QGen#6113c49d0f4d	Will the Kalshi YES mid-market price for VGK Golden Knights (Game 4: Carolina at Vegas) land in the 40-50¢ bucket at game start (2026-06-10)?
Sooth_QGen#612ad17f72c9	Will the Kalshi YES mid-market price for Milwaukee (Milwaukee vs Houston) land in the 40-50¢ bucket at game start (2026-05-31)?
Sooth_QGen#612d4a823e01	Will the Kalshi YES mid-market price for Los Angeles A (Los Angeles A vs Tampa Bay) land in the 10-20¢ bucket at game start (2026-05-29)?
Sooth_QGen#6149a16d4c8e	Will the Kalshi YES mid-market price for New York Y (New York Y vs Toronto) land in the 20-30¢ bucket at game start (2026-06-14)?
Sooth_QGen#61516266ba99	Will the Kalshi YES mid-market price for Miami (Miami vs Pittsburgh) land in the 40-50¢ bucket at game start (2026-06-12)?
Sooth_QGen#617a798e62f2	Will the Kalshi YES mid-market price for Arizona (Arizona vs Cincinnati) land in the 80-90¢ bucket at game start (2026-06-14)?
Sooth_QGen#619618769329	Will the Kalshi YES mid-market price for New York Y (New York Y vs Cleveland) land in the 0-10¢ bucket at game start (2026-06-08)?
Sooth_QGen#6199cbfef923	Will the Kalshi YES mid-market price for Texas (Texas vs Boston) land in the 50-60¢ bucket at game start (2026-06-12)?
Sooth_QGen#619bacb6274e	Will the Kalshi YES mid-market price for Cleveland (Washington vs Cleveland) land in the 80-90¢ bucket at game start (2026-05-27)?
Sooth_QGen#619c49e90674	Will the Kalshi YES mid-market price for New York Y (Boston vs New York Y) land in the 10-20¢ bucket at game start (2026-06-06)?
Sooth_QGen#61ad04534f19	Will the Kalshi YES mid-market price for Milwaukee (San Francisco vs Milwaukee) land in the 30-40¢ bucket at game start (2026-06-02)?
Sooth_QGen#61af75238d42	Will the Kalshi YES mid-market price for San Diego (San Diego vs Philadelphia) land in the 90-100¢ bucket at game start (2026-06-02)?
Sooth_QGen#61bb8e8181b4	Will the Kalshi YES mid-market price for Los Angeles A (Los Angeles A vs Los Angeles D) land in the 10-20¢ bucket at game start (2026-06-07)?
Sooth_QGen#61bc8cb0c556	Will the Kalshi YES mid-market price for Minnesota (Kansas City vs Minnesota) land in the 50-60¢ bucket at game start (2026-06-06)?
Sooth_QGen#61c3d3eb08a8	Will the Kalshi YES mid-market price for Houston (Houston vs Kansas City) land in the 0-10¢ bucket at game start (2026-06-13)?
Sooth_QGen#61c6ba8ecf06	Will the Kalshi YES mid-market price for St. Louis (St. Louis vs Minnesota) land in the 90-100¢ bucket at game start (2026-06-13)?
Sooth_QGen#61ced55bf340	Will the Kalshi YES mid-market price for Chicago WS (Los Angeles D vs Chicago WS) land in the 70-80¢ bucket at game start (2026-06-12)?
Sooth_QGen#61d23174521a	Will the Kalshi YES mid-market price for Washington (Washington vs Arizona) land in the 20-30¢ bucket at game start (2026-06-06)?
Sooth_QGen#61de037de7a2	Will the Kalshi YES mid-market price for Kansas City (Kansas City vs Minnesota) land in the 30-40¢ bucket at game start (2026-06-06)?
Sooth_QGen#61f3c99463ea	Will the Kalshi YES mid-market price for San Francisco (San Francisco vs Chicago C) land in the 70-80¢ bucket at game start (2026-06-05)?
Sooth_QGen#61fd46de86f0	Will the Kalshi YES mid-market price for San Francisco (Will San Francisco win the San Francisco vs Los Angeles R Pro Football game) land in the 60-70¢ bucket at game start (2026-09-11)?
Sooth_QGen#62013f575f1d	Will the Kalshi YES mid-market price for A's (Milwaukee vs A's) land in the 10-20¢ bucket at game start (2026-06-09)?
Sooth_QGen#62192df96997	Will the Kalshi YES mid-market price for Baltimore (Baltimore vs Toronto) land in the 30-40¢ bucket at game start (2026-06-07)?
Sooth_QGen#62229b7bba1a	Will the Kalshi YES mid-market price for Miami (Miami vs New York M) land in the 80-90¢ bucket at game start (2026-05-31)?
Sooth_QGen#624fd05a6fe8	Will the Kalshi YES mid-market price for Tampa Bay (Boston vs Tampa Bay) land in the 90-100¢ bucket at game start (2026-06-08)?
Sooth_QGen#626086a70101	Will the Kalshi YES mid-market price for Tampa Bay (Tampa Bay vs Miami) land in the 30-40¢ bucket at game start (2026-06-07)?
Sooth_QGen#626cafc5cada	Will the Kalshi YES mid-market price for Philadelphia (Philadelphia vs Toronto) land in the 80-90¢ bucket at game start (2026-06-09)?
Sooth_QGen#6273e625a879	Will the Kalshi YES mid-market price for Arizona (Arizona vs Miami) land in the 40-50¢ bucket at game start (2026-06-10)?
Sooth_QGen#6296d1156073	Will the Kalshi YES mid-market price for VGK Golden Knights (Game 4: Carolina at Vegas) land in the 90-100¢ bucket at game start (2026-06-10)?
Sooth_QGen#62a797781eb6	Will the Kalshi YES mid-market price for Los Angeles A (Colorado vs Los Angeles A) land in the 40-50¢ bucket at game start (2026-06-03)?
Sooth_QGen#62a945de8a37	Will the Kalshi YES mid-market price for Philadelphia (Chicago WS vs Philadelphia) land in the 50-60¢ bucket at game start (2026-06-06)?
Sooth_QGen#62cb2afebded	Will the Kalshi YES mid-market price for Colorado (Colorado vs Chicago C) land in the 0-10¢ bucket at game start (2026-06-16)?
Sooth_QGen#62cecda06f13	Will the Kalshi YES mid-market price for Toronto (Baltimore vs Toronto) land in the 70-80¢ bucket at game start (2026-06-06)?
Sooth_QGen#62d125cec3f0	Will the Kalshi YES mid-market price for Toronto (Philadelphia vs Toronto) land in the 10-20¢ bucket at game start (2026-06-08)?
Sooth_QGen#62d5bd3eaec2	Will the Kalshi YES mid-market price for Cincinnati (Cincinnati vs San Diego) land in the 30-40¢ bucket at game start (2026-06-09)?
Sooth_QGen#62f954e03be7	Will the Kalshi YES mid-market price for St. Louis (Texas vs St. Louis) land in the 10-20¢ bucket at game start (2026-06-02)?
Sooth_QGen#62ff2824d51f	Will the Kalshi YES mid-market price for Minnesota (Kansas City vs Minnesota) land in the 0-10¢ bucket at game start (2026-06-07)?
Sooth_QGen#631be677143d	Will the Kalshi YES mid-market price for Atlanta (Atlanta vs New York M) land in the 80-90¢ bucket at game start (2026-06-13)?
Sooth_QGen#632b8ac22477	Will the Kalshi YES mid-market price for Miami (Miami vs Toronto) land in the 20-30¢ bucket at game start (2026-05-27)?
Sooth_QGen#634b88f685cf	Will the Kalshi YES mid-market price for St. Louis (St. Louis vs New York M) land in the 20-30¢ bucket at game start (2026-06-10)?
Sooth_QGen#6355d4ca66a2	Will the Kalshi YES mid-market price for A's (New York Y vs A's) land in the 40-50¢ bucket at game start (2026-05-30)?
Sooth_QGen#635f8dd0645f	Will the Kalshi YES mid-market price for Colorado (Milwaukee vs Colorado) land in the 70-80¢ bucket at game start (2026-06-07)?
Sooth_QGen#63643b997cee	Will the Kalshi YES mid-market price for Pittsburgh (Pittsburgh vs Atlanta) land in the 30-40¢ bucket at game start (2026-06-05)?
Sooth_QGen#636e5fcc5213	Will the Kalshi YES mid-market price for Milwaukee (Milwaukee vs Colorado) land in the 40-50¢ bucket at game start (2026-06-06)?
Sooth_QGen#63921017994f	Will the Kalshi CONTROLH-2026 Democratic House YES mid-market price be ≥ 85¢ at 12:00 UTC on June 5, 2026?
Sooth_QGen#6398c5820a85	Will the Kalshi YES mid-market price for A's (Seattle vs A's) land in the 80-90¢ bucket at game start (2026-05-27)?
Sooth_QGen#639df4cbf6f8	Will the Kalshi YES mid-market price for Cincinnati (Cincinnati vs St. Louis) land in the 60-70¢ bucket at game start (2026-06-06)?
Sooth_QGen#63a3de7a419b	Will the Kalshi YES mid-market price for Los Angeles C (Will Los Angeles C win the Arizona vs Los Angeles C Pro Football game) land in the 10-20¢ bucket at game start (2026-09-13)?
Sooth_QGen#63bd18c3c074	Will the Kalshi YES mid-market price for New York M (St. Louis vs New York M) land in the 0-10¢ bucket at game start (2026-06-09)?
Sooth_QGen#63d14d64d8f8	Will the Kalshi YES mid-market price for Chicago WS (Detroit vs Chicago WS) land in the 10-20¢ bucket at game start (2026-05-29)?
Sooth_QGen#63d4224a794a	Will the Kalshi YES mid-market price for Texas (Texas vs Boston) land in the 90-100¢ bucket at game start (2026-06-14)?
Sooth_QGen#63dbfca3e410	Will the Kalshi YES mid-market price for San Francisco (San Francisco vs Colorado) land in the 70-80¢ bucket at game start (2026-05-31)?
Sooth_QGen#640e0768c7a6	Will the Kalshi YES mid-market price for Chicago WS (Atlanta vs Chicago WS) land in the 80-90¢ bucket at game start (2026-06-09)?
Sooth_QGen#641355ea917c	Will the Kalshi YES mid-market price for CAR Hurricanes (Game 3: Carolina at Vegas) land in the 90-100¢ bucket at game start (2026-06-07)?
Sooth_QGen#641c949f86bf	Will the Kalshi YES mid-market price for Cincinnati (Kansas City vs Cincinnati) land in the 20-30¢ bucket at game start (2026-06-01)?
Sooth_QGen#642d838c1b7a	Will the Kalshi YES mid-market price for Detroit (Detroit vs Chicago WS) land in the 90-100¢ bucket at game start (2026-05-31)?
Sooth_QGen#643031c06f12	Will the Kalshi YES mid-market price for Miami (Tampa Bay vs Miami) land in the 0-10¢ bucket at game start (2026-06-06)?
Sooth_QGen#6432d1702f65	Will the Kalshi YES mid-market price for Milwaukee (St. Louis vs Milwaukee) land in the 20-30¢ bucket at game start (2026-05-27)?
Sooth_QGen#6453679a465e	Will the Kalshi YES mid-market price for Los Angeles D (Philadelphia vs Los Angeles D) land in the 90-100¢ bucket at game start (2026-05-30)?
Sooth_QGen#648721359404	Will the Kalshi 'Will Trump order new tariffs in June 2026?' YES mid-market price be ≥ 60¢ at 12:00 UTC on June 15, 2026?
Sooth_QGen#648f67790e96	Will the Kalshi YES mid-market price for Minnesota (Kansas City vs Minnesota) land in the 10-20¢ bucket at game start (2026-06-06)?
Sooth_QGen#649098d325c1	Will the Kalshi YES mid-market price for Arizona (Arizona vs Cincinnati) land in the 30-40¢ bucket at game start (2026-06-12)?
Sooth_QGen#64994b1b0e71	Will the Kalshi YES mid-market price for Tampa Bay (Tampa Bay vs Los Angeles D) land in the 50-60¢ bucket at game start (2026-06-16)?
Sooth_QGen#64bbf7cf2c4e	Will the Kalshi YES mid-market price for New York Y (New York Y vs Cleveland) land in the 20-30¢ bucket at game start (2026-06-09)?
Sooth_QGen#64d1e53c1326	Will the Kalshi YES mid-market price for Los Angeles A (Houston vs Los Angeles A) land in the 30-40¢ bucket at game start (2026-06-09)?
Sooth_QGen#64d375fd800c	Will the Kalshi YES mid-market price for Colorado (Colorado vs Los Angeles A) land in the 30-40¢ bucket at game start (2026-06-02)?
Sooth_QGen#64d731f2c244	Will the Kalshi YES mid-market price for Pittsburgh (Pittsburgh vs Atlanta) land in the 60-70¢ bucket at game start (2026-06-05)?
Sooth_QGen#64e94a81af26	Will the Kalshi YES mid-market price for New York M (St. Louis vs New York M) land in the 70-80¢ bucket at game start (2026-06-11)?
Sooth_QGen#650407644674	Will the Kalshi YES mid-market price for Chicago C (Colorado vs Chicago C) land in the 0-10¢ bucket at game start (2026-06-16)?
Sooth_QGen#6508b3c6bf57	Will the Kalshi YES mid-market price for New York Y (Cleveland vs New York Y) land in the 20-30¢ bucket at game start (2026-06-04)?
Sooth_QGen#65141f103a8e	Will the Kalshi YES mid-market price for New York (Game 2: New York at San Antonio) land in the 90-100¢ bucket at game start (2026-06-06)?
Sooth_QGen#652302c41af8	Will the Kalshi YES mid-market price for Minnesota (Minnesota vs Detroit) land in the 90-100¢ bucket at game start (2026-06-11)?
Sooth_QGen#652f5d992312	Will the Kalshi YES mid-market price for New York M (St. Louis vs New York M) land in the 20-30¢ bucket at game start (2026-06-11)?
Sooth_QGen#65384d63e39b	Will the Kalshi YES mid-market price for St. Louis (St. Louis vs Milwaukee) land in the 80-90¢ bucket at game start (2026-05-27)?
Sooth_QGen#654fb72e373f	Will the Kalshi YES mid-market price for Texas (Kansas City vs Texas) land in the 90-100¢ bucket at game start (2026-05-30)?
Sooth_QGen#6554fd7c982f	Will the Kalshi YES mid-market price for Pittsburgh (Pittsburgh vs Atlanta) land in the 40-50¢ bucket at game start (2026-06-06)?
Sooth_QGen#655b4369bde3	Will the Kalshi YES mid-market price for Kansas City (Kansas City vs Cincinnati) land in the 80-90¢ bucket at game start (2026-06-02)?
Sooth_QGen#655d32867828	Will the Kalshi YES mid-market price for St. Louis (St. Louis vs Minnesota) land in the 30-40¢ bucket at game start (2026-06-14)?
Sooth_QGen#65604936efcf	Will the Kalshi YES mid-market price for St. Louis (St. Louis vs Minnesota) land in the 20-30¢ bucket at game start (2026-06-13)?
Sooth_QGen#6563267728ee	Will the Kalshi YES mid-market price for Los Angeles D (Los Angeles D vs Arizona) land in the 80-90¢ bucket at game start (2026-06-04)?
Sooth_QGen#6568747678ce	Will the Kalshi YES mid-market price for Tampa Bay (Los Angeles A vs Tampa Bay) land in the 50-60¢ bucket at game start (2026-05-31)?
Sooth_QGen#656d6dd831a7	Will the Kalshi YES mid-market price for Los Angeles D (Los Angeles D vs Chicago WS) land in the 10-20¢ bucket at game start (2026-06-13)?
Sooth_QGen#657ca26c1b2e	Will the Kalshi YES mid-market price for Kansas City (Houston vs Kansas City) land in the 60-70¢ bucket at game start (2026-06-13)?
Sooth_QGen#6581448a5dc1	Will the Kalshi YES mid-market price for VGK Golden Knights (Game 4: Carolina at Vegas) land in the 50-60¢ bucket at game start (2026-06-10)?
Sooth_QGen#65b27aa7dfea	Will the Kalshi YES mid-market price for Cincinnati (Cincinnati vs St. Louis) land in the 40-50¢ bucket at game start (2026-06-07)?
Sooth_QGen#65c3a22f5412	Will the Kalshi YES mid-market price for Philadelphia (Philadelphia vs Los Angeles D) land in the 60-70¢ bucket at game start (2026-05-30)?
Sooth_QGen#65c87624d8d2	Will the Kalshi YES mid-market price for Toronto (New York Y vs Toronto) land in the 70-80¢ bucket at game start (2026-06-14)?
Sooth_QGen#65d4fafa1366	Will the Kalshi YES mid-market price for Miami (Tampa Bay vs Miami) land in the 50-60¢ bucket at game start (2026-06-05)?
Sooth_QGen#65daaf006b44	Will the Kalshi YES mid-market price for Colorado (Colorado vs A's) land in the 50-60¢ bucket at game start (2026-06-14)?
Sooth_QGen#65dd60478e17	Will the Kalshi YES mid-market price for Colorado (Colorado vs Los Angeles A) land in the 60-70¢ bucket at game start (2026-06-04)?
Sooth_QGen#65e239a166e5	Will the Kalshi YES mid-market price for Baltimore (Baltimore vs Boston) land in the 60-70¢ bucket at game start (2026-06-03)?
Sooth_QGen#65e512e3b5ca	Will the Kalshi YES mid-market price for Philadelphia (Miami vs Philadelphia) land in the 10-20¢ bucket at game start (2026-06-15)?
Sooth_QGen#65e775e41993	Will the Kalshi YES mid-market price for Kansas City (Kansas City vs Washington) land in the 60-70¢ bucket at game start (2026-06-15)?
Sooth_QGen#660005c29c24	Will the Kalshi YES mid-market price for Arizona (Los Angeles D vs Arizona) land in the 80-90¢ bucket at game start (2026-06-05)?
Sooth_QGen#662399591b1a	Will the Kalshi YES mid-market price for Toronto (Toronto vs Atlanta) land in the 20-30¢ bucket at game start (2026-06-04)?
Sooth_QGen#662da1dbc6a6	Will the Kalshi YES mid-market price for Detroit (Detroit vs Chicago WS) land in the 0-10¢ bucket at game start (2026-05-29)?
Sooth_QGen#6639adfe6c3d	Will the Kalshi YES mid-market price for Texas (Texas vs Kansas City) land in the 40-50¢ bucket at game start (2026-06-11)?
Sooth_QGen#663b60787637	Will the Kalshi YES mid-market price for Los Angeles A (Houston vs Los Angeles A) land in the 20-30¢ bucket at game start (2026-06-09)?
Sooth_QGen#6656a2041dc7	Will the Kalshi YES mid-market price for Philadelphia (Philadelphia vs San Diego) land in the 40-50¢ bucket at game start (2026-05-27)?
Sooth_QGen#669d39bcbec0	Will the Kalshi YES mid-market price for Pittsburgh (Minnesota vs Pittsburgh) land in the 50-60¢ bucket at game start (2026-05-31)?
Sooth_QGen#66a84e2ef8b6	Will the Kalshi YES mid-market price for Miami (Miami vs Pittsburgh) land in the 50-60¢ bucket at game start (2026-06-12)?
Sooth_QGen#66aae5ac41e4	Will the Kalshi YES mid-market price for Miami (Miami vs Pittsburgh) land in the 20-30¢ bucket at game start (2026-06-13)?
Sooth_QGen#66b3b8277567	Will the Kalshi YES mid-market price for Arizona (Arizona vs Seattle) land in the 90-100¢ bucket at game start (2026-05-31)?
Sooth_QGen#66c49e7fe00b	Will the Kalshi YES mid-market price for Baltimore (Tampa Bay vs Baltimore) land in the 20-30¢ bucket at game start (2026-05-27)?
Sooth_QGen#66c532b22f81	Will the Kalshi YES mid-market price for Atlanta (Atlanta vs Cincinnati) land in the 30-40¢ bucket at game start (2026-05-30)?
Sooth_QGen#66c5baaef251	Will the Kalshi YES mid-market price for Houston (Houston vs Kansas City) land in the 70-80¢ bucket at game start (2026-06-13)?
Sooth_QGen#66c6d3db5da4	Will the Kalshi YES mid-market price for San Francisco (San Francisco vs Milwaukee) land in the 20-30¢ bucket at game start (2026-06-04)?
Sooth_QGen#66cc4177c824	Will the Kalshi YES mid-market price for Atlanta (Atlanta vs Chicago WS) land in the 70-80¢ bucket at game start (2026-06-10)?
Sooth_QGen#66d94f084c01	Will the Kalshi YES mid-market price for New York Y (Boston vs New York Y) land in the 30-40¢ bucket at game start (2026-06-05)?
Sooth_QGen#66e3bc26bc03	Will the Kalshi YES mid-market price for New York M (St. Louis vs New York M) land in the 30-40¢ bucket at game start (2026-06-09)?
Sooth_QGen#66e5b222d198	Will the Kalshi YES mid-market price for Kansas City (Kansas City vs Minnesota) land in the 40-50¢ bucket at game start (2026-06-04)?
Sooth_QGen#66f6ebf41c4e	Will the Kalshi YES mid-market price for Toronto (Toronto vs Baltimore) land in the 50-60¢ bucket at game start (2026-05-31)?
Sooth_QGen#670623884f29	Will the Kalshi YES mid-market price for New York M (St. Louis vs New York M) land in the 20-30¢ bucket at game start (2026-06-10)?
Sooth_QGen#6706ce0e4483	Will the Kalshi YES mid-market price for Colorado (Chicago C vs Colorado) land in the 10-20¢ bucket at game start (2026-06-11)?
Sooth_QGen#670981e6e1c5	Will the Kalshi YES mid-market price for Detroit (Detroit vs Tampa Bay) land in the 20-30¢ bucket at game start (2026-06-02)?
Sooth_QGen#670cc66d0df5	Will the Kalshi YES mid-market price for Washington (Washington vs San Francisco) land in the 0-10¢ bucket at game start (2026-06-10)?
Sooth_QGen#67101ab3fcb6	Will the Kalshi YES mid-market price for Pittsburgh (Pittsburgh vs Houston) land in the 90-100¢ bucket at game start (2026-06-05)?
Sooth_QGen#672df86d87a9	Will the Kalshi YES mid-market price for Los Angeles A (Colorado vs Los Angeles A) land in the 30-40¢ bucket at game start (2026-06-02)?
Sooth_QGen#672e95397228	Will the Kalshi YES mid-market price for Milwaukee (Milwaukee vs Colorado) land in the 50-60¢ bucket at game start (2026-06-07)?
Sooth_QGen#6732465e1cf6	Will the Kalshi YES mid-market price for A's (A's vs Chicago C) land in the 80-90¢ bucket at game start (2026-06-04)?
Sooth_QGen#6750c119dc75	Will the Kalshi YES mid-market price for Houston (Houston vs Kansas City) land in the 10-20¢ bucket at game start (2026-06-13)?
Sooth_QGen#6762c3d99ef0	Will the Kalshi YES mid-market price for Cleveland (Cleveland vs Texas) land in the 70-80¢ bucket at game start (2026-06-06)?
Sooth_QGen#6784f51b1d7d	Will the Kalshi YES mid-market price for Atlanta (Atlanta vs New York M) land in the 30-40¢ bucket at game start (2026-06-13)?
Sooth_QGen#678ccc6b0bc3	Will the Kalshi YES mid-market price for Jacksonville (Will Jacksonville win the Cleveland vs Jacksonville Pro Football game) land in the 10-20¢ bucket at game start (2026-09-13)?
Sooth_QGen#67b543aadd4a	Will the Kalshi YES mid-market price for New York Y (Cleveland vs New York Y) land in the 10-20¢ bucket at game start (2026-06-03)?
Sooth_QGen#67bf6ea5b441	Will the Kalshi YES mid-market price for Tampa Bay (Detroit vs Tampa Bay) land in the 90-100¢ bucket at game start (2026-06-02)?
Sooth_QGen#67c553b07a72	Will the Kalshi YES mid-market price for Philadelphia (Philadelphia vs Toronto) land in the 20-30¢ bucket at game start (2026-06-10)?
Sooth_QGen#67cb48b4b635	Will the Kalshi YES mid-market price for Cleveland (New York Y vs Cleveland) land in the 0-10¢ bucket at game start (2026-06-08)?
Sooth_QGen#67e3c2b829f1	Will the Kalshi YES mid-market price for Boston (Baltimore vs Boston) land in the 70-80¢ bucket at game start (2026-06-02)?
Sooth_QGen#67e7a209e7a6	Will the Kalshi YES mid-market price for St. Louis (St. Louis vs Minnesota) land in the 60-70¢ bucket at game start (2026-06-13)?
Sooth_QGen#67ea1d55e459	Will the Kalshi YES mid-market price for Chicago C (A's vs Chicago C) land in the 30-40¢ bucket at game start (2026-06-05)?
Sooth_QGen#67eac0f9e391	Will the Kalshi YES mid-market price for Toronto (Baltimore vs Toronto) land in the 20-30¢ bucket at game start (2026-06-06)?
Sooth_QGen#67f47ada9669	Will the Kalshi YES mid-market price for Cleveland (Cleveland vs New York Y) land in the 30-40¢ bucket at game start (2026-06-04)?
Sooth_QGen#67fc9a404e47	Will the Kalshi YES mid-market price for CAR Hurricanes (Game 2: Vegas at Carolina) land in the 20-30¢ bucket at game start (2026-06-05)?
Sooth_QGen#6801314089ac	Will the Kalshi YES mid-market price for Seattle (New York M vs Seattle) land in the 40-50¢ bucket at game start (2026-06-02)?
Sooth_QGen#6809dfdb39b0	Will the Kalshi YES mid-market price for Minnesota (Minnesota vs Pittsburgh) land in the 40-50¢ bucket at game start (2026-05-31)?
Sooth_QGen#680b0bc441db	Will the Kalshi YES mid-market price for Texas (Texas vs Boston) land in the 80-90¢ bucket at game start (2026-06-13)?
Sooth_QGen#6815467515d9	Will the Kalshi YES mid-market price for Miami (Arizona vs Miami) land in the 40-50¢ bucket at game start (2026-06-10)?
Sooth_QGen#681d6fed3869	Will the Kalshi YES mid-market price for San Francisco (San Francisco vs Chicago C) land in the 80-90¢ bucket at game start (2026-06-08)?
Sooth_QGen#68340f59f0af	Will the Kalshi YES mid-market price for St. Louis (Chicago C vs St. Louis) land in the 80-90¢ bucket at game start (2026-05-31)?
Sooth_QGen#685700934b95	Will the Kalshi YES mid-market price for Baltimore (Baltimore vs Toronto) land in the 70-80¢ bucket at game start (2026-06-06)?
Sooth_QGen#68674366a454	Will the Kalshi YES mid-market price for Chicago WS (Detroit vs Chicago WS) land in the 70-80¢ bucket at game start (2026-05-29)?
Sooth_QGen#68778c71f896	Will the Kalshi YES mid-market price for Milwaukee (San Francisco vs Milwaukee) land in the 0-10¢ bucket at game start (2026-06-03)?
Sooth_QGen#68819867157f	Will the Kalshi YES mid-market price for Colorado (Colorado vs A's) land in the 70-80¢ bucket at game start (2026-06-14)?
Sooth_QGen#688d46f00701	Will the Kalshi YES mid-market price for Miami (Arizona vs Miami) land in the 80-90¢ bucket at game start (2026-06-10)?
Sooth_QGen#688f89701ada	Will the Kalshi YES mid-market price for Boston (Baltimore vs Boston) land in the 90-100¢ bucket at game start (2026-06-02)?
Sooth_QGen#689e703a614a	Will the Kalshi YES mid-market price for Los Angeles A (Colorado vs Los Angeles A) land in the 20-30¢ bucket at game start (2026-06-03)?
Sooth_QGen#689f86ad8909	Will the Kalshi YES mid-market price for San Diego (New York M vs San Diego) land in the 40-50¢ bucket at game start (2026-06-06)?
Sooth_QGen#68a029b2ba19	Will the Kalshi YES mid-market price for New York M (New York M vs San Diego) land in the 0-10¢ bucket at game start (2026-06-06)?
Sooth_QGen#68aff7947b82	Will the Kalshi YES mid-market price for Philadelphia (Philadelphia vs Milwaukee) land in the 90-100¢ bucket at game start (2026-06-14)?
Sooth_QGen#68bb57ddae15	Will the Kalshi YES mid-market price for Atlanta (Pittsburgh vs Atlanta) land in the 0-10¢ bucket at game start (2026-06-07)?
Sooth_QGen#68ccfcd5391a	Will the Kalshi YES mid-market price for Pittsburgh (Minnesota vs Pittsburgh) land in the 90-100¢ bucket at game start (2026-05-30)?
Sooth_QGen#68dedf41947c	Will the Kalshi YES mid-market price for Los Angeles D (Philadelphia vs Los Angeles D) land in the 40-50¢ bucket at game start (2026-05-31)?
Sooth_QGen#68e6c26eff53	Will the Kalshi YES mid-market price for Detroit (Seattle vs Detroit) land in the 80-90¢ bucket at game start (2026-06-07)?
Sooth_QGen#68edeae43b6e	Will the Kalshi YES mid-market price for San Antonio (Game 4: San Antonio at New York) land in the 20-30¢ bucket at game start (2026-06-11)?
Sooth_QGen#68f44913a35e	Will the Kalshi YES mid-market price for Chicago C (Chicago C vs St. Louis) land in the 0-10¢ bucket at game start (2026-05-31)?
Sooth_QGen#691543762048	Will the Kalshi YES mid-market price for Baltimore (San Diego vs Baltimore) land in the 60-70¢ bucket at game start (2026-06-13)?
Sooth_QGen#6923dd5b6acc	Will the Kalshi YES mid-market price for Colorado (Colorado vs Los Angeles A) land in the 0-10¢ bucket at game start (2026-06-02)?
Sooth_QGen#692c0a68bb6f	Will the Kalshi YES mid-market price for San Diego (San Diego vs St. Louis) land in the 50-60¢ bucket at game start (2026-06-15)?
Sooth_QGen#693f28755708	Will the Kalshi YES mid-market price for Colorado (San Francisco vs Colorado) land in the 30-40¢ bucket at game start (2026-05-30)?
Sooth_QGen#694e3fe616da	Will the Kalshi YES mid-market price for Toronto (Baltimore vs Toronto) land in the 90-100¢ bucket at game start (2026-06-06)?
Sooth_QGen#695335e50352	Will the Kalshi YES mid-market price for Pittsburgh (Miami vs Pittsburgh) land in the 50-60¢ bucket at game start (2026-06-14)?
Sooth_QGen#6954e2219205	Will the Kalshi YES mid-market price for A's (Milwaukee vs A's) land in the 80-90¢ bucket at game start (2026-06-10)?
Sooth_QGen#6965491ef925	Will the Kalshi YES mid-market price for Detroit (Detroit vs Houston) land in the 20-30¢ bucket at game start (2026-06-16)?
Sooth_QGen#699cc731fe4c	Will the Kalshi YES mid-market price for Cincinnati (Atlanta vs Cincinnati) land in the 10-20¢ bucket at game start (2026-05-30)?
Sooth_QGen#69a9b1f77f65	Will the Kalshi YES mid-market price for VGK Golden Knights (Game 5: Vegas at Carolina) land in the 20-30¢ bucket at game start (2026-06-12)?
Sooth_QGen#69ad025aa2f1	Will the Kalshi YES mid-market price for Pittsburgh (Miami vs Pittsburgh) land in the 10-20¢ bucket at game start (2026-06-13)?
Sooth_QGen#69ad9c6f7764	Will the Kalshi YES mid-market price for Detroit (Detroit vs Tampa Bay) land in the 30-40¢ bucket at game start (2026-06-03)?
Sooth_QGen#69be4d4d9945	Will the Kalshi YES mid-market price for Chicago C (Chicago C vs Colorado) land in the 20-30¢ bucket at game start (2026-06-11)?
Sooth_QGen#69beb606b5a7	Will the Kalshi YES mid-market price for Detroit (Detroit vs Cleveland) land in the 40-50¢ bucket at game start (2026-06-13)?
Sooth_QGen#69bf9b69eedd	Will the Kalshi YES mid-market price for St. Louis (San Diego vs St. Louis) land in the 80-90¢ bucket at game start (2026-06-15)?
Sooth_QGen#69cb7afc60cf	Will the Kalshi YES mid-market price for Philadelphia (San Diego vs Philadelphia) land in the 60-70¢ bucket at game start (2026-06-04)?
Sooth_QGen#69d28c93c645	Will the Kalshi YES mid-market price for Kansas City (Kansas City vs Minnesota) land in the 70-80¢ bucket at game start (2026-06-04)?
Sooth_QGen#69d3c8c636e8	Will the Kalshi YES mid-market price for Philadelphia (San Diego vs Philadelphia) land in the 90-100¢ bucket at game start (2026-06-03)?
Sooth_QGen#69d4aa9da54d	Will the Kalshi YES mid-market price for St. Louis (St. Louis vs Minnesota) land in the 20-30¢ bucket at game start (2026-06-13)?
Sooth_QGen#69d55d0fb8f6	Will the Kalshi YES mid-market price for St. Louis (Texas vs St. Louis) land in the 20-30¢ bucket at game start (2026-06-02)?
Sooth_QGen#69dd0daf9711	Will the Kalshi YES mid-market price for Cincinnati (Cincinnati vs St. Louis) land in the 50-60¢ bucket at game start (2026-06-06)?
Sooth_QGen#69f31db426ae	Will the Kalshi YES mid-market price for Washington (Miami vs Washington) land in the 80-90¢ bucket at game start (2026-06-03)?
Sooth_QGen#69f32972e5e4	Will the Kalshi YES mid-market price for New York M (New York M vs Seattle) land in the 60-70¢ bucket at game start (2026-06-03)?
Sooth_QGen#69f6c361a83e	Will the Kalshi YES mid-market price for Pittsburgh (Pittsburgh vs Houston) land in the 50-60¢ bucket at game start (2026-06-05)?
Sooth_QGen#69f7cde66065	Will the Kalshi YES mid-market price for Cincinnati (Cincinnati vs St. Louis) land in the 30-40¢ bucket at game start (2026-06-06)?
Sooth_QGen#69fd48ca66b2	Will the Kalshi YES mid-market price for Washington (Washington vs San Francisco) land in the 20-30¢ bucket at game start (2026-06-10)?
Sooth_QGen#6a26311da35e	Will the Kalshi YES mid-market price for Baltimore (San Diego vs Baltimore) land in the 0-10¢ bucket at game start (2026-06-12)?
Sooth_QGen#6a2eb26b1dfc	Will the Kalshi YES mid-market price for Pittsburgh (Will Pittsburgh win the Atlanta vs Pittsburgh Pro Football game) land in the 10-20¢ bucket at game start (2026-09-13)?
Sooth_QGen#6a48d6eb1f40	Will the Kalshi YES mid-market price for Colorado (Chicago C vs Colorado) land in the 80-90¢ bucket at game start (2026-06-11)?
Sooth_QGen#6a679eca32da	Will the Kalshi YES mid-market price for New York M (Atlanta vs New York M) land in the 70-80¢ bucket at game start (2026-06-12)?
Sooth_QGen#6a72a2c76e6c	Will the Kalshi YES mid-market price for Minnesota (Minnesota vs Detroit) land in the 20-30¢ bucket at game start (2026-06-10)?
Sooth_QGen#6a73a93170d2	Will the Kalshi YES mid-market price for VGK Golden Knights (Game 4: Carolina at Vegas) land in the 20-30¢ bucket at game start (2026-06-10)?
Sooth_QGen#6a76ec62557d	Will the Kalshi YES mid-market price for Washington (Washington vs San Francisco) land in the 90-100¢ bucket at game start (2026-06-10)?
Sooth_QGen#6a79be8bcd7a	Will the Kalshi YES mid-market price for Cleveland (Cleveland vs Texas) land in the 0-10¢ bucket at game start (2026-06-07)?
Sooth_QGen#6a7ac4223496	Will the Kalshi YES mid-market price for San Antonio (Game 3: San Antonio at New York) land in the 10-20¢ bucket at game start (2026-06-09)?
Sooth_QGen#6a97de139021	Will the Kalshi YES mid-market price for Pittsburgh (Will Pittsburgh win the Atlanta vs Pittsburgh Pro Football game) land in the 70-80¢ bucket at game start (2026-09-13)?
Sooth_QGen#6ab1ee272eda	Will the Kalshi YES mid-market price for Cleveland (New York Y vs Cleveland) land in the 70-80¢ bucket at game start (2026-06-10)?
Sooth_QGen#6ab8c720ad8a	Will the Kalshi YES mid-market price for San Diego (Cincinnati vs San Diego) land in the 20-30¢ bucket at game start (2026-06-09)?
Sooth_QGen#6abb5b40d8e0	Will the Kalshi YES mid-market price for Tampa Bay (Tampa Bay vs Los Angeles A) land in the 60-70¢ bucket at game start (2026-06-14)?
Sooth_QGen#6abdfe4a64e7	Will the Kalshi YES mid-market price for San Diego (San Diego vs Philadelphia) land in the 60-70¢ bucket at game start (2026-06-02)?
Sooth_QGen#6ac0e7ab6e29	Will the Kalshi YES mid-market price for Texas (Kansas City vs Texas) land in the 30-40¢ bucket at game start (2026-05-30)?
Sooth_QGen#6ac663079abc	Will the Kalshi YES mid-market price for Cincinnati (Cincinnati vs San Diego) land in the 30-40¢ bucket at game start (2026-06-10)?
Sooth_QGen#6ad926febb6f	Will the Kalshi YES mid-market price for St. Louis (St. Louis vs Milwaukee) land in the 90-100¢ bucket at game start (2026-05-27)?
Sooth_QGen#6af1c8510974	Will the Kalshi YES mid-market price for Chicago WS (Los Angeles D vs Chicago WS) land in the 70-80¢ bucket at game start (2026-06-14)?
Sooth_QGen#6af5599e2cd8	Will the Kalshi YES mid-market price for Arizona (Washington vs Arizona) land in the 20-30¢ bucket at game start (2026-06-06)?
Sooth_QGen#6afde78ce4b2	Will the Kalshi YES mid-market price for Milwaukee (Milwaukee vs A's) land in the 50-60¢ bucket at game start (2026-06-09)?
Sooth_QGen#6b0453867c6c	Will the Kalshi YES mid-market price for Miami (Miami vs Philadelphia) land in the 80-90¢ bucket at game start (2026-06-15)?
Sooth_QGen#6b0ad3a455d0	Will the Kalshi YES mid-market price for Tampa Bay (Detroit vs Tampa Bay) land in the 90-100¢ bucket at game start (2026-06-01)?
Sooth_QGen#6b1f29bba667	Will the Kalshi YES mid-market price for Texas (Kansas City vs Texas) land in the 60-70¢ bucket at game start (2026-05-31)?
Sooth_QGen#6b358022de6a	Will the Kalshi YES mid-market price for San Diego (New York M vs San Diego) land in the 80-90¢ bucket at game start (2026-06-07)?
Sooth_QGen#6b543750952d	Will the Kalshi YES mid-market price for Kansas City (Kansas City vs Texas) land in the 60-70¢ bucket at game start (2026-05-30)?
Sooth_QGen#6b5b18c3a93d	Will the Kalshi YES mid-market price for New York M (New York M vs Seattle) land in the 10-20¢ bucket at game start (2026-06-03)?
Sooth_QGen#6b62fc844dee	Will the Kalshi YES mid-market price for Los Angeles A (Tampa Bay vs Los Angeles A) land in the 10-20¢ bucket at game start (2026-06-14)?
Sooth_QGen#6b773ef4d525	Will the Kalshi YES mid-market price for Detroit (Will Detroit win the New Orleans vs Detroit Pro Football game) land in the 50-60¢ bucket at game start (2026-09-13)?
Sooth_QGen#6b7a5d31ba5a	Will the Kalshi YES mid-market price for Toronto (Toronto vs Baltimore) land in the 60-70¢ bucket at game start (2026-05-29)?
Sooth_QGen#6b8de3485541	Will the Kalshi YES mid-market price for Los Angeles D (Philadelphia vs Los Angeles D) land in the 80-90¢ bucket at game start (2026-05-30)?
Sooth_QGen#6b9c0a180afb	Will the Kalshi YES mid-market price for San Francisco (San Francisco vs Milwaukee) land in the 90-100¢ bucket at game start (2026-06-02)?
Sooth_QGen#6b9ea627d1f1	Will the Kalshi YES mid-market price for Cincinnati (Cincinnati vs St. Louis) land in the 0-10¢ bucket at game start (2026-06-06)?
Sooth_QGen#6ba42872efad	Will the Kalshi YES mid-market price for San Francisco (San Francisco vs Chicago C) land in the 10-20¢ bucket at game start (2026-06-05)?
Sooth_QGen#6bba6f688472	Will the Kalshi YES mid-market price for Kansas City (Kansas City vs Cincinnati) land in the 30-40¢ bucket at game start (2026-06-02)?
Sooth_QGen#6bd275bfce47	Will the Kalshi YES mid-market price for Arizona (Will Arizona win the Arizona vs Los Angeles C Pro Football game) land in the 50-60¢ bucket at game start (2026-09-13)?
Sooth_QGen#6bd659b91f5d	Will the Kalshi YES mid-market price for Cincinnati (Cincinnati vs St. Louis) land in the 90-100¢ bucket at game start (2026-06-06)?
Sooth_QGen#6bd8ee5fd0d9	Will the Kalshi YES mid-market price for San Francisco (San Francisco vs Colorado) land in the 80-90¢ bucket at game start (2026-05-31)?
Sooth_QGen#6be54cab88a7	Will the Kalshi YES mid-market price for Detroit (Detroit vs Chicago WS) land in the 90-100¢ bucket at game start (2026-05-29)?
Sooth_QGen#6be8bf9876f2	Will the Kalshi YES mid-market price for Houston (Houston vs Kansas City) land in the 70-80¢ bucket at game start (2026-06-14)?
Sooth_QGen#6c13bf610886	Will the Kalshi YES mid-market price for Chicago C (Chicago C vs Colorado) land in the 60-70¢ bucket at game start (2026-06-11)?
Sooth_QGen#6c159d5e94b5	Will the Kalshi YES mid-market price for Indianapolis (Will Indianapolis win the Baltimore vs Indianapolis Pro Football game) land in the 40-50¢ bucket at game start (2026-09-13)?
Sooth_QGen#6c15d92b03c9	Will the Kalshi YES mid-market price for Seattle (New York M vs Seattle) land in the 30-40¢ bucket at game start (2026-06-03)?
Sooth_QGen#6c206a292cb4	Will the Kalshi YES mid-market price for New York Y (New York Y vs Cleveland) land in the 10-20¢ bucket at game start (2026-06-09)?
Sooth_QGen#6c5aa5435b40	Will the Kalshi YES mid-market price for St. Louis (St. Louis vs Minnesota) land in the 90-100¢ bucket at game start (2026-06-14)?
Sooth_QGen#6c5f23294bd7	Will the Kalshi YES mid-market price for Cleveland (New York Y vs Cleveland) land in the 60-70¢ bucket at game start (2026-06-10)?
Sooth_QGen#6c6f743461ed	Will the Kalshi YES mid-market price for Cincinnati (Kansas City vs Cincinnati) land in the 0-10¢ bucket at game start (2026-06-03)?
Sooth_QGen#6c6f85fb1cdb	Will the Kalshi YES mid-market price for Colorado (San Francisco vs Colorado) land in the 90-100¢ bucket at game start (2026-05-30)?
Sooth_QGen#6c741168a7ab	Will the Kalshi YES mid-market price for San Diego (San Diego vs Baltimore) land in the 80-90¢ bucket at game start (2026-06-14)?
Sooth_QGen#6cb5a1fa1b03	Will the Kalshi YES mid-market price for Baltimore (Toronto vs Baltimore) land in the 70-80¢ bucket at game start (2026-05-29)?
Sooth_QGen#6cbb5b0910d8	Will the Kalshi YES mid-market price for Kansas City (Kansas City vs Cincinnati) land in the 40-50¢ bucket at game start (2026-06-02)?
Sooth_QGen#6cbed81a8fbc	Will the Kalshi YES mid-market price for A's (A's vs Houston) land in the 40-50¢ bucket at game start (2026-06-06)?
Sooth_QGen#6cc41b9ec9a7	Will the Kalshi YES mid-market price for Colorado (Chicago C vs Colorado) land in the 0-10¢ bucket at game start (2026-06-10)?
Sooth_QGen#6cc4c53d38e0	Will the Kalshi YES mid-market price for Philadelphia (Philadelphia vs Toronto) land in the 40-50¢ bucket at game start (2026-06-08)?
Sooth_QGen#6ccfd845ecc2	Will the Kalshi YES mid-market price for CAR Hurricanes (Game 4: Carolina at Vegas) land in the 80-90¢ bucket at game start (2026-06-10)?
Sooth_QGen#6cee61c03836	Will the Kalshi YES mid-market price for Los Angeles A (Colorado vs Los Angeles A) land in the 20-30¢ bucket at game start (2026-06-02)?
Sooth_QGen#6cef65488948	Will the Kalshi YES mid-market price for Boston (Boston vs New York Y) land in the 20-30¢ bucket at game start (2026-06-07)?
Sooth_QGen#6d0069ef9fdb	Will the Kalshi YES mid-market price for Tampa Bay (Detroit vs Tampa Bay) land in the 30-40¢ bucket at game start (2026-06-01)?
Sooth_QGen#6d107c1aef38	Will the Kalshi YES mid-market price for Milwaukee (Milwaukee vs A's) land in the 60-70¢ bucket at game start (2026-06-09)?
Sooth_QGen#6d151ca41bbf	Will the Kalshi YES mid-market price for Cincinnati (New York M vs Cincinnati) land in the 70-80¢ bucket at game start (2026-06-15)?
Sooth_QGen#6d16f13e0e43	Will Kalshi's NYK moneyline YES mid-market price be ≥ 55¢ at Game 3 tip-off on May 23?
Sooth_QGen#6d1e229b05de	Will the Kalshi YES mid-market price for Detroit (Minnesota vs Detroit) land in the 70-80¢ bucket at game start (2026-06-10)?
Sooth_QGen#6d23d62f2f14	Will the Kalshi YES mid-market price for Cleveland (New York Y vs Cleveland) land in the 10-20¢ bucket at game start (2026-06-10)?
Sooth_QGen#6d312897c8ec	Will the Kalshi YES mid-market price for Philadelphia (Philadelphia vs Milwaukee) land in the 20-30¢ bucket at game start (2026-06-12)?
Sooth_QGen#6d679ee94371	Will the Kalshi YES mid-market price for Cincinnati (Kansas City vs Cincinnati) land in the 80-90¢ bucket at game start (2026-06-01)?
Sooth_QGen#6d68dc82da16	Will the Kalshi YES mid-market price for Seattle (New York M vs Seattle) land in the 60-70¢ bucket at game start (2026-06-03)?
Sooth_QGen#6d69bb4aeb26	Will the Kalshi YES mid-market price for Pittsburgh (Pittsburgh vs A's) land in the 30-40¢ bucket at game start (2026-06-16)?
Sooth_QGen#6d6bddd464ff	Will the Kalshi YES mid-market price for Baltimore (Will Baltimore win the Baltimore vs Indianapolis Pro Football game) land in the 50-60¢ bucket at game start (2026-09-13)?
Sooth_QGen#6d6e1352f207	Will the Kalshi YES mid-market price for Milwaukee (San Francisco vs Milwaukee) land in the 40-50¢ bucket at game start (2026-06-01)?
Sooth_QGen#6d9822c57f63	Will the Kalshi YES mid-market price for Cincinnati (Cincinnati vs St. Louis) land in the 40-50¢ bucket at game start (2026-06-06)?
Sooth_QGen#6d9d98a3ac3d	Will the Kalshi YES mid-market price for Atlanta (Atlanta vs Cincinnati) land in the 50-60¢ bucket at game start (2026-05-31)?
Sooth_QGen#6da62f9b98fe	Will the Kalshi YES mid-market price for A's (New York Y vs A's) land in the 90-100¢ bucket at game start (2026-05-31)?
Sooth_QGen#6daace155e87	Will the Kalshi YES mid-market price for Detroit (Seattle vs Detroit) land in the 60-70¢ bucket at game start (2026-06-05)?
Sooth_QGen#6db7414cef98	Will the Kalshi YES mid-market price for New York M (Miami vs New York M) land in the 90-100¢ bucket at game start (2026-05-29)?
Sooth_QGen#6dbb287ddbd5	Will the Kalshi YES mid-market price for Cleveland (Boston vs Cleveland) land in the 80-90¢ bucket at game start (2026-05-31)?
Sooth_QGen#6dbfeee9218c	Will the Kalshi YES mid-market price for Arizona (Arizona vs Cincinnati) land in the 50-60¢ bucket at game start (2026-06-14)?
Sooth_QGen#6dcc8f8f6771	Will the Kalshi YES mid-market price for Milwaukee (Milwaukee vs Colorado) land in the 20-30¢ bucket at game start (2026-06-07)?
Sooth_QGen#6de0a03b3f17	Will the Kalshi YES mid-market price for Los Angeles A (Houston vs Los Angeles A) land in the 50-60¢ bucket at game start (2026-06-10)?
Sooth_QGen#6de85e2f6fde	Will the Kalshi YES mid-market price for Colorado (Colorado vs Los Angeles A) land in the 80-90¢ bucket at game start (2026-06-02)?
Sooth_QGen#6debda1e5a75	Will the Kalshi YES mid-market price for Baltimore (Toronto vs Baltimore) land in the 0-10¢ bucket at game start (2026-05-31)?
Sooth_QGen#6deff3156c9b	Will the Kalshi YES mid-market price for Los Angeles D (Los Angeles D vs Arizona) land in the 50-60¢ bucket at game start (2026-06-03)?
Sooth_QGen#6e05889f426c	Will the Kalshi YES mid-market price for Texas (Cleveland vs Texas) land in the 30-40¢ bucket at game start (2026-06-06)?
Sooth_QGen#6e0f97b0f6ec	Will the Kalshi YES mid-market price for Houston (Milwaukee vs Houston) land in the 70-80¢ bucket at game start (2026-05-30)?
Sooth_QGen#6e17f164556a	Will the Kalshi YES mid-market price for San Francisco (Arizona vs San Francisco) land in the 90-100¢ bucket at game start (2026-05-27)?
Sooth_QGen#6e1b8ddf47ce	Will the Kalshi YES mid-market price for Cleveland (New York Y vs Cleveland) land in the 60-70¢ bucket at game start (2026-06-09)?
Sooth_QGen#6e2402610ced	Will the Kalshi YES mid-market price for Miami (Miami vs New York M) land in the 40-50¢ bucket at game start (2026-05-29)?
Sooth_QGen#6e25523a9463	Will the Kalshi YES mid-market price for Pittsburgh (Pittsburgh vs A's) land in the 80-90¢ bucket at game start (2026-06-16)?
Sooth_QGen#6e2a7841c351	Will the Kalshi YES mid-market price for Houston (Pittsburgh vs Houston) land in the 70-80¢ bucket at game start (2026-06-05)?
Sooth_QGen#6e381453b5dd	Will the Kalshi YES mid-market price for Boston (Texas vs Boston) land in the 80-90¢ bucket at game start (2026-06-12)?
Sooth_QGen#6e3f28dff3ce	Will the Kalshi YES mid-market price for Seattle (Arizona vs Seattle) land in the 0-10¢ bucket at game start (2026-05-31)?
Sooth_QGen#6e5b1e81627e	Will the Kalshi YES mid-market price for San Diego (Philadelphia vs San Diego) land in the 70-80¢ bucket at game start (2026-05-27)?
Sooth_QGen#6e5c921180b0	Will the Kalshi YES mid-market price for Texas (Kansas City vs Texas) land in the 70-80¢ bucket at game start (2026-05-30)?
Sooth_QGen#6e6b0b55a2ab	Will the Kalshi YES mid-market price for A's (A's vs Houston) land in the 50-60¢ bucket at game start (2026-06-07)?
Sooth_QGen#6e7779d7370e	Will the Kalshi YES mid-market price for Los Angeles R (Will Los Angeles R win the San Francisco vs Los Angeles R Pro Football game) land in the 80-90¢ bucket at game start (2026-09-11)?
Sooth_QGen#6e7ae8f31cbf	Will the Kalshi YES mid-market price for Seattle (Seattle vs Detroit) land in the 40-50¢ bucket at game start (2026-06-07)?
Sooth_QGen#6e8b871d50b0	Will the Kalshi YES mid-market price for Kansas City (Kansas City vs Cincinnati) land in the 10-20¢ bucket at game start (2026-06-03)?
Sooth_QGen#6e8cfb607b62	Will the Kalshi YES mid-market price for Milwaukee (St. Louis vs Milwaukee) land in the 30-40¢ bucket at game start (2026-05-27)?
Sooth_QGen#6ea82c37168e	Will the Kalshi YES mid-market price for Indianapolis (Will Indianapolis win the Baltimore vs Indianapolis Pro Football game) land in the 70-80¢ bucket at game start (2026-09-13)?
Sooth_QGen#6eb0bad5b1e7	Will the Kalshi YES mid-market price for Philadelphia (Chicago WS vs Philadelphia) land in the 30-40¢ bucket at game start (2026-06-06)?
Sooth_QGen#6eb889acec2e	Will the Kalshi YES mid-market price for Arizona (Arizona vs Cincinnati) land in the 20-30¢ bucket at game start (2026-06-13)?
Sooth_QGen#6ee3b53d310b	Will the Kalshi YES mid-market price for Los Angeles A (Los Angeles A vs Arizona) land in the 10-20¢ bucket at game start (2026-06-16)?
Sooth_QGen#6ef72eae7977	Will the Kalshi YES mid-market price for New York M (New York M vs San Diego) land in the 10-20¢ bucket at game start (2026-06-07)?
Sooth_QGen#6ef8ba1022f9	Will the Kalshi YES mid-market price for Chicago WS (Los Angeles D vs Chicago WS) land in the 40-50¢ bucket at game start (2026-06-12)?
Sooth_QGen#6efd2cfff715	Will the Kalshi YES mid-market price for Houston (A's vs Houston) land in the 10-20¢ bucket at game start (2026-06-06)?
Sooth_QGen#6f07c6a7f539	Will the Kalshi YES mid-market price for Miami (Miami vs Washington) land in the 10-20¢ bucket at game start (2026-06-03)?
Sooth_QGen#6f09075b8179	Will the Kalshi YES mid-market price for Boston (Boston vs New York Y) land in the 40-50¢ bucket at game start (2026-06-07)?
Sooth_QGen#6f1c5691cea9	Will the Kalshi YES mid-market price for Arizona (Arizona vs Seattle) land in the 10-20¢ bucket at game start (2026-05-31)?
Sooth_QGen#6f1cfffe7033	Will the Kalshi YES mid-market price for St. Louis (Chicago C vs St. Louis) land in the 0-10¢ bucket at game start (2026-05-31)?
Sooth_QGen#6f1d11482aac	Will the Kalshi YES mid-market price for A's (A's vs Chicago C) land in the 40-50¢ bucket at game start (2026-06-03)?
Sooth_QGen#6f28e84cf3bb	Will the Kalshi YES mid-market price for Colorado (Colorado vs A's) land in the 30-40¢ bucket at game start (2026-06-14)?
Sooth_QGen#6f329d7aadd5	Will the Kalshi YES mid-market price for Texas (Texas vs Kansas City) land in the 20-30¢ bucket at game start (2026-06-11)?
Sooth_QGen#6f3a372b0575	Will the Kalshi YES mid-market price for Detroit (Seattle vs Detroit) land in the 60-70¢ bucket at game start (2026-06-06)?
Sooth_QGen#6f43d74553d1	Will the Kalshi YES mid-market price for Chicago WS (Chicago WS vs Philadelphia) land in the 40-50¢ bucket at game start (2026-06-06)?
Sooth_QGen#6f50d509aec0	Will the Kalshi YES mid-market price for Los Angeles A (Los Angeles A vs Los Angeles D) land in the 60-70¢ bucket at game start (2026-06-07)?
Sooth_QGen#6f53dcfbc3be	Will the Kalshi YES mid-market price for St. Louis (Chicago C vs St. Louis) land in the 30-40¢ bucket at game start (2026-05-30)?
Sooth_QGen#6f6950725b8b	Will the Kalshi YES mid-market price for Chicago WS (Atlanta vs Chicago WS) land in the 0-10¢ bucket at game start (2026-06-09)?
Sooth_QGen#6f697a551dc2	Will the Kalshi YES mid-market price for Seattle (New York M vs Seattle) land in the 0-10¢ bucket at game start (2026-06-03)?
Sooth_QGen#6f98b7847156	Will the Kalshi YES mid-market price for St. Louis (St. Louis vs Minnesota) land in the 50-60¢ bucket at game start (2026-06-13)?
Sooth_QGen#6fa1038f81f1	Will the Kalshi YES mid-market price for Toronto (Philadelphia vs Toronto) land in the 30-40¢ bucket at game start (2026-06-08)?
Sooth_QGen#6fad32bf6877	Will the Kalshi YES mid-market price for New York M (St. Louis vs New York M) land in the 90-100¢ bucket at game start (2026-06-11)?
Sooth_QGen#6fe5586ca68b	Will the Kalshi YES mid-market price for Chicago C (San Francisco vs Chicago C) land in the 40-50¢ bucket at game start (2026-06-05)?
Sooth_QGen#6fe81d49c947	Will the Kalshi YES mid-market price for Milwaukee (Milwaukee vs A's) land in the 0-10¢ bucket at game start (2026-06-10)?
Sooth_QGen#6feee0b6ceb9	Will the Kalshi YES mid-market price for A's (Colorado vs A's) land in the 0-10¢ bucket at game start (2026-06-13)?
Sooth_QGen#6ff05c9ca519	Will the Kalshi YES mid-market price for Tampa Bay (Los Angeles A vs Tampa Bay) land in the 20-30¢ bucket at game start (2026-05-31)?
Sooth_QGen#6ff21007d104	Will the Kalshi YES mid-market price for A's (Colorado vs A's) land in the 90-100¢ bucket at game start (2026-06-14)?
Sooth_QGen#70253e9cf98c	Will the Kalshi YES mid-market price for Pittsburgh (Pittsburgh vs Atlanta) land in the 80-90¢ bucket at game start (2026-06-06)?
Sooth_QGen#7047f7a9c4df	Will the Kalshi YES mid-market price for Los Angeles D (Los Angeles A vs Los Angeles D) land in the 90-100¢ bucket at game start (2026-06-07)?
Sooth_QGen#704e3975b498	Will the Kalshi YES mid-market price for New Orleans (Will New Orleans win the New Orleans vs Detroit Pro Football game) land in the 50-60¢ bucket at game start (2026-09-13)?
Sooth_QGen#709355854db4	Will the Kalshi YES mid-market price for Arizona (Arizona vs Seattle) land in the 80-90¢ bucket at game start (2026-05-31)?
Sooth_QGen#709bdd45c98f	Will the Kalshi YES mid-market price for Los Angeles D (Los Angeles D vs Pittsburgh) land in the 80-90¢ bucket at game start (2026-06-11)?
Sooth_QGen#70a2f480abaa	Will the Kalshi YES mid-market price for San Diego (San Diego vs Philadelphia) land in the 30-40¢ bucket at game start (2026-06-03)?
Sooth_QGen#70a8dc2ac7cb	Will the Kalshi YES mid-market price for San Antonio (Game 5: New York at San Antonio) land in the 10-20¢ bucket at game start (2026-06-14)?
Sooth_QGen#70b316d52081	Will the Kalshi YES mid-market price for Chicago C (Chicago C vs Colorado) land in the 30-40¢ bucket at game start (2026-06-11)?
Sooth_QGen#70bd099a5ff9	Will the Kalshi YES mid-market price for Houston (A's vs Houston) land in the 0-10¢ bucket at game start (2026-06-06)?
Sooth_QGen#70e1fe5d6a33	Will the Kalshi YES mid-market price for Miami (Arizona vs Miami) land in the 30-40¢ bucket at game start (2026-06-10)?
Sooth_QGen#70e585c19f59	Will the Kalshi YES mid-market price for San Antonio (Game 2: New York at San Antonio) land in the 70-80¢ bucket at game start (2026-06-06)?
Sooth_QGen#70f55cc76300	Will the Kalshi YES mid-market price for San Francisco (San Francisco vs Colorado) land in the 40-50¢ bucket at game start (2026-05-31)?
Sooth_QGen#710670b9ed4f	Will the Kalshi YES mid-market price for Miami (Tampa Bay vs Miami) land in the 90-100¢ bucket at game start (2026-06-05)?
Sooth_QGen#71146dae566d	Will the Kalshi YES mid-market price for CAR Hurricanes (Game 6: Carolina at Vegas) land in the 50-60¢ bucket at game start (2026-06-15)?
Sooth_QGen#711927a3130d	Will the Kalshi YES mid-market price for Miami (Miami vs Toronto) land in the 30-40¢ bucket at game start (2026-05-27)?
Sooth_QGen#7123be711d60	Will the Kalshi YES mid-market price for Arizona (Arizona vs Seattle) land in the 60-70¢ bucket at game start (2026-05-30)?
Sooth_QGen#7146e3634758	Will the Kalshi YES mid-market price for Cleveland (Detroit vs Cleveland) land in the 30-40¢ bucket at game start (2026-06-12)?
Sooth_QGen#7147427251dc	Will the Kalshi YES mid-market price for Cleveland (Washington vs Cleveland) land in the 50-60¢ bucket at game start (2026-05-27)?
Sooth_QGen#7178bc089194	Will the Kalshi YES mid-market price for A's (Milwaukee vs A's) land in the 80-90¢ bucket at game start (2026-06-09)?
Sooth_QGen#717a2ad6bd9d	Will the Kalshi YES mid-market price for Washington (Miami vs Washington) land in the 0-10¢ bucket at game start (2026-06-01)?
Sooth_QGen#718ebea05c73	Will the Kalshi YES mid-market price for Cleveland (Boston vs Cleveland) land in the 0-10¢ bucket at game start (2026-05-30)?
Sooth_QGen#71a4e8a151f2	Will the Kalshi YES mid-market price for Los Angeles C (Will Los Angeles C win the Arizona vs Los Angeles C Pro Football game) land in the 70-80¢ bucket at game start (2026-09-13)?
Sooth_QGen#71af7cbe2cd6	Will the Kalshi YES mid-market price for San Francisco (Washington vs San Francisco) land in the 10-20¢ bucket at game start (2026-06-10)?
Sooth_QGen#71b1c265e5b5	Will the Kalshi YES mid-market price for St. Louis (St. Louis vs Minnesota) land in the 40-50¢ bucket at game start (2026-06-13)?
Sooth_QGen#71b7f9953e33	Will the Kalshi YES mid-market price for New York M (St. Louis vs New York M) land in the 70-80¢ bucket at game start (2026-06-10)?
Sooth_QGen#71d4ccc9abc4	Will the Kalshi YES mid-market price for CAR Hurricanes (Game 6: Carolina at Vegas) land in the 60-70¢ bucket at game start (2026-06-15)?
Sooth_QGen#71e2a1efac46	Will the Kalshi YES mid-market price for Detroit (Detroit vs Tampa Bay) land in the 50-60¢ bucket at game start (2026-06-02)?
Sooth_QGen#71f144b5e16d	Will the Kalshi YES mid-market price for Detroit (Seattle vs Detroit) land in the 0-10¢ bucket at game start (2026-06-07)?
Sooth_QGen#71f88da43b7e	Will the Kalshi YES mid-market price for San Diego (San Diego vs Philadelphia) land in the 30-40¢ bucket at game start (2026-06-02)?
Sooth_QGen#72086e8da08c	Will the Kalshi YES mid-market price for Milwaukee (Milwaukee vs Houston) land in the 90-100¢ bucket at game start (2026-05-31)?
Sooth_QGen#72118397755d	Will the Kalshi YES mid-market price for Minnesota (Kansas City vs Minnesota) land in the 40-50¢ bucket at game start (2026-06-07)?
Sooth_QGen#72280aba2575	Will the Kalshi YES mid-market price for Toronto (Toronto vs Baltimore) land in the 30-40¢ bucket at game start (2026-05-31)?
Sooth_QGen#7237f33e06cd	Will the Kalshi YES mid-market price for Washington (Washington vs Arizona) land in the 0-10¢ bucket at game start (2026-06-06)?
Sooth_QGen#723f5e5a6dc2	Will the Kalshi YES mid-market price for Tampa Bay (Boston vs Tampa Bay) land in the 30-40¢ bucket at game start (2026-06-08)?
Sooth_QGen#72454b27b9de	Will the Kalshi YES mid-market price for San Francisco (Arizona vs San Francisco) land in the 60-70¢ bucket at game start (2026-05-27)?
Sooth_QGen#724873a91b77	Will the Kalshi YES mid-market price for Arizona (Los Angeles A vs Arizona) land in the 50-60¢ bucket at game start (2026-06-16)?
Sooth_QGen#726386d63971	Will the Kalshi YES mid-market price for Toronto (Toronto vs Baltimore) land in the 80-90¢ bucket at game start (2026-05-31)?
Sooth_QGen#7276dbe73d46	Will the Kalshi YES mid-market price for Miami (Miami vs Pittsburgh) land in the 80-90¢ bucket at game start (2026-06-14)?
Sooth_QGen#728020777ef3	Will the Kalshi YES mid-market price for Milwaukee (Philadelphia vs Milwaukee) land in the 0-10¢ bucket at game start (2026-06-12)?
Sooth_QGen#7282818569d5	Will the Kalshi YES mid-market price for Washington (Washington vs Arizona) land in the 90-100¢ bucket at game start (2026-06-07)?
Sooth_QGen#7287d058b426	Will the Kalshi YES mid-market price for Cincinnati (Kansas City vs Cincinnati) land in the 30-40¢ bucket at game start (2026-06-02)?
Sooth_QGen#72909571c972	Will the Kalshi YES mid-market price for Colorado (Colorado vs A's) land in the 80-90¢ bucket at game start (2026-06-13)?
Sooth_QGen#72933928a87b	Will the Kalshi YES mid-market price for Minnesota (St. Louis vs Minnesota) land in the 30-40¢ bucket at game start (2026-06-13)?
Sooth_QGen#72933bb51c93	Will the Kalshi YES mid-market price for Arizona (Arizona vs Seattle) land in the 80-90¢ bucket at game start (2026-05-31)?
Sooth_QGen#72b2abad311e	Will the Kalshi YES mid-market price for Atlanta (Toronto vs Atlanta) land in the 30-40¢ bucket at game start (2026-06-02)?
Sooth_QGen#72bde9629b86	Will the Kalshi YES mid-market price for CAR Hurricanes (Game 5: Montreal at Carolina) land in the 50-60¢ bucket at game start (2026-05-30)?
Sooth_QGen#72c617d94944	Will the Kalshi YES mid-market price for Kansas City (Kansas City vs Minnesota) land in the 80-90¢ bucket at game start (2026-06-06)?
Sooth_QGen#72c85736bcd4	Will the Kalshi YES mid-market price for Chicago WS (Los Angeles D vs Chicago WS) land in the 40-50¢ bucket at game start (2026-06-13)?
Sooth_QGen#72d2f53cd1e5	Will the Kalshi YES mid-market price for Houston (Houston vs Kansas City) land in the 10-20¢ bucket at game start (2026-06-14)?
Sooth_QGen#72df2c86dd84	Will the Kalshi YES mid-market price for CAR Hurricanes (Game 6: Carolina at Vegas) land in the 10-20¢ bucket at game start (2026-06-15)?
Sooth_QGen#72e7b65c76f7	Will the Kalshi YES mid-market price for New York Y (Boston vs New York Y) land in the 80-90¢ bucket at game start (2026-06-05)?
Sooth_QGen#72f1d32e3b9a	Will the Kalshi YES mid-market price for Chicago WS (Atlanta vs Chicago WS) land in the 10-20¢ bucket at game start (2026-06-09)?
Sooth_QGen#72fc08fec0df	Will the Kalshi YES mid-market price for Philadelphia (San Diego vs Philadelphia) land in the 0-10¢ bucket at game start (2026-06-04)?
Sooth_QGen#7314c3ec6972	Will the Kalshi YES mid-market price for Baltimore (Will Baltimore win the Baltimore vs Indianapolis Pro Football game) land in the 70-80¢ bucket at game start (2026-09-13)?
Sooth_QGen#73169b7340fa	Will the Kalshi YES mid-market price for Atlanta (Atlanta vs Cincinnati) land in the 70-80¢ bucket at game start (2026-05-29)?
Sooth_QGen#733338bf59ea	Will the Kalshi YES mid-market price for Miami (Tampa Bay vs Miami) land in the 90-100¢ bucket at game start (2026-06-06)?
Sooth_QGen#7333e36b67af	Will the Kalshi YES mid-market price for Los Angeles A (Los Angeles A vs Tampa Bay) land in the 50-60¢ bucket at game start (2026-05-29)?
Sooth_QGen#7334f937a395	Will the Kalshi YES mid-market price for Toronto (Philadelphia vs Toronto) land in the 50-60¢ bucket at game start (2026-06-10)?
Sooth_QGen#733a2cd6c2d5	Will the Kalshi YES mid-market price for New York Y (Cleveland vs New York Y) land in the 60-70¢ bucket at game start (2026-06-02)?
Sooth_QGen#7352b2478375	Will the Kalshi YES mid-market price for San Francisco (San Francisco vs Milwaukee) land in the 70-80¢ bucket at game start (2026-06-04)?
Sooth_QGen#736d092346ee	Will the Kalshi YES mid-market price for Chicago C (A's vs Chicago C) land in the 20-30¢ bucket at game start (2026-06-03)?
Sooth_QGen#738d4e683ee6	Will the Kalshi YES mid-market price for San Francisco (San Francisco vs Chicago C) land in the 90-100¢ bucket at game start (2026-06-05)?
Sooth_QGen#7391dbcb3d33	Will the Kalshi YES mid-market price for San Francisco (San Francisco vs Colorado) land in the 60-70¢ bucket at game start (2026-05-30)?
Sooth_QGen#73a193e6c387	Will the Kalshi YES mid-market price for Chicago C (Chicago C vs San Francisco) land in the 10-20¢ bucket at game start (2026-06-14)?
Sooth_QGen#73b1c3a75a13	Will the Kalshi YES mid-market price for CAR Hurricanes (Game 1: Vegas at Carolina) land in the 0-10¢ bucket at game start (2026-06-03)?
Sooth_QGen#73e107b28bdf	Will the Kalshi YES mid-market price for Boston (Boston vs New York Y) land in the 90-100¢ bucket at game start (2026-06-06)?
Sooth_QGen#73eecf924141	Will the Kalshi YES mid-market price for Tampa Bay (Tampa Bay vs Baltimore) land in the 10-20¢ bucket at game start (2026-05-27)?
Sooth_QGen#73fb5a1d2c9c	Will the Kalshi YES mid-market price for A's (Colorado vs A's) land in the 60-70¢ bucket at game start (2026-06-14)?
Sooth_QGen#7410598ac99a	Will the Kalshi YES mid-market price for Seattle (Seattle vs Baltimore) land in the 70-80¢ bucket at game start (2026-06-08)?
Sooth_QGen#7418dbed369d	Will the Kalshi YES mid-market price for New York M (Miami vs New York M) land in the 40-50¢ bucket at game start (2026-05-29)?
Sooth_QGen#74192ad1697e	Will the Kalshi YES mid-market price for Toronto (Toronto vs Atlanta) land in the 50-60¢ bucket at game start (2026-06-02)?
Sooth_QGen#741d0ddbd16b	Will the Kalshi YES mid-market price for Arizona (Washington vs Arizona) land in the 70-80¢ bucket at game start (2026-06-07)?
Sooth_QGen#7421a854e715	Will the Kalshi YES mid-market price for Atlanta (Atlanta vs Chicago WS) land in the 30-40¢ bucket at game start (2026-06-10)?
Sooth_QGen#742a67a9ed90	Will the Kalshi YES mid-market price for New York M (New York M vs Seattle) land in the 60-70¢ bucket at game start (2026-06-03)?
Sooth_QGen#7430644b48e2	Will the Kalshi YES mid-market price for Pittsburgh (Minnesota vs Pittsburgh) land in the 30-40¢ bucket at game start (2026-05-30)?
Sooth_QGen#74310a547c26	Will the Kalshi YES mid-market price for A's (A's vs Chicago C) land in the 80-90¢ bucket at game start (2026-06-03)?
Sooth_QGen#744349bcc75b	Will the Kalshi YES mid-market price for Kansas City (Kansas City vs Minnesota) land in the 60-70¢ bucket at game start (2026-06-07)?
Sooth_QGen#74444776b5d3	Will the Kalshi YES mid-market price for Arizona (Arizona vs San Francisco) land in the 60-70¢ bucket at game start (2026-05-27)?
Sooth_QGen#745b6bef00aa	Will the Kalshi YES mid-market price for New York M (St. Louis vs New York M) land in the 80-90¢ bucket at game start (2026-06-10)?
Sooth_QGen#74704e8d1198	Will the Kalshi YES mid-market price for San Francisco (Chicago C vs San Francisco) land in the 60-70¢ bucket at game start (2026-06-13)?
Sooth_QGen#7472ef454407	Will the Kalshi YES mid-market price for New York M (St. Louis vs New York M) land in the 0-10¢ bucket at game start (2026-06-10)?
Sooth_QGen#74780667adc9	Will the Kalshi YES mid-market price for San Antonio (Game 4: San Antonio at New York) land in the 80-90¢ bucket at game start (2026-06-11)?
Sooth_QGen#748e62c81446	Will the Kalshi YES mid-market price for Milwaukee (Milwaukee vs Houston) land in the 50-60¢ bucket at game start (2026-05-30)?
Sooth_QGen#7490771775ba	Will the Kalshi YES mid-market price for Detroit (Minnesota vs Detroit) land in the 20-30¢ bucket at game start (2026-06-09)?
Sooth_QGen#74a9a8f66f8f	Will the Kalshi YES mid-market price for Baltimore (Baltimore vs Toronto) land in the 70-80¢ bucket at game start (2026-06-05)?
Sooth_QGen#74afb6ed4b12	Will the Kalshi YES mid-market price for Philadelphia (Philadelphia vs Milwaukee) land in the 20-30¢ bucket at game start (2026-06-13)?
Sooth_QGen#74b0d6258fcb	Will the Kalshi YES mid-market price for Arizona (Will Arizona win the Arizona vs Los Angeles C Pro Football game) land in the 40-50¢ bucket at game start (2026-09-13)?
Sooth_QGen#74c7c9ac3c5a	Will the Kalshi YES mid-market price for Baltimore (Seattle vs Baltimore) land in the 0-10¢ bucket at game start (2026-06-11)?
Sooth_QGen#74ea12760e7b	Will the Kalshi YES mid-market price for Houston (A's vs Houston) land in the 60-70¢ bucket at game start (2026-06-07)?
Sooth_QGen#74ea18f1283b	Will the Kalshi YES mid-market price for A's (Colorado vs A's) land in the 10-20¢ bucket at game start (2026-06-13)?
Sooth_QGen#74ead988fca5	Will the Kalshi YES mid-market price for Chicago C (Chicago C vs Colorado) land in the 50-60¢ bucket at game start (2026-06-11)?
Sooth_QGen#750471470dec	Will the Kalshi YES mid-market price for Pittsburgh (Pittsburgh vs Atlanta) land in the 20-30¢ bucket at game start (2026-06-07)?
Sooth_QGen#7508c105b17d	Will the Kalshi YES mid-market price for Kansas City (Houston vs Kansas City) land in the 70-80¢ bucket at game start (2026-06-14)?
Sooth_QGen#7512791700b7	Will the Kalshi YES mid-market price for New York Y (New York Y vs Cleveland) land in the 40-50¢ bucket at game start (2026-06-08)?
Sooth_QGen#7515994f083a	Will the Kalshi YES mid-market price for Minnesota (Will Minnesota win the Green Bay vs Minnesota Pro Football game) land in the 40-50¢ bucket at game start (2026-09-13)?
Sooth_QGen#7517d28ffccf	Will the Kalshi YES mid-market price for Washington (Seattle vs Washington) land in the 70-80¢ bucket at game start (2026-06-12)?
Sooth_QGen#7527817dad29	Will the Kalshi YES mid-market price for Los Angeles A (Los Angeles A vs Los Angeles D) land in the 10-20¢ bucket at game start (2026-06-07)?
Sooth_QGen#75293a0c9671	Will the Kalshi YES mid-market price for Detroit (Detroit vs Cleveland) land in the 50-60¢ bucket at game start (2026-06-12)?
Sooth_QGen#7532de2a8c27	Will the Kalshi YES mid-market price for San Antonio (Game 3: San Antonio at New York) land in the 70-80¢ bucket at game start (2026-06-09)?
Sooth_QGen#753c41d7b74d	Will the Kalshi YES mid-market price for Chicago C (Chicago C vs St. Louis) land in the 70-80¢ bucket at game start (2026-05-29)?
Sooth_QGen#754bc60d50c5	Will the Kalshi YES mid-market price for New Orleans (Will New Orleans win the New Orleans vs Detroit Pro Football game) land in the 80-90¢ bucket at game start (2026-09-13)?
Sooth_QGen#75590b3d0f8d	Will the Kalshi YES mid-market price for Colorado (Colorado vs Los Angeles A) land in the 50-60¢ bucket at game start (2026-06-02)?
Sooth_QGen#756239edb869	Will the Kalshi YES mid-market price for Milwaukee (Milwaukee vs Houston) land in the 10-20¢ bucket at game start (2026-05-31)?
Sooth_QGen#756f95b89a5c	Will the Kalshi YES mid-market price for San Diego (Cincinnati vs San Diego) land in the 60-70¢ bucket at game start (2026-06-10)?
Sooth_QGen#75714992717c	Will the Kalshi YES mid-market price for Colorado (San Francisco vs Colorado) land in the 80-90¢ bucket at game start (2026-05-31)?
Sooth_QGen#75720a6bfc6e	Will the Kalshi YES mid-market price for Atlanta (Atlanta vs Chicago WS) land in the 40-50¢ bucket at game start (2026-06-09)?
Sooth_QGen#757701c46807	Will the Kalshi YES mid-market price for Colorado (Colorado vs A's) land in the 0-10¢ bucket at game start (2026-06-14)?
Sooth_QGen#758f7a0c3bab	Will the Kalshi YES mid-market price for New York M (Atlanta vs New York M) land in the 30-40¢ bucket at game start (2026-06-12)?
Sooth_QGen#75af5d184e46	Will the Kalshi YES mid-market price for Kansas City (Kansas City vs Minnesota) land in the 90-100¢ bucket at game start (2026-06-07)?
Sooth_QGen#75bee5f5d5cb	Will the Kalshi YES mid-market price for Miami (Miami vs Philadelphia) land in the 30-40¢ bucket at game start (2026-06-15)?
Sooth_QGen#75c5ef3ec5da	Will the Kalshi YES mid-market price for Philadelphia (Philadelphia vs Toronto) land in the 30-40¢ bucket at game start (2026-06-10)?
Sooth_QGen#75c97b5f897d	Will the Kalshi YES mid-market price for Cincinnati (Atlanta vs Cincinnati) land in the 40-50¢ bucket at game start (2026-05-31)?
Sooth_QGen#75e05776e7eb	Will the Kalshi YES mid-market price for Philadelphia (Chicago WS vs Philadelphia) land in the 80-90¢ bucket at game start (2026-06-06)?
Sooth_QGen#75e648516698	Will the Kalshi YES mid-market price for A's (New York Y vs A's) land in the 80-90¢ bucket at game start (2026-05-31)?
Sooth_QGen#75ede2a246a5	Will the Kalshi YES mid-market price for Minnesota (St. Louis vs Minnesota) land in the 50-60¢ bucket at game start (2026-06-14)?
Sooth_QGen#76009455e020	Will the Kalshi YES mid-market price for Texas (Texas vs Kansas City) land in the 60-70¢ bucket at game start (2026-06-11)?
Sooth_QGen#762181271420	Will the Kalshi YES mid-market price for Cleveland (Cleveland vs Texas) land in the 90-100¢ bucket at game start (2026-06-06)?
Sooth_QGen#765c2e50e74e	Will the Kalshi YES mid-market price for Texas (Texas vs Kansas City) land in the 60-70¢ bucket at game start (2026-06-10)?
Sooth_QGen#766ec36b7edb	Will the Kalshi YES mid-market price for Pittsburgh (Pittsburgh vs Atlanta) land in the 30-40¢ bucket at game start (2026-06-06)?
Sooth_QGen#7685b5be093f	Will the Kalshi YES mid-market price for Cincinnati (Will Cincinnati win the Tampa Bay vs Cincinnati Pro Football game) land in the 90-100¢ bucket at game start (2026-09-13)?
Sooth_QGen#769b5c74d867	Will the Kalshi YES mid-market price for Seattle (Seattle vs A's) land in the 10-20¢ bucket at game start (2026-05-27)?
Sooth_QGen#76bd080c773c	Will the Kalshi YES mid-market price for New York Y (Boston vs New York Y) land in the 30-40¢ bucket at game start (2026-06-06)?
Sooth_QGen#76df39000c26	Will the Kalshi YES mid-market price for San Diego (San Diego vs Washington) land in the 70-80¢ bucket at game start (2026-05-29)?
Sooth_QGen#76e6ad38077f	Will the Kalshi YES mid-market price for San Diego (New York M vs San Diego) land in the 50-60¢ bucket at game start (2026-06-06)?
Sooth_QGen#76e73be6fd66	Will the Kalshi YES mid-market price for Boston (Boston vs Tampa Bay) land in the 0-10¢ bucket at game start (2026-06-10)?
Sooth_QGen#76eef8d7098e	Will the Kalshi YES mid-market price for Seattle (Arizona vs Seattle) land in the 10-20¢ bucket at game start (2026-05-31)?
Sooth_QGen#76f195916707	Will the Kalshi YES mid-market price for Philadelphia (San Diego vs Philadelphia) land in the 60-70¢ bucket at game start (2026-06-02)?
Sooth_QGen#76f5304b21b9	Will the Kalshi YES mid-market price for Baltimore (Seattle vs Baltimore) land in the 50-60¢ bucket at game start (2026-06-11)?
Sooth_QGen#7700f76b9be5	Will the Kalshi YES mid-market price for Tampa Bay (Los Angeles A vs Tampa Bay) land in the 0-10¢ bucket at game start (2026-05-31)?
Sooth_QGen#771789d012ae	Will the Kalshi YES mid-market price for Kansas City (Houston vs Kansas City) land in the 70-80¢ bucket at game start (2026-06-13)?
Sooth_QGen#772bf58b2bf2	Will the Kalshi YES mid-market price for Baltimore (Baltimore vs Boston) land in the 80-90¢ bucket at game start (2026-06-02)?
Sooth_QGen#774d5642f5b7	Will the Kalshi YES mid-market price for Washington (Washington vs Arizona) land in the 50-60¢ bucket at game start (2026-06-06)?
Sooth_QGen#774fd6db282c	Will the Kalshi YES mid-market price for Arizona (Los Angeles D vs Arizona) land in the 20-30¢ bucket at game start (2026-06-03)?
Sooth_QGen#77500abb01c7	Will the Kalshi YES mid-market price for Kansas City (Houston vs Kansas City) land in the 20-30¢ bucket at game start (2026-06-14)?
Sooth_QGen#775026933ee4	Will the Kalshi YES mid-market price for Milwaukee (Milwaukee vs Houston) land in the 0-10¢ bucket at game start (2026-05-31)?
Sooth_QGen#7757e56ef3b5	Will the Kalshi YES mid-market price for New York Y (Boston vs New York Y) land in the 90-100¢ bucket at game start (2026-06-07)?
Sooth_QGen#7768fcd869ce	Will the Kalshi YES mid-market price for San Francisco (Chicago C vs San Francisco) land in the 0-10¢ bucket at game start (2026-06-14)?
Sooth_QGen#776c43c87bd7	Will the Kalshi YES mid-market price for Atlanta (Toronto vs Atlanta) land in the 30-40¢ bucket at game start (2026-06-03)?
Sooth_QGen#776e934dc337	Will the Kalshi YES mid-market price for Texas (Texas vs Kansas City) land in the 70-80¢ bucket at game start (2026-06-11)?
Sooth_QGen#777c65d7c5b8	Will the Kalshi YES mid-market price for Chicago C (Chicago C vs St. Louis) land in the 70-80¢ bucket at game start (2026-05-30)?
Sooth_QGen#7784843c7442	Will the Kalshi YES mid-market price for Cincinnati (Cincinnati vs San Diego) land in the 20-30¢ bucket at game start (2026-06-10)?
Sooth_QGen#77a3bc1c4f50	Will the Kalshi YES mid-market price for Arizona (Arizona vs Miami) land in the 40-50¢ bucket at game start (2026-06-11)?
Sooth_QGen#77a72a3057a9	Will the Kalshi YES mid-market price for San Diego (Philadelphia vs San Diego) land in the 50-60¢ bucket at game start (2026-05-27)?
Sooth_QGen#77ac92854601	Will the Kalshi YES mid-market price for Houston (A's vs Houston) land in the 60-70¢ bucket at game start (2026-06-06)?
Sooth_QGen#77b18f79dcf3	Will the Kalshi YES mid-market price for Houston (Houston vs Los Angeles A) land in the 20-30¢ bucket at game start (2026-06-10)?
Sooth_QGen#77beedf4bcfb	Will the Kalshi YES mid-market price for Houston (Pittsburgh vs Houston) land in the 70-80¢ bucket at game start (2026-06-03)?
Sooth_QGen#77cc99e1b104	Will the Kalshi YES mid-market price for Washington (Miami vs Washington) land in the 10-20¢ bucket at game start (2026-06-01)?
Sooth_QGen#77d027308638	Will the Kalshi YES mid-market price for Atlanta (Atlanta vs Cincinnati) land in the 90-100¢ bucket at game start (2026-05-31)?
Sooth_QGen#77dbf32e6cd5	Will the Kalshi YES mid-market price for Boston (Baltimore vs Boston) land in the 30-40¢ bucket at game start (2026-06-02)?
Sooth_QGen#77f9e40b474e	Will the Kalshi YES mid-market price for Toronto (Baltimore vs Toronto) land in the 10-20¢ bucket at game start (2026-06-06)?
Sooth_QGen#781ada002282	Will the Kalshi YES mid-market price for Tennessee (Will Tennessee win the New York J vs Tennessee Pro Football game) land in the 70-80¢ bucket at game start (2026-09-13)?
Sooth_QGen#781d7143f458	Will the Kalshi YES mid-market price for Arizona (Los Angeles D vs Arizona) land in the 20-30¢ bucket at game start (2026-06-04)?
Sooth_QGen#782a06abd23a	Will the Kalshi YES mid-market price for VGK Golden Knights (Game 4: Carolina at Vegas) land in the 0-10¢ bucket at game start (2026-06-10)?
Sooth_QGen#782b5a4c7f6d	Will the Kalshi YES mid-market price for Detroit (Detroit vs Tampa Bay) land in the 0-10¢ bucket at game start (2026-06-01)?
Sooth_QGen#782d1026c9c5	Will the Kalshi YES mid-market price for MTL Canadiens (Game 5: Montreal at Carolina) land in the 20-30¢ bucket at game start (2026-05-30)?
Sooth_QGen#783986e11ffe	Will the Kalshi YES mid-market price for San Diego (Philadelphia vs San Diego) land in the 30-40¢ bucket at game start (2026-05-27)?
Sooth_QGen#784f56d0928f	Will the Kalshi YES mid-market price for Kansas City (Kansas City vs Minnesota) land in the 20-30¢ bucket at game start (2026-06-07)?
Sooth_QGen#785cd2269849	Will the Kalshi YES mid-market price for New York M (Miami vs New York M) land in the 90-100¢ bucket at game start (2026-05-31)?
Sooth_QGen#7892b5b5947b	Will the Kalshi YES mid-market price for Baltimore (Baltimore vs Boston) land in the 80-90¢ bucket at game start (2026-06-03)?
Sooth_QGen#78c929750b1b	Will the Kalshi YES mid-market price for Baltimore (Seattle vs Baltimore) land in the 50-60¢ bucket at game start (2026-06-08)?
Sooth_QGen#78d71aae14d2	Will the Kalshi YES mid-market price for Colorado (San Francisco vs Colorado) land in the 60-70¢ bucket at game start (2026-05-30)?
Sooth_QGen#78d77ad1183f	Will the Kalshi YES mid-market price for Philadelphia (Will Philadelphia win the Washington vs Philadelphia Pro Football game) land in the 0-10¢ bucket at game start (2026-09-13)?
Sooth_QGen#78e5940ed004	Will the Kalshi YES mid-market price for Washington (Washington vs Cleveland) land in the 30-40¢ bucket at game start (2026-05-27)?
Sooth_QGen#78ecdb5ee60e	Will the Kalshi YES mid-market price for CAR Hurricanes (Game 2: Vegas at Carolina) land in the 10-20¢ bucket at game start (2026-06-05)?
Sooth_QGen#78fb88f1f6d9	Will the Kalshi YES mid-market price for Houston (Pittsburgh vs Houston) land in the 30-40¢ bucket at game start (2026-06-03)?
Sooth_QGen#791052d2fafb	Will the Kalshi YES mid-market price for Miami (Miami vs Toronto) land in the 60-70¢ bucket at game start (2026-05-27)?
Sooth_QGen#791442b21d31	Will the Kalshi YES mid-market price for New York M (St. Louis vs New York M) land in the 60-70¢ bucket at game start (2026-06-11)?
Sooth_QGen#7939f4eb1712	Will the Kalshi YES mid-market price for Seattle (Seattle vs Washington) land in the 40-50¢ bucket at game start (2026-06-13)?
Sooth_QGen#794360399a4f	Will the Kalshi YES mid-market price for Chicago (Will Chicago win the Chicago vs Carolina Pro Football game) land in the 60-70¢ bucket at game start (2026-09-13)?
Sooth_QGen#79755c7ef0ee	Will the Kalshi YES mid-market price for Boston (Boston vs Cleveland) land in the 0-10¢ bucket at game start (2026-05-30)?
Sooth_QGen#797c328e805e	Will the Kalshi YES mid-market price for Miami (Miami vs Washington) land in the 40-50¢ bucket at game start (2026-06-02)?
Sooth_QGen#7985edbca283	Will the Kalshi YES mid-market price for Colorado (Colorado vs A's) land in the 60-70¢ bucket at game start (2026-06-14)?
Sooth_QGen#7993e04a0600	Will the Kalshi YES mid-market price for Pittsburgh (Minnesota vs Pittsburgh) land in the 30-40¢ bucket at game start (2026-05-31)?
Sooth_QGen#79b20bdd4fff	Will the Kalshi YES mid-market price for Houston (Milwaukee vs Houston) land in the 80-90¢ bucket at game start (2026-05-31)?
Sooth_QGen#79b2291a33a2	Will the Kalshi YES mid-market price for Milwaukee (Philadelphia vs Milwaukee) land in the 40-50¢ bucket at game start (2026-06-12)?
Sooth_QGen#79ca9d1c7fc8	Will the Kalshi YES mid-market price for Boston (Boston vs Tampa Bay) land in the 80-90¢ bucket at game start (2026-06-08)?
Sooth_QGen#79d92f535b68	Will the Kalshi YES mid-market price for Los Angeles D (Los Angeles D vs Arizona) land in the 60-70¢ bucket at game start (2026-06-02)?
Sooth_QGen#79dbfc8fda1a	Will the Kalshi YES mid-market price for St. Louis (St. Louis vs Minnesota) land in the 0-10¢ bucket at game start (2026-06-13)?
Sooth_QGen#79e232230690	Will the Kalshi YES mid-market price for Baltimore (Seattle vs Baltimore) land in the 70-80¢ bucket at game start (2026-06-09)?
Sooth_QGen#79e3b5b3ec5a	Will the Kalshi YES mid-market price for CAR Hurricanes (Game 4: Carolina at Vegas) land in the 0-10¢ bucket at game start (2026-06-10)?
Sooth_QGen#79e79d643257	Will the Kalshi YES mid-market price for Cincinnati (Kansas City vs Cincinnati) land in the 60-70¢ bucket at game start (2026-06-03)?
Sooth_QGen#79e84561e223	Will the Kalshi YES mid-market price for Washington (San Diego vs Washington) land in the 70-80¢ bucket at game start (2026-05-31)?
Sooth_QGen#79e922ad0937	Will the Kalshi YES mid-market price for Arizona (Washington vs Arizona) land in the 30-40¢ bucket at game start (2026-06-06)?
Sooth_QGen#79ffc0a57054	Will the Kalshi YES mid-market price for Philadelphia (Chicago WS vs Philadelphia) land in the 0-10¢ bucket at game start (2026-06-07)?
Sooth_QGen#7a1a6fae497a	Will the Kalshi YES mid-market price for Los Angeles D (Los Angeles D vs Chicago WS) land in the 10-20¢ bucket at game start (2026-06-12)?
Sooth_QGen#7a1f515b6e0c	Will the Kalshi YES mid-market price for Pittsburgh (Minnesota vs Pittsburgh) land in the 20-30¢ bucket at game start (2026-05-30)?
Sooth_QGen#7a4653017105	Will the Kalshi YES mid-market price for Milwaukee (Milwaukee vs A's) land in the 50-60¢ bucket at game start (2026-06-10)?
Sooth_QGen#7a4ade413a2c	Will the Kalshi YES mid-market price for Los Angeles D (Tampa Bay vs Los Angeles D) land in the 90-100¢ bucket at game start (2026-06-16)?
Sooth_QGen#7a6428881d48	Will the Kalshi YES mid-market price for Washington (Miami vs Washington) land in the 60-70¢ bucket at game start (2026-06-01)?
Sooth_QGen#7a776f7491c9	Will the Kalshi YES mid-market price for Philadelphia (Chicago WS vs Philadelphia) land in the 70-80¢ bucket at game start (2026-06-07)?
Sooth_QGen#7a78a9729cbd	Will the Kalshi YES mid-market price for Philadelphia (Philadelphia vs Toronto) land in the 80-90¢ bucket at game start (2026-06-08)?
Sooth_QGen#7a7ea94a3aaa	Will the Kalshi YES mid-market price for Los Angeles A (Los Angeles A vs Arizona) land in the 20-30¢ bucket at game start (2026-06-16)?
Sooth_QGen#7aa6722eea0e	Will the Kalshi YES mid-market price for Cleveland (Detroit vs Cleveland) land in the 50-60¢ bucket at game start (2026-06-14)?
Sooth_QGen#7ab2abcffd96	Will the Kalshi YES mid-market price for Washington (Washington vs Arizona) land in the 40-50¢ bucket at game start (2026-06-07)?
Sooth_QGen#7ac0ecba169f	Will the Kalshi YES mid-market price for Los Angeles A (Colorado vs Los Angeles A) land in the 60-70¢ bucket at game start (2026-06-02)?
Sooth_QGen#7ac417e16673	Will the Kalshi YES mid-market price for Las Vegas (Will Las Vegas win the Miami vs Las Vegas Pro Football game) land in the 80-90¢ bucket at game start (2026-09-13)?
Sooth_QGen#7acded954af3	Will the Kalshi YES mid-market price for Arizona (Washington vs Arizona) land in the 0-10¢ bucket at game start (2026-06-06)?
Sooth_QGen#7ad958846821	Will the Kalshi YES mid-market price for Washington (Will Washington win the Washington vs Philadelphia Pro Football game) land in the 60-70¢ bucket at game start (2026-09-13)?
Sooth_QGen#7af4ba6e00a0	Will the Kalshi YES mid-market price for Texas (Kansas City vs Texas) land in the 20-30¢ bucket at game start (2026-05-30)?
Sooth_QGen#7af9ddba4afe	Will the Kalshi YES mid-market price for New England (Will New England win the New England vs Seattle Pro Football game) land in the 0-10¢ bucket at game start (2026-09-09)?
Sooth_QGen#7afabcfa24bb	Will the Kalshi YES mid-market price for Miami (Miami vs New York M) land in the 30-40¢ bucket at game start (2026-05-29)?
Sooth_QGen#7b05eb9526b1	Will the Kalshi YES mid-market price for Kansas City (Texas vs Kansas City) land in the 60-70¢ bucket at game start (2026-06-10)?
Sooth_QGen#7b090471e8be	Will the Kalshi YES mid-market price for Los Angeles A (Los Angeles A vs Arizona) land in the 30-40¢ bucket at game start (2026-06-16)?
Sooth_QGen#7b186c6d371c	Will the Kalshi YES mid-market price for New York M (New York M vs San Diego) land in the 90-100¢ bucket at game start (2026-06-07)?
Sooth_QGen#7b1aec60fe55	Will the Kalshi YES mid-market price for New York M (St. Louis vs New York M) land in the 20-30¢ bucket at game start (2026-06-09)?
Sooth_QGen#7b3189bc2924	Will the Kalshi YES mid-market price for Seattle (Arizona vs Seattle) land in the 40-50¢ bucket at game start (2026-05-31)?
Sooth_QGen#7b478bc2f359	Will the Kalshi YES mid-market price for Houston (Milwaukee vs Houston) land in the 20-30¢ bucket at game start (2026-05-31)?
Sooth_QGen#7b4b71629f41	Will the Kalshi YES mid-market price for Texas (Texas vs Kansas City) land in the 50-60¢ bucket at game start (2026-06-11)?
Sooth_QGen#7b4dfbc15ac1	Will the Kalshi YES mid-market price for Seattle (Seattle vs Washington) land in the 60-70¢ bucket at game start (2026-06-14)?
Sooth_QGen#7b52a8e3ebad	Will the Kalshi YES mid-market price for Seattle (Seattle vs Detroit) land in the 40-50¢ bucket at game start (2026-06-05)?
Sooth_QGen#7b5561fac0eb	Will the Kalshi YES mid-market price for New York M (New York M vs Seattle) land in the 60-70¢ bucket at game start (2026-06-02)?
Sooth_QGen#7b5d53d7cb59	Will the Kalshi YES mid-market price for Atlanta (Toronto vs Atlanta) land in the 20-30¢ bucket at game start (2026-06-04)?
Sooth_QGen#7b700e80200e	Will the Kalshi YES mid-market price for San Diego (San Diego vs Washington) land in the 20-30¢ bucket at game start (2026-05-29)?
Sooth_QGen#7b7c9c84c4f5	Will the Kalshi YES mid-market price for Toronto (Philadelphia vs Toronto) land in the 90-100¢ bucket at game start (2026-06-09)?
Sooth_QGen#7b863cc95654	Will the Kalshi YES mid-market price for Atlanta (Will Atlanta win the Atlanta vs Pittsburgh Pro Football game) land in the 40-50¢ bucket at game start (2026-09-13)?
Sooth_QGen#7b91868f4c5c	Will the Kalshi YES mid-market price for Miami (Miami vs Pittsburgh) land in the 80-90¢ bucket at game start (2026-06-12)?
Sooth_QGen#7babbf25ce77	Will the Kalshi YES mid-market price for Colorado (San Francisco vs Colorado) land in the 90-100¢ bucket at game start (2026-05-31)?
Sooth_QGen#7bad2c074aed	Will the Kalshi YES mid-market price for Arizona (Los Angeles A vs Arizona) land in the 90-100¢ bucket at game start (2026-06-16)?
Sooth_QGen#7bba732a7c26	Will the Kalshi YES mid-market price for Texas (Minnesota vs Texas) land in the 30-40¢ bucket at game start (2026-06-16)?
Sooth_QGen#7bbd2438ac29	Will the Kalshi YES mid-market price for Kansas City (Kansas City vs Minnesota) land in the 70-80¢ bucket at game start (2026-06-06)?
Sooth_QGen#7bcc31912a7f	Will the Kalshi YES mid-market price for Cleveland (Detroit vs Cleveland) land in the 70-80¢ bucket at game start (2026-06-14)?
Sooth_QGen#7bd775ec4860	Will the Kalshi YES mid-market price for Atlanta (Atlanta vs Cincinnati) land in the 70-80¢ bucket at game start (2026-05-31)?
Sooth_QGen#7be09a2e9f76	Will the Kalshi YES mid-market price for Toronto (Baltimore vs Toronto) land in the 10-20¢ bucket at game start (2026-06-07)?
Sooth_QGen#7bf020c64338	Will the Kalshi YES mid-market price for Cincinnati (Cincinnati vs San Diego) land in the 20-30¢ bucket at game start (2026-06-10)?
Sooth_QGen#7bf1776dc6ee	Will the Kalshi YES mid-market price for Cincinnati (Atlanta vs Cincinnati) land in the 0-10¢ bucket at game start (2026-05-31)?
Sooth_QGen#7bf2895a2caa	Will the Kalshi YES mid-market price for Colorado (Colorado vs A's) land in the 80-90¢ bucket at game start (2026-06-14)?
Sooth_QGen#7bf31579be52	Will the Kalshi YES mid-market price for Texas (Texas vs Kansas City) land in the 80-90¢ bucket at game start (2026-06-11)?
Sooth_QGen#7bfed792285c	Will the Kalshi YES mid-market price for New York (Game 5: New York at San Antonio) land in the 0-10¢ bucket at game start (2026-06-14)?
Sooth_QGen#7c025c052a65	Will the Kalshi YES mid-market price for Milwaukee (Milwaukee vs A's) land in the 50-60¢ bucket at game start (2026-06-11)?
Sooth_QGen#7c0e1f846eea	Will the Kalshi YES mid-market price for Chicago WS (Los Angeles D vs Chicago WS) land in the 10-20¢ bucket at game start (2026-06-14)?
Sooth_QGen#7c18ec05fbb0	Will the Kalshi YES mid-market price for San Francisco (Chicago C vs San Francisco) land in the 30-40¢ bucket at game start (2026-06-13)?
Sooth_QGen#7c25793479b6	Will the Kalshi YES mid-market price for Boston (Boston vs Cleveland) land in the 10-20¢ bucket at game start (2026-05-29)?
Sooth_QGen#7c2d4e37cae0	Will the Kalshi YES mid-market price for A's (Milwaukee vs A's) land in the 10-20¢ bucket at game start (2026-06-10)?
Sooth_QGen#7c3d6c12fe2a	Will the Kalshi YES mid-market price for Miami (Miami vs New York M) land in the 10-20¢ bucket at game start (2026-05-30)?
Sooth_QGen#7c40a2f0e6a3	Will the Kalshi YES mid-market price for Kansas City (Kansas City vs Cincinnati) land in the 60-70¢ bucket at game start (2026-06-03)?
Sooth_QGen#7c434064a27c	Will the Kalshi YES mid-market price for VGK Golden Knights (Game 5: Vegas at Carolina) land in the 50-60¢ bucket at game start (2026-06-12)?
Sooth_QGen#7c4544259135	Will the Kalshi YES mid-market price for New York (Game 2: New York at San Antonio) land in the 80-90¢ bucket at game start (2026-06-06)?
Sooth_QGen#7c49b6c5d786	Will the Kalshi YES mid-market price for Seattle (New York M vs Seattle) land in the 30-40¢ bucket at game start (2026-06-03)?
Sooth_QGen#7c68196eae34	Will the Kalshi YES mid-market price for Cleveland (Cleveland vs New York Y) land in the 20-30¢ bucket at game start (2026-06-04)?
Sooth_QGen#7c71ccd53f41	Will the Kalshi YES mid-market price for Cincinnati (Kansas City vs Cincinnati) land in the 30-40¢ bucket at game start (2026-06-01)?
Sooth_QGen#7c7e555431ae	Will the Kalshi YES mid-market price for Chicago C (A's vs Chicago C) land in the 60-70¢ bucket at game start (2026-06-04)?
Sooth_QGen#7ca3a5730c41	Will the Kalshi YES mid-market price for Los Angeles D (Los Angeles A vs Los Angeles D) land in the 80-90¢ bucket at game start (2026-06-06)?
Sooth_QGen#7cc53610d55c	Will the Kalshi YES mid-market price for Chicago C (Chicago C vs San Francisco) land in the 70-80¢ bucket at game start (2026-06-13)?
Sooth_QGen#7cc773ae397c	Will the Kalshi YES mid-market price for Chicago WS (Chicago WS vs Minnesota) land in the 0-10¢ bucket at game start (2026-06-02)?
Sooth_QGen#7cc79c2e5ffe	Will the Kalshi YES mid-market price for Minnesota (Kansas City vs Minnesota) land in the 70-80¢ bucket at game start (2026-06-06)?
Sooth_QGen#7cd05bbf2228	Will the Kalshi YES mid-market price for Washington (Seattle vs Washington) land in the 30-40¢ bucket at game start (2026-06-13)?
Sooth_QGen#7cd69a91cb26	Will the Kalshi YES mid-market price for Cleveland (Boston vs Cleveland) land in the 0-10¢ bucket at game start (2026-05-29)?
Sooth_QGen#7ce8853cf150	Will the Kalshi YES mid-market price for Cincinnati (Kansas City vs Cincinnati) land in the 0-10¢ bucket at game start (2026-06-01)?
Sooth_QGen#7cf99de080c4	Will the Kalshi YES mid-market price for Milwaukee (Milwaukee vs Colorado) land in the 60-70¢ bucket at game start (2026-06-07)?
Sooth_QGen#7cfdd7e477f6	Will the Kalshi YES mid-market price for Miami (Miami vs New York M) land in the 90-100¢ bucket at game start (2026-05-29)?
Sooth_QGen#7d1bca9fae08	Will the Kalshi YES mid-market price for San Francisco (Arizona vs San Francisco) land in the 40-50¢ bucket at game start (2026-05-27)?
Sooth_QGen#7d1c48839dce	Will the Kalshi YES mid-market price for Pittsburgh (Los Angeles D vs Pittsburgh) land in the 90-100¢ bucket at game start (2026-06-10)?
Sooth_QGen#7d2a7e3b2218	Will the Kalshi YES mid-market price for Cleveland (Detroit vs Cleveland) land in the 0-10¢ bucket at game start (2026-06-13)?
Sooth_QGen#7d312746b211	Will the Kalshi YES mid-market price for Toronto (Philadelphia vs Toronto) land in the 60-70¢ bucket at game start (2026-06-09)?
Sooth_QGen#7d38fd7cdf48	Will the Kalshi YES mid-market price for Kansas City (Houston vs Kansas City) land in the 60-70¢ bucket at game start (2026-06-13)?
Sooth_QGen#7d3919913a4a	Will the Kalshi YES mid-market price for Texas (Kansas City vs Texas) land in the 60-70¢ bucket at game start (2026-05-30)?
Sooth_QGen#7d4e0c7a9bde	Will the Kalshi YES mid-market price for Tampa Bay (Boston vs Tampa Bay) land in the 0-10¢ bucket at game start (2026-06-10)?
Sooth_QGen#7d5692c941ff	Will the Kalshi YES mid-market price for Philadelphia (Will Philadelphia win the Washington vs Philadelphia Pro Football game) land in the 90-100¢ bucket at game start (2026-09-13)?
Sooth_QGen#7d920f15de87	Will the Kalshi YES mid-market price for Cincinnati (New York M vs Cincinnati) land in the 50-60¢ bucket at game start (2026-06-15)?
Sooth_QGen#7daafc677b89	Will the Kalshi YES mid-market price for Cleveland (Detroit vs Cleveland) land in the 20-30¢ bucket at game start (2026-06-14)?
Sooth_QGen#7db5a9a4af9f	Will the Kalshi YES mid-market price for Washington (Kansas City vs Washington) land in the 60-70¢ bucket at game start (2026-06-15)?
Sooth_QGen#7dbdf895a3d6	Will the Kalshi YES mid-market price for San Diego (San Diego vs Baltimore) land in the 20-30¢ bucket at game start (2026-06-14)?
Sooth_QGen#7dcc420a97f0	Will the Kalshi YES mid-market price for New York Y (New York Y vs Toronto) land in the 60-70¢ bucket at game start (2026-06-13)?
Sooth_QGen#7de064ac505c	Will the Kalshi YES mid-market price for San Francisco (Chicago C vs San Francisco) land in the 20-30¢ bucket at game start (2026-06-13)?
Sooth_QGen#7dee4662db1a	Will the Kalshi YES mid-market price for San Diego (San Diego vs Philadelphia) land in the 70-80¢ bucket at game start (2026-06-04)?
Sooth_QGen#7df0fb4aa3bc	Will the Kalshi YES mid-market price for Baltimore (San Diego vs Baltimore) land in the 20-30¢ bucket at game start (2026-06-14)?
Sooth_QGen#7df11c446825	Will the Kalshi YES mid-market price for New York Y (New York Y vs Toronto) land in the 50-60¢ bucket at game start (2026-06-13)?
Sooth_QGen#7df7a77c6dc9	Will the Kalshi YES mid-market price for Los Angeles D (Los Angeles D vs Chicago WS) land in the 60-70¢ bucket at game start (2026-06-14)?
Sooth_QGen#7dfaa2f04e49	Will the Kalshi YES mid-market price for New York Y (New York Y vs Toronto) land in the 10-20¢ bucket at game start (2026-06-14)?
Sooth_QGen#7dfc40b019e8	Will the Kalshi YES mid-market price for Cincinnati (Arizona vs Cincinnati) land in the 10-20¢ bucket at game start (2026-06-13)?
Sooth_QGen#7dfe4e7bcb61	Will the Kalshi YES mid-market price for Minnesota (Minnesota vs Detroit) land in the 90-100¢ bucket at game start (2026-06-09)?
Sooth_QGen#7dff7e912616	Will the Kalshi YES mid-market price for Philadelphia (Miami vs Philadelphia) land in the 20-30¢ bucket at game start (2026-06-15)?
Sooth_QGen#7e06e5d8ca59	Will the Kalshi YES mid-market price for Los Angeles A (Houston vs Los Angeles A) land in the 0-10¢ bucket at game start (2026-06-11)?
Sooth_QGen#7e0a1770e69d	Will the Kalshi YES mid-market price for A's (Colorado vs A's) land in the 70-80¢ bucket at game start (2026-06-14)?
Sooth_QGen#7e19b55cd05f	Will the Kalshi YES mid-market price for Chicago C (Chicago C vs St. Louis) land in the 50-60¢ bucket at game start (2026-05-31)?
Sooth_QGen#7e1ff82639d7	Will the Kalshi YES mid-market price for Los Angeles D (Los Angeles D vs Chicago WS) land in the 40-50¢ bucket at game start (2026-06-13)?
Sooth_QGen#7e3578599a32	Will the Kalshi YES mid-market price for New York Y (New York Y vs A's) land in the 20-30¢ bucket at game start (2026-05-30)?
Sooth_QGen#7e40e24477b8	Will the Kalshi YES mid-market price for Los Angeles A (Los Angeles A vs Tampa Bay) land in the 60-70¢ bucket at game start (2026-05-30)?
Sooth_QGen#7e40ecb8d80f	Will the Kalshi YES mid-market price for Washington (Washington vs Cleveland) land in the 90-100¢ bucket at game start (2026-05-27)?
Sooth_QGen#7e5fab5376fa	Will the Kalshi YES mid-market price for A's (New York Y vs A's) land in the 80-90¢ bucket at game start (2026-05-30)?
Sooth_QGen#7e70f520d4d8	Will the Kalshi YES mid-market price for Atlanta (Pittsburgh vs Atlanta) land in the 20-30¢ bucket at game start (2026-06-06)?
Sooth_QGen#7e794d10ec31	Will the Kalshi YES mid-market price for Tampa Bay (Tampa Bay vs Miami) land in the 80-90¢ bucket at game start (2026-06-05)?
Sooth_QGen#7e7b646445a1	Will the Kalshi YES mid-market price for Kansas City (Kansas City vs Cincinnati) land in the 0-10¢ bucket at game start (2026-06-03)?
Sooth_QGen#7e848c03930c	Will the Kalshi YES mid-market price for Kansas City (Kansas City vs Minnesota) land in the 0-10¢ bucket at game start (2026-06-06)?
Sooth_QGen#7e98c0bd2e7c	Will the Kalshi YES mid-market price for Minnesota (Minnesota vs Pittsburgh) land in the 70-80¢ bucket at game start (2026-05-31)?
Sooth_QGen#7e9ae07b6342	Will the Kalshi YES mid-market price for Philadelphia (Philadelphia vs Milwaukee) land in the 30-40¢ bucket at game start (2026-06-14)?
Sooth_QGen#7ec5e2d8a117	Will the Kalshi YES mid-market price for Colorado (Colorado vs Chicago C) land in the 70-80¢ bucket at game start (2026-06-16)?
Sooth_QGen#7ed0b81cc020	Will the Kalshi YES mid-market price for Miami (Will Miami win the Miami vs Las Vegas Pro Football game) land in the 0-10¢ bucket at game start (2026-09-13)?
Sooth_QGen#7ee2cd56681e	Will the Kalshi YES mid-market price for Los Angeles A (Los Angeles A vs Los Angeles D) land in the 20-30¢ bucket at game start (2026-06-07)?
Sooth_QGen#7ef38ad0ad50	Will the Kalshi YES mid-market price for Baltimore (Baltimore vs Toronto) land in the 30-40¢ bucket at game start (2026-06-05)?
Sooth_QGen#7f02eacb5aab	Will the Kalshi YES mid-market price for Cleveland (Boston vs Cleveland) land in the 0-10¢ bucket at game start (2026-05-31)?
Sooth_QGen#7f06c56cc870	Will the Kalshi YES mid-market price for Cincinnati (Atlanta vs Cincinnati) land in the 10-20¢ bucket at game start (2026-05-29)?
Sooth_QGen#7f112d21eaff	Will the Kalshi YES mid-market price for Kansas City (Kansas City vs Minnesota) land in the 10-20¢ bucket at game start (2026-06-06)?
Sooth_QGen#7f1178b24813	Will the Kalshi YES mid-market price for Cleveland (New York Y vs Cleveland) land in the 30-40¢ bucket at game start (2026-06-10)?
Sooth_QGen#7f2798102665	Will the Kalshi YES mid-market price for Miami (Miami vs Toronto) land in the 40-50¢ bucket at game start (2026-05-27)?
Sooth_QGen#7f364aa5bb4e	Will the Kalshi YES mid-market price for New York Y (New York Y vs A's) land in the 80-90¢ bucket at game start (2026-05-30)?
Sooth_QGen#7f3935b03521	Will the Kalshi YES mid-market price for Los Angeles A (Tampa Bay vs Los Angeles A) land in the 50-60¢ bucket at game start (2026-06-14)?
Sooth_QGen#7f52ffc58cec	Will the Kalshi YES mid-market price for Houston (Will Houston win the Buffalo vs Houston Pro Football game) land in the 0-10¢ bucket at game start (2026-09-13)?
Sooth_QGen#7f5b6977ecd6	Will the Kalshi YES mid-market price for CAR Hurricanes (Game 2: Vegas at Carolina) land in the 80-90¢ bucket at game start (2026-06-05)?
Sooth_QGen#7f796f3241e3	Will the Kalshi YES mid-market price for San Francisco (San Francisco vs Milwaukee) land in the 40-50¢ bucket at game start (2026-06-01)?
Sooth_QGen#7f7e5e3ec859	Will the Kalshi YES mid-market price for Texas (Texas vs Boston) land in the 20-30¢ bucket at game start (2026-06-12)?
Sooth_QGen#7f8ae4e8ecff	Will the Kalshi YES mid-market price for New York M (St. Louis vs New York M) land in the 40-50¢ bucket at game start (2026-06-10)?
Sooth_QGen#7f9c6c2a5626	Will the Kalshi YES mid-market price for New York Y (Cleveland vs New York Y) land in the 10-20¢ bucket at game start (2026-06-04)?
Sooth_QGen#7fadc736e9a4	Will the Kalshi YES mid-market price for Toronto (Toronto vs Atlanta) land in the 10-20¢ bucket at game start (2026-06-04)?
Sooth_QGen#7fc2e860e914	Will the Kalshi YES mid-market price for Arizona (Los Angeles D vs Arizona) land in the 30-40¢ bucket at game start (2026-06-04)?
Sooth_QGen#7fc303355cce	Will the Kalshi YES mid-market price for San Francisco (Chicago C vs San Francisco) land in the 80-90¢ bucket at game start (2026-06-14)?
Sooth_QGen#7fd8907207d5	Will the Kalshi YES mid-market price for New York M (New York M vs San Diego) land in the 70-80¢ bucket at game start (2026-06-07)?
Sooth_QGen#7fd890fba126	Will the Kalshi YES mid-market price for Washington (Washington vs San Francisco) land in the 30-40¢ bucket at game start (2026-06-09)?
Sooth_QGen#7fde3928f57c	Will the Kalshi YES mid-market price for Philadelphia (Miami vs Philadelphia) land in the 0-10¢ bucket at game start (2026-06-15)?
Sooth_QGen#7fe9a544b57f	Will the Kalshi YES mid-market price for San Diego (San Diego vs Washington) land in the 50-60¢ bucket at game start (2026-05-30)?
Sooth_QGen#80012005ee1b	Will the Kalshi YES mid-market price for Detroit (Minnesota vs Detroit) land in the 90-100¢ bucket at game start (2026-06-09)?
Sooth_QGen#8024b4f9e5ee	Will the Kalshi YES mid-market price for Los Angeles D (Los Angeles D vs Arizona) land in the 10-20¢ bucket at game start (2026-06-02)?
Sooth_QGen#8048e01cff90	Will the Kalshi YES mid-market price for Arizona (Arizona vs Seattle) land in the 60-70¢ bucket at game start (2026-05-31)?
Sooth_QGen#804b275d899e	Will the Kalshi YES mid-market price for Minnesota (Minnesota vs Detroit) land in the 0-10¢ bucket at game start (2026-06-10)?
Sooth_QGen#804ccd46c18c	Will the Kalshi YES mid-market price for Philadelphia (Philadelphia vs Milwaukee) land in the 80-90¢ bucket at game start (2026-06-12)?
Sooth_QGen#804dd3c24d4d	Will the Kalshi YES mid-market price for VGK Golden Knights (Game 6: Carolina at Vegas) land in the 90-100¢ bucket at game start (2026-06-15)?
Sooth_QGen#805709e0aa60	Will the Kalshi YES mid-market price for Milwaukee (Milwaukee vs Houston) land in the 70-80¢ bucket at game start (2026-05-30)?
Sooth_QGen#806448447159	Will the Kalshi YES mid-market price for Houston (Houston vs Los Angeles A) land in the 70-80¢ bucket at game start (2026-06-11)?
Sooth_QGen#8069e7acdb60	Will the Kalshi YES mid-market price for Cleveland (Boston vs Cleveland) land in the 70-80¢ bucket at game start (2026-05-29)?
Sooth_QGen#808019daf966	Will the Kalshi YES mid-market price for Milwaukee (Milwaukee vs A's) land in the 70-80¢ bucket at game start (2026-06-09)?
Sooth_QGen#80821d093f9d	Will the Kalshi YES mid-market price for Pittsburgh (Los Angeles D vs Pittsburgh) land in the 10-20¢ bucket at game start (2026-06-10)?
Sooth_QGen#808b4a2d4cf1	Will the Kalshi YES mid-market price for Alexander Zverev (Will Alexander Zverev win the Mensik vs Zverev: Semifinal match) land in the 40-50¢ bucket at game start (2026-06-05)?
Sooth_QGen#8098463c6525	Will the Kalshi YES mid-market price for Cincinnati (Cincinnati vs St. Louis) land in the 40-50¢ bucket at game start (2026-06-06)?
Sooth_QGen#80d567bfd120	Will the Kalshi YES mid-market price for Houston (Houston vs Kansas City) land in the 80-90¢ bucket at game start (2026-06-13)?
Sooth_QGen#80eb754b49d6	Will the Kalshi YES mid-market price for Chicago WS (Atlanta vs Chicago WS) land in the 60-70¢ bucket at game start (2026-06-11)?
Sooth_QGen#80f1b1f58354	Will the Kalshi YES mid-market price for Kansas City (Houston vs Kansas City) land in the 30-40¢ bucket at game start (2026-06-13)?
Sooth_QGen#80f8d193fb44	Will the Kalshi YES mid-market price for Atlanta (Atlanta vs Chicago WS) land in the 50-60¢ bucket at game start (2026-06-11)?
Sooth_QGen#810bfcbdeed8	Will the Kalshi YES mid-market price for CAR Hurricanes (Game 3: Carolina at Vegas) land in the 80-90¢ bucket at game start (2026-06-07)?
Sooth_QGen#8119f8b99d9c	Will the Kalshi YES mid-market price for Carolina (Will Carolina win the Chicago vs Carolina Pro Football game) land in the 0-10¢ bucket at game start (2026-09-13)?
Sooth_QGen#811b36aed277	Will the Kalshi YES mid-market price for Detroit (Detroit vs Tampa Bay) land in the 60-70¢ bucket at game start (2026-06-02)?
Sooth_QGen#8131e451a940	Will the Kalshi YES mid-market price for Kansas City (Texas vs Kansas City) land in the 10-20¢ bucket at game start (2026-06-09)?
Sooth_QGen#813b1d5bdcee	Will the Kalshi YES mid-market price for Chicago C (San Francisco vs Chicago C) land in the 90-100¢ bucket at game start (2026-06-08)?
Sooth_QGen#8155bb23c63b	Will the Kalshi YES mid-market price for Tampa Bay (Tampa Bay vs Miami) land in the 10-20¢ bucket at game start (2026-06-06)?
Sooth_QGen#8155bc76d3cc	Will the Kalshi YES mid-market price for Baltimore (San Diego vs Baltimore) land in the 30-40¢ bucket at game start (2026-06-13)?
Sooth_QGen#8162211cef8b	Will the Kalshi YES mid-market price for Houston (Pittsburgh vs Houston) land in the 80-90¢ bucket at game start (2026-06-03)?
Sooth_QGen#818f94aabe55	Will the Kalshi YES mid-market price for Pittsburgh (Minnesota vs Pittsburgh) land in the 80-90¢ bucket at game start (2026-05-29)?
Sooth_QGen#819fc8b45c10	Will the Kalshi YES mid-market price for St. Louis (Texas vs St. Louis) land in the 50-60¢ bucket at game start (2026-06-03)?
Sooth_QGen#81a5613dc88c	Will the Kalshi YES mid-market price for Detroit (Detroit vs Cleveland) land in the 80-90¢ bucket at game start (2026-06-12)?
Sooth_QGen#81bc91dd5539	Will the Kalshi YES mid-market price for Colorado (Colorado vs A's) land in the 40-50¢ bucket at game start (2026-06-13)?
Sooth_QGen#81c2e963e215	Will the Kalshi YES mid-market price for Atlanta (Pittsburgh vs Atlanta) land in the 0-10¢ bucket at game start (2026-06-06)?
Sooth_QGen#81d4d3503ea5	Will the Kalshi YES mid-market price for Colorado (Colorado vs A's) land in the 70-80¢ bucket at game start (2026-06-13)?
Sooth_QGen#81ea49c9546a	Will the Kalshi YES mid-market price for Miami (Miami vs Toronto) land in the 50-60¢ bucket at game start (2026-05-27)?
Sooth_QGen#82039e61ebba	Will the Kalshi YES mid-market price for A's (New York Y vs A's) land in the 10-20¢ bucket at game start (2026-05-30)?
Sooth_QGen#823f317c31d2	Will the Kalshi YES mid-market price for Washington (Will Washington win the Washington vs Philadelphia Pro Football game) land in the 50-60¢ bucket at game start (2026-09-13)?
Sooth_QGen#824f3c7988b6	Will the Kalshi YES mid-market price for VGK Golden Knights (Game 3: Carolina at Vegas) land in the 40-50¢ bucket at game start (2026-06-07)?
Sooth_QGen#8253e1d54834	Will the Kalshi YES mid-market price for Washington (Washington vs San Francisco) land in the 70-80¢ bucket at game start (2026-06-10)?
Sooth_QGen#825bb7f52533	Will the Kalshi YES mid-market price for Chicago C (Chicago C vs San Francisco) land in the 30-40¢ bucket at game start (2026-06-13)?
Sooth_QGen#82732af60413	Will the Kalshi YES mid-market price for Chicago C (Chicago C vs Colorado) land in the 10-20¢ bucket at game start (2026-06-11)?
Sooth_QGen#82807e7ca36b	Will the Kalshi YES mid-market price for Texas (Texas vs Kansas City) land in the 30-40¢ bucket at game start (2026-06-09)?
Sooth_QGen#828d9a6b8b8d	Will the Kalshi YES mid-market price for Milwaukee (San Francisco vs Milwaukee) land in the 40-50¢ bucket at game start (2026-06-03)?
Sooth_QGen#828efc60878c	Will the Kalshi YES mid-market price for Miami (Miami vs Pittsburgh) land in the 50-60¢ bucket at game start (2026-06-13)?
Sooth_QGen#829cae11d804	Will the Kalshi YES mid-market price for MTL Canadiens (Game 5: Montreal at Carolina) land in the 30-40¢ bucket at game start (2026-05-30)?
Sooth_QGen#82a01bbdf0d6	Will the Kalshi YES mid-market price for Cincinnati (Arizona vs Cincinnati) land in the 40-50¢ bucket at game start (2026-06-14)?
Sooth_QGen#82a6c224226f	Will the Kalshi YES mid-market price for Milwaukee (Milwaukee vs Houston) land in the 10-20¢ bucket at game start (2026-05-30)?
Sooth_QGen#82a773045ff6	Will the Kalshi YES mid-market price for A's (A's vs Chicago C) land in the 40-50¢ bucket at game start (2026-06-04)?
Sooth_QGen#82ad9ead63ae	Will the Kalshi YES mid-market price for Los Angeles A (Colorado vs Los Angeles A) land in the 50-60¢ bucket at game start (2026-06-02)?
Sooth_QGen#82be6f3fa1ef	Will the Kalshi YES mid-market price for A's (Pittsburgh vs A's) land in the 70-80¢ bucket at game start (2026-06-16)?
Sooth_QGen#82bee81489d4	Will the Kalshi YES mid-market price for Pittsburgh (Miami vs Pittsburgh) land in the 0-10¢ bucket at game start (2026-06-14)?
Sooth_QGen#82cdedaef0f1	Will the Kalshi YES mid-market price for Los Angeles A (Tampa Bay vs Los Angeles A) land in the 30-40¢ bucket at game start (2026-06-14)?
Sooth_QGen#82de607da62c	Will the Kalshi YES mid-market price for Philadelphia (Philadelphia vs Milwaukee) land in the 10-20¢ bucket at game start (2026-06-13)?
Sooth_QGen#82df0f9d50f0	Will the Kalshi YES mid-market price for Kansas City (Kansas City vs Texas) land in the 20-30¢ bucket at game start (2026-05-31)?
Sooth_QGen#82ed86116219	Will the Kalshi YES mid-market price for Washington (San Diego vs Washington) land in the 60-70¢ bucket at game start (2026-05-30)?
Sooth_QGen#83083193fbf0	Will the Kalshi YES mid-market price for Arizona (Arizona vs Seattle) land in the 70-80¢ bucket at game start (2026-05-31)?
Sooth_QGen#831b2530229b	Will the Kalshi YES mid-market price for Los Angeles D (Los Angeles D vs Chicago WS) land in the 30-40¢ bucket at game start (2026-06-14)?
Sooth_QGen#8325edb7c95f	Will the Kalshi YES mid-market price for St. Louis (Cincinnati vs St. Louis) land in the 50-60¢ bucket at game start (2026-06-07)?
Sooth_QGen#8343c2541c88	Will the Kalshi YES mid-market price for VGK Golden Knights (Game 6: Carolina at Vegas) land in the 10-20¢ bucket at game start (2026-06-15)?
Sooth_QGen#8356db177864	Will the Kalshi YES mid-market price for Pittsburgh (Pittsburgh vs Atlanta) land in the 10-20¢ bucket at game start (2026-06-07)?
Sooth_QGen#835f2f0486d8	Will the Kalshi YES mid-market price for Washington (Washington vs Arizona) land in the 10-20¢ bucket at game start (2026-06-07)?
Sooth_QGen#83932484bb40	Will the Kalshi YES mid-market price for Jakub Mensik (Will Jakub Mensik win the Mensik vs Zverev: Semifinal match) land in the 90-100¢ bucket at game start (2026-06-05)?
Sooth_QGen#8398111a19cf	Will the Kalshi YES mid-market price for Detroit (Detroit vs Tampa Bay) land in the 90-100¢ bucket at game start (2026-06-02)?
Sooth_QGen#839de6b3a878	Will the Kalshi YES mid-market price for Chicago C (Chicago C vs Colorado) land in the 50-60¢ bucket at game start (2026-06-10)?
Sooth_QGen#83a84ed5c6c0	Will the Kalshi YES mid-market price for Chicago WS (Chicago WS vs Philadelphia) land in the 70-80¢ bucket at game start (2026-06-05)?
Sooth_QGen#83aa6579944e	Will the Kalshi YES mid-market price for St. Louis (Chicago C vs St. Louis) land in the 30-40¢ bucket at game start (2026-05-31)?
Sooth_QGen#83b33b608b0b	Will the Kalshi YES mid-market price for Kansas City (Kansas City vs Minnesota) land in the 0-10¢ bucket at game start (2026-06-06)?
Sooth_QGen#83ce5f5df9e3	Will the Kalshi YES mid-market price for Texas (Texas vs Kansas City) land in the 50-60¢ bucket at game start (2026-06-09)?
Sooth_QGen#83d6a6077b68	Will the Kalshi YES mid-market price for Chicago WS (Chicago WS vs Philadelphia) land in the 0-10¢ bucket at game start (2026-06-07)?
Sooth_QGen#83e74a5a8ffc	Will the Kalshi YES mid-market price for Detroit (Minnesota vs Detroit) land in the 10-20¢ bucket at game start (2026-06-11)?
Sooth_QGen#83ead7dfce21	Will the Kalshi YES mid-market price for Arizona (Arizona vs Cincinnati) land in the 80-90¢ bucket at game start (2026-06-13)?
Sooth_QGen#8401006533b1	Will the Kalshi YES mid-market price for Kansas City (Houston vs Kansas City) land in the 10-20¢ bucket at game start (2026-06-13)?
Sooth_QGen#84091683627c	Will the Kalshi YES mid-market price for A's (A's vs Houston) land in the 40-50¢ bucket at game start (2026-06-07)?
Sooth_QGen#8420e1f814af	Will the Kalshi YES mid-market price for Chicago C (Chicago C vs Colorado) land in the 60-70¢ bucket at game start (2026-06-10)?
Sooth_QGen#8436da25f99d	Will the Kalshi YES mid-market price for Boston (Boston vs Cleveland) land in the 70-80¢ bucket at game start (2026-05-30)?
Sooth_QGen#847140a822cc	Will the Kalshi YES mid-market price for Los Angeles A (Los Angeles A vs Tampa Bay) land in the 90-100¢ bucket at game start (2026-05-31)?
Sooth_QGen#8473df83b277	Will the Kalshi YES mid-market price for Pittsburgh (Pittsburgh vs Houston) land in the 90-100¢ bucket at game start (2026-06-04)?
Sooth_QGen#848252508b01	Will the Kalshi YES mid-market price for Texas (Texas vs Boston) land in the 20-30¢ bucket at game start (2026-06-13)?
Sooth_QGen#84898a29b47a	Will the Kalshi YES mid-market price for Atlanta (Atlanta vs New York M) land in the 60-70¢ bucket at game start (2026-06-13)?
Sooth_QGen#848e91f92b38	Will the Kalshi YES mid-market price for San Antonio (Game 1: New York at San Antonio) land in the 40-50¢ bucket at game start (2026-06-04)?
Sooth_QGen#848f692b7536	Will the Kalshi YES mid-market price for Milwaukee (Milwaukee vs A's) land in the 90-100¢ bucket at game start (2026-06-10)?
Sooth_QGen#848fbabf4737	Will the Kalshi YES mid-market price for Seattle (Seattle vs Baltimore) land in the 10-20¢ bucket at game start (2026-06-10)?
Sooth_QGen#849c395df30e	Will the Kalshi YES mid-market price for San Francisco (San Francisco vs Colorado) land in the 70-80¢ bucket at game start (2026-05-30)?
Sooth_QGen#849c6235b8ae	Will the Kalshi YES mid-market price for San Francisco (San Francisco vs Colorado) land in the 80-90¢ bucket at game start (2026-05-31)?
Sooth_QGen#84c35cce76d0	Will the Kalshi YES mid-market price for San Francisco (San Francisco vs Colorado) land in the 60-70¢ bucket at game start (2026-05-31)?
Sooth_QGen#84cfe524f4c5	Will the Kalshi YES mid-market price for Kansas City (Kansas City vs Texas) land in the 80-90¢ bucket at game start (2026-05-30)?
Sooth_QGen#84d1bd2cbba9	Will the Kalshi YES mid-market price for Tampa Bay (Tampa Bay vs Miami) land in the 30-40¢ bucket at game start (2026-06-05)?
Sooth_QGen#84d9da80128a	Will the Kalshi YES mid-market price for Pittsburgh (Minnesota vs Pittsburgh) land in the 80-90¢ bucket at game start (2026-05-30)?
Sooth_QGen#84e83819e18f	Will the Kalshi YES mid-market price for San Antonio (Game 4: San Antonio at New York) land in the 90-100¢ bucket at game start (2026-06-11)?
Sooth_QGen#84e92eb97566	Will the Kalshi YES mid-market price for Atlanta (Atlanta vs Cincinnati) land in the 50-60¢ bucket at game start (2026-05-30)?
Sooth_QGen#84f3543aa939	Will the Kalshi YES mid-market price for Pittsburgh (Los Angeles D vs Pittsburgh) land in the 30-40¢ bucket at game start (2026-06-09)?
Sooth_QGen#850a7d5be3e1	Will the Kalshi YES mid-market price for Cleveland (Cleveland vs Texas) land in the 30-40¢ bucket at game start (2026-06-06)?
Sooth_QGen#851da9e6e9bd	Will the Kalshi YES mid-market price for Los Angeles D (Tampa Bay vs Los Angeles D) land in the 70-80¢ bucket at game start (2026-06-16)?
Sooth_QGen#8521a6f52844	Will the Kalshi YES mid-market price for Seattle (New York M vs Seattle) land in the 60-70¢ bucket at game start (2026-06-02)?
Sooth_QGen#852ed7ed1fd4	Will the Kalshi YES mid-market price for Atlanta (Pittsburgh vs Atlanta) land in the 50-60¢ bucket at game start (2026-06-06)?
Sooth_QGen#854893abfa4c	Will the Kalshi YES mid-market price for Cleveland (Cleveland vs New York Y) land in the 10-20¢ bucket at game start (2026-06-03)?
Sooth_QGen#855b7767d2d8	Will the Kalshi YES mid-market price for Tennessee (Will Tennessee win the New York J vs Tennessee Pro Football game) land in the 50-60¢ bucket at game start (2026-09-13)?
Sooth_QGen#85637eac1c17	Will the Kalshi YES mid-market price for Minnesota (Kansas City vs Minnesota) land in the 70-80¢ bucket at game start (2026-06-07)?
Sooth_QGen#85649ea3fc30	Will the Kalshi YES mid-market price for Cleveland (Detroit vs Cleveland) land in the 20-30¢ bucket at game start (2026-06-12)?
Sooth_QGen#8569d8f34c43	Will the Kalshi YES mid-market price for Boston (Texas vs Boston) land in the 70-80¢ bucket at game start (2026-06-14)?
Sooth_QGen#85735581ac89	Will the Kalshi YES mid-market price for Detroit (Minnesota vs Detroit) land in the 60-70¢ bucket at game start (2026-06-10)?
Sooth_QGen#8583bdf91f37	Will the Kalshi YES mid-market price for Colorado (Chicago C vs Colorado) land in the 70-80¢ bucket at game start (2026-06-11)?
Sooth_QGen#8588d322e9e3	Will the Kalshi YES mid-market price for Seattle (Seattle vs Washington) land in the 70-80¢ bucket at game start (2026-06-12)?
Sooth_QGen#859e6f878020	Will the Kalshi YES mid-market price for Baltimore (Toronto vs Baltimore) land in the 60-70¢ bucket at game start (2026-05-30)?
Sooth_QGen#85a1c262ea4c	Will the Kalshi YES mid-market price for San Francisco (San Francisco vs Chicago C) land in the 50-60¢ bucket at game start (2026-06-05)?
Sooth_QGen#85a5077633b4	Will the Kalshi YES mid-market price for Texas (Cleveland vs Texas) land in the 40-50¢ bucket at game start (2026-06-06)?
Sooth_QGen#85abf746fb20	Will the Kalshi YES mid-market price for Houston (Pittsburgh vs Houston) land in the 80-90¢ bucket at game start (2026-06-04)?
Sooth_QGen#85acd797dc40	Will the Kalshi YES mid-market price for San Diego (San Diego vs Baltimore) land in the 20-30¢ bucket at game start (2026-06-13)?
Sooth_QGen#85c749f4130c	Will the Kalshi YES mid-market price for Seattle (Seattle vs Detroit) land in the 0-10¢ bucket at game start (2026-06-06)?
Sooth_QGen#85c7ff311a42	Will the Kalshi YES mid-market price for New York M (New York M vs San Diego) land in the 30-40¢ bucket at game start (2026-06-07)?
Sooth_QGen#85c8d1f929b8	Will the Kalshi YES mid-market price for San Francisco (Washington vs San Francisco) land in the 40-50¢ bucket at game start (2026-06-09)?
Sooth_QGen#85c912a06307	Will the Kalshi YES mid-market price for Miami (Arizona vs Miami) land in the 40-50¢ bucket at game start (2026-06-11)?
Sooth_QGen#85dd6999679e	Will the Kalshi YES mid-market price for Atlanta (Toronto vs Atlanta) land in the 90-100¢ bucket at game start (2026-06-02)?
Sooth_QGen#85f4e799793b	Will the Kalshi YES mid-market price for Texas (Texas vs Kansas City) land in the 90-100¢ bucket at game start (2026-06-09)?
Sooth_QGen#85fb82a3ae5c	Will the Kalshi YES mid-market price for Seattle (Will Seattle win the New England vs Seattle Pro Football game) land in the 50-60¢ bucket at game start (2026-09-09)?
Sooth_QGen#86024f888ab3	Will the Kalshi YES mid-market price for St. Louis (Texas vs St. Louis) land in the 0-10¢ bucket at game start (2026-06-01)?
Sooth_QGen#861cdcfc138e	Will the Kalshi YES mid-market price for Los Angeles A (Los Angeles A vs Tampa Bay) land in the 40-50¢ bucket at game start (2026-05-29)?
Sooth_QGen#8626a2daccdf	Will the Kalshi YES mid-market price for Arizona (Arizona vs Cincinnati) land in the 80-90¢ bucket at game start (2026-06-12)?
Sooth_QGen#862955eeacf4	Will the Kalshi YES mid-market price for Pittsburgh (Miami vs Pittsburgh) land in the 80-90¢ bucket at game start (2026-06-14)?
Sooth_QGen#862cc81ede6e	Will the Kalshi YES mid-market price for New York J (Will New York J win the New York J vs Tennessee Pro Football game) land in the 0-10¢ bucket at game start (2026-09-13)?
Sooth_QGen#862d913d8bb8	Will the Kalshi YES mid-market price for San Francisco (San Francisco vs Chicago C) land in the 90-100¢ bucket at game start (2026-06-06)?
Sooth_QGen#864174dc482e	Will the Kalshi YES mid-market price for Tampa Bay (Boston vs Tampa Bay) land in the 20-30¢ bucket at game start (2026-06-10)?
Sooth_QGen#86468f0181fc	Will the Kalshi YES mid-market price for Chicago WS (Chicago WS vs Minnesota) land in the 30-40¢ bucket at game start (2026-06-01)?
Sooth_QGen#8646eaadc20f	Will the Kalshi YES mid-market price for Cincinnati (Cincinnati vs San Diego) land in the 50-60¢ bucket at game start (2026-06-10)?
Sooth_QGen#864f23fcd21c	Will the Kalshi YES mid-market price for St. Louis (St. Louis vs New York M) land in the 80-90¢ bucket at game start (2026-06-10)?
Sooth_QGen#865a00872fb8	Will the Kalshi YES mid-market price for Los Angeles D (Philadelphia vs Los Angeles D) land in the 40-50¢ bucket at game start (2026-05-31)?
Sooth_QGen#865e2159eea9	Will the Kalshi YES mid-market price for Kansas City (Kansas City vs Cincinnati) land in the 70-80¢ bucket at game start (2026-06-01)?
Sooth_QGen#866d3f42c48a	Will the Kalshi YES mid-market price for Boston (Texas vs Boston) land in the 10-20¢ bucket at game start (2026-06-12)?
Sooth_QGen#8671d28f84af	Will the Kalshi YES mid-market price for New York M (St. Louis vs New York M) land in the 60-70¢ bucket at game start (2026-06-09)?
Sooth_QGen#86790994e771	Will the Kalshi YES mid-market price for Green Bay (Will Green Bay win the Green Bay vs Minnesota Pro Football game) land in the 70-80¢ bucket at game start (2026-09-13)?
Sooth_QGen#8683b5108843	Will the Kalshi YES mid-market price for Tampa Bay (Boston vs Tampa Bay) land in the 60-70¢ bucket at game start (2026-06-10)?
Sooth_QGen#868d8b972968	Will the Kalshi YES mid-market price for Houston (Houston vs Kansas City) land in the 40-50¢ bucket at game start (2026-06-14)?
Sooth_QGen#8692b9ca435e	Will the Kalshi YES mid-market price for Arizona (Washington vs Arizona) land in the 70-80¢ bucket at game start (2026-06-06)?
Sooth_QGen#8695ccd7625e	Will the Kalshi YES mid-market price for Toronto (Toronto vs Atlanta) land in the 50-60¢ bucket at game start (2026-06-04)?
Sooth_QGen#8698e0bf49bb	Will the Kalshi YES mid-market price for CAR Hurricanes (Game 2: Vegas at Carolina) land in the 60-70¢ bucket at game start (2026-06-05)?
Sooth_QGen#86a403261bd4	Will the Kalshi YES mid-market price for Cincinnati (Atlanta vs Cincinnati) land in the 40-50¢ bucket at game start (2026-05-29)?
Sooth_QGen#86a4fb147b9f	Will the Kalshi YES mid-market price for Chicago C (Chicago C vs Colorado) land in the 90-100¢ bucket at game start (2026-06-11)?
Sooth_QGen#86b23ee9c41a	Will the Kalshi YES mid-market price for Atlanta (Pittsburgh vs Atlanta) land in the 40-50¢ bucket at game start (2026-06-06)?
Sooth_QGen#86ced56ad649	Will the Kalshi YES mid-market price for Los Angeles D (Los Angeles D vs Chicago WS) land in the 0-10¢ bucket at game start (2026-06-14)?
Sooth_QGen#86d583c5360d	Will the Kalshi YES mid-market price for Philadelphia (Philadelphia vs Toronto) land in the 30-40¢ bucket at game start (2026-06-08)?
Sooth_QGen#86dd85a43ed0	Will the Kalshi YES mid-market price for Colorado (Chicago C vs Colorado) land in the 0-10¢ bucket at game start (2026-06-11)?
Sooth_QGen#86e073150474	Will the Kalshi YES mid-market price for Cincinnati (Arizona vs Cincinnati) land in the 40-50¢ bucket at game start (2026-06-13)?
Sooth_QGen#86e677ce8a9d	Will the Kalshi YES mid-market price for Philadelphia (Philadelphia vs Milwaukee) land in the 50-60¢ bucket at game start (2026-06-13)?
Sooth_QGen#86f2418f1901	Will the Kalshi YES mid-market price for Washington (Seattle vs Washington) land in the 70-80¢ bucket at game start (2026-06-14)?
Sooth_QGen#870b9dc7624e	Will the Kalshi YES mid-market price for Texas (Texas vs Boston) land in the 30-40¢ bucket at game start (2026-06-14)?
Sooth_QGen#8712f078865c	Will the Kalshi YES mid-market price for Miami (Miami vs Pittsburgh) land in the 20-30¢ bucket at game start (2026-06-12)?
Sooth_QGen#871566e9283f	Will the Kalshi YES mid-market price for Milwaukee (Milwaukee vs Colorado) land in the 90-100¢ bucket at game start (2026-06-07)?
Sooth_QGen#872825a8389c	Will the Kalshi YES mid-market price for Los Angeles D (Tampa Bay vs Los Angeles D) land in the 20-30¢ bucket at game start (2026-06-16)?
Sooth_QGen#87326b09bac6	Will the Kalshi YES mid-market price for Milwaukee (Milwaukee vs Houston) land in the 30-40¢ bucket at game start (2026-05-30)?
Sooth_QGen#87346d7ea556	Will the Kalshi YES mid-market for Tampa Bay Rays ML be ≥ 50¢ at first pitch vs. Baltimore Orioles on May 25?
Sooth_QGen#8745b58e4979	Will the Kalshi YES mid-market price for Houston (A's vs Houston) land in the 90-100¢ bucket at game start (2026-06-06)?
Sooth_QGen#87480441f875	Will the Kalshi YES mid-market price for San Francisco (San Francisco vs Chicago C) land in the 80-90¢ bucket at game start (2026-06-06)?
Sooth_QGen#874908ecd76b	Will the Kalshi YES mid-market price for Los Angeles A (Colorado vs Los Angeles A) land in the 90-100¢ bucket at game start (2026-06-02)?
Sooth_QGen#874cb4cae361	Will the Kalshi YES mid-market price for Arizona (Arizona vs Miami) land in the 70-80¢ bucket at game start (2026-06-11)?
Sooth_QGen#8757ec25fe5e	Will the Kalshi YES mid-market price for New York M (New York M vs San Diego) land in the 50-60¢ bucket at game start (2026-06-07)?
Sooth_QGen#875afe923e7c	Will the Kalshi YES mid-market price for Seattle (New York M vs Seattle) land in the 70-80¢ bucket at game start (2026-06-03)?
Sooth_QGen#8767ca25ad25	Will the Kalshi YES mid-market price for St. Louis (St. Louis vs Minnesota) land in the 70-80¢ bucket at game start (2026-06-13)?
Sooth_QGen#876b2ea0e4c9	Will the Kalshi YES mid-market price for Texas (Texas vs Kansas City) land in the 40-50¢ bucket at game start (2026-06-09)?
Sooth_QGen#876c557c289a	Will the Kalshi YES mid-market price for VGK Golden Knights (Game 6: Carolina at Vegas) land in the 80-90¢ bucket at game start (2026-06-15)?
Sooth_QGen#876d5c96169c	Will the Kalshi YES mid-market price for Baltimore (Baltimore vs Boston) land in the 50-60¢ bucket at game start (2026-06-04)?
Sooth_QGen#876e9fa8fa16	Will the Kalshi YES mid-market price for Jacksonville (Will Jacksonville win the Cleveland vs Jacksonville Pro Football game) land in the 40-50¢ bucket at game start (2026-09-13)?
Sooth_QGen#877275e68af1	Will the Kalshi YES mid-market price for Arizona (Arizona vs Miami) land in the 10-20¢ bucket at game start (2026-06-09)?
Sooth_QGen#87794fc8014a	Will the Kalshi YES mid-market price for Miami (Miami vs New York M) land in the 50-60¢ bucket at game start (2026-05-31)?
Sooth_QGen#877ce4b06bae	Will the Kalshi YES mid-market price for Philadelphia (Chicago WS vs Philadelphia) land in the 80-90¢ bucket at game start (2026-06-07)?
Sooth_QGen#879c7cce6db3	Will the Kalshi YES mid-market price for Colorado (San Francisco vs Colorado) land in the 10-20¢ bucket at game start (2026-05-31)?
Sooth_QGen#87a672f87354	Will the Kalshi YES mid-market price for Kansas City (Kansas City vs Minnesota) land in the 90-100¢ bucket at game start (2026-06-06)?
Sooth_QGen#87b7dcdc9731	Will the Kalshi YES mid-market price for Boston (Boston vs New York Y) land in the 60-70¢ bucket at game start (2026-06-05)?
Sooth_QGen#87bba63481f7	Will the Kalshi YES mid-market price for Los Angeles A (Tampa Bay vs Los Angeles A) land in the 40-50¢ bucket at game start (2026-06-13)?
Sooth_QGen#87e96d0da9a6	Will the Kalshi YES mid-market price for Kansas City (Kansas City vs Minnesota) land in the 80-90¢ bucket at game start (2026-06-06)?
Sooth_QGen#881039aa38a1	Will the Kalshi YES mid-market price for Arizona (Los Angeles D vs Arizona) land in the 50-60¢ bucket at game start (2026-06-03)?
Sooth_QGen#8817ef0ae412	Will the Kalshi YES mid-market price for San Diego (San Diego vs Washington) land in the 90-100¢ bucket at game start (2026-05-29)?
Sooth_QGen#882496463cb5	Will the Kalshi YES mid-market price for Seattle (Seattle vs Washington) land in the 10-20¢ bucket at game start (2026-06-12)?
Sooth_QGen#882a427939d4	Will the Kalshi YES mid-market price for Minnesota (Minnesota vs Pittsburgh) land in the 50-60¢ bucket at game start (2026-05-29)?
Sooth_QGen#8833e97e0d26	Will the Kalshi YES mid-market price for Seattle (New York M vs Seattle) land in the 90-100¢ bucket at game start (2026-06-02)?
Sooth_QGen#883505245241	Will the Kalshi YES mid-market price for Cleveland (Washington vs Cleveland) land in the 90-100¢ bucket at game start (2026-05-27)?
Sooth_QGen#883c1bfc6d02	Will the Kalshi YES mid-market price for Seattle (Seattle vs Washington) land in the 40-50¢ bucket at game start (2026-06-12)?
Sooth_QGen#883c257545ad	Will the Kalshi YES mid-market price for Philadelphia (Will Philadelphia win the Washington vs Philadelphia Pro Football game) land in the 30-40¢ bucket at game start (2026-09-13)?
Sooth_QGen#8840cdf86a2e	Will the Kalshi YES mid-market price for Cincinnati (Arizona vs Cincinnati) land in the 60-70¢ bucket at game start (2026-06-14)?
Sooth_QGen#8850a7a1f032	Will the Kalshi YES mid-market price for New York M (New York M vs San Diego) land in the 80-90¢ bucket at game start (2026-06-07)?
Sooth_QGen#8857b112f70e	Will the Kalshi YES mid-market price for A's (New York Y vs A's) land in the 30-40¢ bucket at game start (2026-05-30)?
Sooth_QGen#8860aee54e59	Will the Kalshi YES mid-market price for San Diego (Cincinnati vs San Diego) land in the 10-20¢ bucket at game start (2026-06-09)?
Sooth_QGen#8872d19cbbb3	Will the Kalshi YES mid-market price for A's (Milwaukee vs A's) land in the 50-60¢ bucket at game start (2026-06-10)?
Sooth_QGen#8884ede5ed6d	Will the Kalshi YES mid-market price for Cleveland (New York Y vs Cleveland) land in the 40-50¢ bucket at game start (2026-06-09)?
Sooth_QGen#889f49ca2b94	Will the Kalshi YES mid-market price for Cincinnati (Arizona vs Cincinnati) land in the 70-80¢ bucket at game start (2026-06-13)?
Sooth_QGen#88abbf9f9aa4	Will the Kalshi YES mid-market price for New York Y (New York Y vs A's) land in the 50-60¢ bucket at game start (2026-05-30)?
Sooth_QGen#88b646b4a9fa	Will the Kalshi YES mid-market price for Milwaukee (Milwaukee vs Houston) land in the 10-20¢ bucket at game start (2026-05-30)?
Sooth_QGen#88bad62d9e32	Will the Kalshi YES mid-market price for Los Angeles D (Philadelphia vs Los Angeles D) land in the 20-30¢ bucket at game start (2026-05-31)?
Sooth_QGen#88c85596545d	Will the Kalshi YES mid-market price for Atlanta (Pittsburgh vs Atlanta) land in the 80-90¢ bucket at game start (2026-06-06)?
Sooth_QGen#88d87d4b06cf	Will the Kalshi YES mid-market price for VGK Golden Knights (Game 2: Vegas at Carolina) land in the 70-80¢ bucket at game start (2026-06-05)?
Sooth_QGen#88df1f542a85	Will the Kalshi YES mid-market price for New York Y (New York Y vs A's) land in the 30-40¢ bucket at game start (2026-05-31)?
Sooth_QGen#88ed48ad4e76	Will the Kalshi YES mid-market price for Houston (Houston vs Kansas City) land in the 50-60¢ bucket at game start (2026-06-14)?
Sooth_QGen#88f730ae1f39	Will the Kalshi YES mid-market price for Tampa Bay (Los Angeles A vs Tampa Bay) land in the 60-70¢ bucket at game start (2026-05-30)?
Sooth_QGen#88f92062fe06	Will the Kalshi YES mid-market price for Washington (Washington vs Arizona) land in the 30-40¢ bucket at game start (2026-06-06)?
Sooth_QGen#88fa7f103cc6	Will the Kalshi YES mid-market price for Chicago WS (Chicago WS vs Philadelphia) land in the 0-10¢ bucket at game start (2026-06-05)?
Sooth_QGen#89067fcf1ffb	Will the Kalshi YES mid-market price for Cincinnati (Atlanta vs Cincinnati) land in the 70-80¢ bucket at game start (2026-05-31)?
Sooth_QGen#89129ad5c92a	Will the Kalshi YES mid-market price for San Francisco (San Francisco vs Colorado) land in the 0-10¢ bucket at game start (2026-05-31)?
Sooth_QGen#8925aaa5fc81	Will the Kalshi YES mid-market price for Colorado (Colorado vs Los Angeles A) land in the 60-70¢ bucket at game start (2026-06-02)?
Sooth_QGen#894385be724e	Will the Kalshi YES mid-market price for Cleveland (Boston vs Cleveland) land in the 60-70¢ bucket at game start (2026-05-31)?
Sooth_QGen#895a2aa99e10	Will the Kalshi YES mid-market price for San Antonio (Game 3: San Antonio at New York) land in the 40-50¢ bucket at game start (2026-06-09)?
Sooth_QGen#895e82c0464a	Will the Kalshi YES mid-market price for Cleveland (Will Cleveland win the Cleveland vs Jacksonville Pro Football game) land in the 40-50¢ bucket at game start (2026-09-13)?
Sooth_QGen#895f717c0b46	Will the Kalshi YES mid-market price for Los Angeles A (Los Angeles A vs Tampa Bay) land in the 70-80¢ bucket at game start (2026-05-30)?
Sooth_QGen#8965d2227a59	Will the Kalshi YES mid-market price for Boston (Boston vs Tampa Bay) land in the 90-100¢ bucket at game start (2026-06-08)?
Sooth_QGen#896a90c67117	Will the Kalshi YES mid-market price for New York (Game 5: New York at San Antonio) land in the 80-90¢ bucket at game start (2026-06-14)?
Sooth_QGen#89845fecb9fa	Will the Kalshi YES mid-market price for Baltimore (Toronto vs Baltimore) land in the 50-60¢ bucket at game start (2026-05-29)?
Sooth_QGen#898d3936aaf6	Will the Kalshi YES mid-market price for San Diego (San Diego vs Baltimore) land in the 10-20¢ bucket at game start (2026-06-13)?
Sooth_QGen#89a04b24c47c	Will the Kalshi YES mid-market price for Arizona (Los Angeles D vs Arizona) land in the 80-90¢ bucket at game start (2026-06-02)?
Sooth_QGen#89b4070410b6	Will the Kalshi YES mid-market price for Philadelphia (Philadelphia vs Los Angeles D) land in the 70-80¢ bucket at game start (2026-05-30)?
Sooth_QGen#89b8bdec6475	Will the Kalshi YES mid-market price for Texas (Texas vs Kansas City) land in the 20-30¢ bucket at game start (2026-06-10)?
Sooth_QGen#89d7205f287c	Will the Kalshi YES mid-market price for Los Angeles D (Philadelphia vs Los Angeles D) land in the 20-30¢ bucket at game start (2026-05-30)?
Sooth_QGen#89f0789f8f9f	Will the Kalshi YES mid-market price for San Diego (San Diego vs Baltimore) land in the 0-10¢ bucket at game start (2026-06-12)?
Sooth_QGen#89fb33436003	Will the Kalshi YES mid-market price for CAR Hurricanes (Game 6: Carolina at Vegas) land in the 40-50¢ bucket at game start (2026-06-15)?
Sooth_QGen#8a025af9bbb5	Will the Kalshi YES mid-market price for Chicago C (Chicago C vs San Francisco) land in the 90-100¢ bucket at game start (2026-06-14)?
Sooth_QGen#8a0ae49b7242	Will the Kalshi YES mid-market price for Pittsburgh (Pittsburgh vs Atlanta) land in the 0-10¢ bucket at game start (2026-06-07)?
Sooth_QGen#8a0e3e57b03e	Will the Kalshi YES mid-market price for Kansas City (Texas vs Kansas City) land in the 70-80¢ bucket at game start (2026-06-09)?
Sooth_QGen#8a17689e0912	Will the Kalshi YES mid-market price for Seattle (Seattle vs A's) land in the 0-10¢ bucket at game start (2026-05-27)?
Sooth_QGen#8a1bf241c67c	Will the Kalshi YES mid-market price for Toronto (Toronto vs Atlanta) land in the 30-40¢ bucket at game start (2026-06-03)?
Sooth_QGen#8a43d786815a	Will the Kalshi YES mid-market price for Seattle (Seattle vs Detroit) land in the 70-80¢ bucket at game start (2026-06-05)?
Sooth_QGen#8a73775791d4	Will the Kalshi YES mid-market price for Baltimore (Baltimore vs Boston) land in the 90-100¢ bucket at game start (2026-06-03)?
Sooth_QGen#8a7b167b0230	Will the Kalshi YES mid-market price for Texas (Texas vs St. Louis) land in the 30-40¢ bucket at game start (2026-06-02)?
Sooth_QGen#8a7b9e9b2655	Will the Kalshi YES mid-market price for Boston (Boston vs Tampa Bay) land in the 60-70¢ bucket at game start (2026-06-10)?
Sooth_QGen#8a7ddd752873	Will the Kalshi YES mid-market price for San Diego (New York M vs San Diego) land in the 20-30¢ bucket at game start (2026-06-06)?
Sooth_QGen#8a8c661df732	Will the Kalshi YES mid-market price for Cincinnati (Arizona vs Cincinnati) land in the 20-30¢ bucket at game start (2026-06-13)?
Sooth_QGen#8ac96befd3d6	Will the Kalshi YES mid-market price for San Diego (New York M vs San Diego) land in the 70-80¢ bucket at game start (2026-06-07)?
Sooth_QGen#8ad89a51db4a	Will Kalshi's Knicks ML YES mid-market price be ≥ 60¢ at tip-off of ECF Game 4 on May 25, 2026?
Sooth_QGen#8aec17403d72	Will the Kalshi YES mid-market price for Chicago C (Chicago C vs St. Louis) land in the 20-30¢ bucket at game start (2026-05-31)?
Sooth_QGen#8b078ad17757	Will the Kalshi YES mid-market price for Kansas City (Kansas City vs Cincinnati) land in the 40-50¢ bucket at game start (2026-06-03)?
Sooth_QGen#8b08f6f3eefe	Will the Kalshi YES mid-market price for Texas (Kansas City vs Texas) land in the 0-10¢ bucket at game start (2026-05-30)?
Sooth_QGen#8b1cdacf6f45	Will the Kalshi YES mid-market price for Detroit (Detroit vs Chicago WS) land in the 10-20¢ bucket at game start (2026-05-29)?
Sooth_QGen#8b1e254925ba	Will the Kalshi YES mid-market price for Tampa Bay (Tampa Bay vs Los Angeles A) land in the 30-40¢ bucket at game start (2026-06-14)?
Sooth_QGen#8b2f3737c8ac	Will the Kalshi YES mid-market price for Kansas City (Kansas City vs Cincinnati) land in the 90-100¢ bucket at game start (2026-06-01)?
Sooth_QGen#8b32b942b207	Will the Kalshi YES mid-market price for Kansas City (Kansas City vs Texas) land in the 20-30¢ bucket at game start (2026-05-30)?
Sooth_QGen#8b362ee9e0cb	Will the Kalshi YES mid-market price for Atlanta (Pittsburgh vs Atlanta) land in the 90-100¢ bucket at game start (2026-06-06)?
Sooth_QGen#8b3c28a5db71	Will the Kalshi YES mid-market price for Tampa Bay (Tampa Bay vs Los Angeles A) land in the 80-90¢ bucket at game start (2026-06-14)?
Sooth_QGen#8b5b257c5ce0	Will the Kalshi YES mid-market price for Tampa Bay (Will Tampa Bay win the Tampa Bay vs Cincinnati Pro Football game) land in the 20-30¢ bucket at game start (2026-09-13)?
Sooth_QGen#8b6276c97ec5	Will the Kalshi YES mid-market price for New York M (New York M vs Cincinnati) land in the 50-60¢ bucket at game start (2026-06-15)?
Sooth_QGen#8b669a3d258c	Will the Kalshi YES mid-market price for Chicago C (Chicago C vs St. Louis) land in the 50-60¢ bucket at game start (2026-05-29)?
Sooth_QGen#8b6bd3125eff	Will the Kalshi YES mid-market price for Toronto (Baltimore vs Toronto) land in the 80-90¢ bucket at game start (2026-06-07)?
Sooth_QGen#8b6c2d03cd39	Will the Kalshi YES mid-market price for Pittsburgh (Will Pittsburgh win the Atlanta vs Pittsburgh Pro Football game) land in the 90-100¢ bucket at game start (2026-09-13)?
Sooth_QGen#8b7274dbbf52	Will the Kalshi YES mid-market price for New York M (Atlanta vs New York M) land in the 60-70¢ bucket at game start (2026-06-12)?
Sooth_QGen#8b82c18b2a5c	Will the Kalshi YES mid-market price for A's (New York Y vs A's) land in the 40-50¢ bucket at game start (2026-05-31)?
Sooth_QGen#8b8626becb08	Will the Kalshi YES mid-market price for Chicago (Will Chicago win the Chicago vs Carolina Pro Football game) land in the 0-10¢ bucket at game start (2026-09-13)?
Sooth_QGen#8b90803d10ae	Will the Kalshi YES mid-market price for Los Angeles D (Los Angeles D vs Arizona) land in the 80-90¢ bucket at game start (2026-06-03)?
Sooth_QGen#8b94d23bb3b8	Will the Kalshi YES mid-market price for Los Angeles D (Los Angeles D vs Pittsburgh) land in the 0-10¢ bucket at game start (2026-06-11)?
Sooth_QGen#8ba01632e291	Will the Kalshi YES mid-market price for Milwaukee (Milwaukee vs Colorado) land in the 10-20¢ bucket at game start (2026-06-07)?
Sooth_QGen#8baa8d130d04	Will the Kalshi YES mid-market price for Jakub Mensik (Will Jakub Mensik win the Mensik vs Zverev: Semifinal match) land in the 70-80¢ bucket at game start (2026-06-05)?
Sooth_QGen#8bb3573011e3	Will the Kalshi YES mid-market price for Milwaukee (Milwaukee vs Colorado) land in the 80-90¢ bucket at game start (2026-06-06)?
Sooth_QGen#8bb8c4584f87	Will the Kalshi YES mid-market price for St. Louis (Texas vs St. Louis) land in the 40-50¢ bucket at game start (2026-06-01)?
Sooth_QGen#8bdceb18d453	Will the Kalshi YES mid-market price for Houston (Milwaukee vs Houston) land in the 30-40¢ bucket at game start (2026-05-30)?
Sooth_QGen#8be22c6d229c	Will the Kalshi YES mid-market price for Seattle (Seattle vs A's) land in the 80-90¢ bucket at game start (2026-05-27)?
Sooth_QGen#8beeaf31fef0	Will the Kalshi YES mid-market price for New Orleans (Will New Orleans win the New Orleans vs Detroit Pro Football game) land in the 0-10¢ bucket at game start (2026-09-13)?
Sooth_QGen#8bf31317a002	Will the Kalshi YES mid-market price for Washington (Miami vs Washington) land in the 10-20¢ bucket at game start (2026-06-03)?
Sooth_QGen#8c0876468ef1	Will the Kalshi YES mid-market price for Jacksonville (Will Jacksonville win the Cleveland vs Jacksonville Pro Football game) land in the 30-40¢ bucket at game start (2026-09-13)?
Sooth_QGen#8c08ea8a38f6	Will the Kalshi YES mid-market price for Toronto (Toronto vs Baltimore) land in the 70-80¢ bucket at game start (2026-05-31)?
Sooth_QGen#8c2facf1bf8f	Will the Kalshi YES mid-market price for Arizona (Los Angeles D vs Arizona) land in the 30-40¢ bucket at game start (2026-06-02)?
Sooth_QGen#8c3a6539af08	Will the Kalshi YES mid-market price for Texas (Texas vs Kansas City) land in the 70-80¢ bucket at game start (2026-06-10)?
Sooth_QGen#8c408df0acf4	Will the Kalshi YES mid-market price for Miami (Miami vs Pittsburgh) land in the 70-80¢ bucket at game start (2026-06-12)?
Sooth_QGen#8c42fed193fc	Will the Kalshi YES mid-market price for Toronto (Baltimore vs Toronto) land in the 30-40¢ bucket at game start (2026-06-07)?
Sooth_QGen#8c5622e0636b	Will the Kalshi YES mid-market price for VGK Golden Knights (Game 1: Vegas at Carolina) land in the 20-30¢ bucket at game start (2026-06-03)?
Sooth_QGen#8c63f7ccf26d	Will the Kalshi YES mid-market price for Minnesota (Chicago WS vs Minnesota) land in the 30-40¢ bucket at game start (2026-06-02)?
Sooth_QGen#8c6cdf0e69ae	Will the Kalshi YES mid-market price for Colorado (Chicago C vs Colorado) land in the 90-100¢ bucket at game start (2026-06-10)?
Sooth_QGen#8cba68a031e0	Will the Kalshi YES mid-market price for Cincinnati (Cincinnati vs St. Louis) land in the 30-40¢ bucket at game start (2026-06-07)?
Sooth_QGen#8cbba803eb80	Will the Kalshi YES mid-market price for Tennessee (Will Tennessee win the New York J vs Tennessee Pro Football game) land in the 20-30¢ bucket at game start (2026-09-13)?
Sooth_QGen#8cce00cbcaa3	Will the Kalshi YES mid-market price for Cleveland (Will Cleveland win the Cleveland vs Jacksonville Pro Football game) land in the 20-30¢ bucket at game start (2026-09-13)?
Sooth_QGen#8cce5968986f	Will the Kalshi YES mid-market price for Pittsburgh (Los Angeles D vs Pittsburgh) land in the 60-70¢ bucket at game start (2026-06-09)?
Sooth_QGen#8cd4149b2ca9	Will the Kalshi YES mid-market price for Houston (Pittsburgh vs Houston) land in the 50-60¢ bucket at game start (2026-06-05)?
Sooth_QGen#8cd6df9cc66d	Will the Kalshi YES mid-market price for Pittsburgh (Minnesota vs Pittsburgh) land in the 50-60¢ bucket at game start (2026-05-29)?
Sooth_QGen#8cdd97140859	Will the Kalshi YES mid-market price for New York Y (New York Y vs A's) land in the 90-100¢ bucket at game start (2026-05-31)?
Sooth_QGen#8cf9c408b186	Will the Kalshi YES mid-market price for Atlanta (Pittsburgh vs Atlanta) land in the 10-20¢ bucket at game start (2026-06-06)?
Sooth_QGen#8cff1733821d	Will the Kalshi YES mid-market price for Cleveland (Cleveland vs Texas) land in the 20-30¢ bucket at game start (2026-06-07)?
Sooth_QGen#8d060ae686b2	Will the Kalshi YES mid-market price for San Diego (Philadelphia vs San Diego) land in the 40-50¢ bucket at game start (2026-05-27)?
Sooth_QGen#8d23a05ea509	Will the Kalshi YES mid-market price for St. Louis (St. Louis vs New York M) land in the 70-80¢ bucket at game start (2026-06-09)?
Sooth_QGen#8d2f2cc2ac8a	Will the Kalshi YES mid-market price for New York Y (Boston vs New York Y) land in the 70-80¢ bucket at game start (2026-06-05)?
Sooth_QGen#8d33d4739129	Will the Kalshi YES mid-market price for Atlanta (Atlanta vs Cincinnati) land in the 30-40¢ bucket at game start (2026-05-29)?
Sooth_QGen#8d3ee99de78b	Will the Kalshi YES mid-market price for CAR Hurricanes (Game 3: Carolina at Vegas) land in the 40-50¢ bucket at game start (2026-06-07)?
Sooth_QGen#8d41b19aaa05	Will the Kalshi YES mid-market price for Baltimore (Baltimore vs Boston) land in the 50-60¢ bucket at game start (2026-06-03)?
Sooth_QGen#8d4c33062e9d	Will the Kalshi YES mid-market price for Colorado (Milwaukee vs Colorado) land in the 10-20¢ bucket at game start (2026-06-06)?
Sooth_QGen#8d5063afaa57	Will the Kalshi YES mid-market price for Boston (Boston vs Tampa Bay) land in the 50-60¢ bucket at game start (2026-06-08)?
Sooth_QGen#8d5d207e42c3	Will the Kalshi YES mid-market price for Cleveland (Cleveland vs Texas) land in the 80-90¢ bucket at game start (2026-06-06)?
Sooth_QGen#8d625d7216ff	Will the Kalshi YES mid-market price for Los Angeles D (Los Angeles A vs Los Angeles D) land in the 20-30¢ bucket at game start (2026-06-07)?
Sooth_QGen#8d67f44b71bb	Will the Kalshi YES mid-market price for Washington (Will Washington win the Washington vs Philadelphia Pro Football game) land in the 30-40¢ bucket at game start (2026-09-13)?
Sooth_QGen#8d74f77b01ab	Will the Kalshi YES mid-market price for Arizona (Arizona vs Cincinnati) land in the 40-50¢ bucket at game start (2026-06-12)?
Sooth_QGen#8d7c2af57050	Will the Kalshi YES mid-market price for Los Angeles D (Philadelphia vs Los Angeles D) land in the 50-60¢ bucket at game start (2026-05-31)?
Sooth_QGen#8d82ce75972e	Will the Kalshi YES mid-market price for Los Angeles D (Philadelphia vs Los Angeles D) land in the 80-90¢ bucket at game start (2026-05-31)?
Sooth_QGen#8d8c5e3832c7	Will the Kalshi YES mid-market price for Los Angeles D (Los Angeles D vs Pittsburgh) land in the 10-20¢ bucket at game start (2026-06-09)?
Sooth_QGen#8d995ef4e32c	Will the Kalshi YES mid-market price for Atlanta (Atlanta vs New York M) land in the 30-40¢ bucket at game start (2026-06-14)?
Sooth_QGen#8d9a3438fa0b	Will the Kalshi YES mid-market price for Atlanta (Atlanta vs Chicago WS) land in the 60-70¢ bucket at game start (2026-06-10)?
Sooth_QGen#8dab887cb768	Will the Kalshi YES mid-market price for Tampa Bay (Los Angeles A vs Tampa Bay) land in the 30-40¢ bucket at game start (2026-05-29)?
Sooth_QGen#8dbbc83a3c39	Will the Kalshi YES mid-market price for Chicago WS (Detroit vs Chicago WS) land in the 20-30¢ bucket at game start (2026-05-29)?
Sooth_QGen#8de82d85067b	Will the Kalshi YES mid-market price for Baltimore (Baltimore vs Boston) land in the 30-40¢ bucket at game start (2026-06-02)?
Sooth_QGen#8df7bb01d990	Will the Kalshi YES mid-market price for Chicago WS (Los Angeles D vs Chicago WS) land in the 10-20¢ bucket at game start (2026-06-12)?
Sooth_QGen#8e0861d42169	Will the Kalshi YES mid-market price for Los Angeles D (Los Angeles A vs Los Angeles D) land in the 30-40¢ bucket at game start (2026-06-07)?
Sooth_QGen#8e0aeb7c2d9a	Will the Kalshi YES mid-market price for Minnesota (Kansas City vs Minnesota) land in the 40-50¢ bucket at game start (2026-06-04)?
Sooth_QGen#8e11508b4c57	Will the Kalshi YES mid-market price for Atlanta (Atlanta vs New York M) land in the 70-80¢ bucket at game start (2026-06-12)?
Sooth_QGen#8e132b4d0e5d	Will the Kalshi YES mid-market price for Arizona (Washington vs Arizona) land in the 70-80¢ bucket at game start (2026-06-06)?
Sooth_QGen#8e222c28be72	Will the Kalshi YES mid-market price for Tampa Bay (Boston vs Tampa Bay) land in the 50-60¢ bucket at game start (2026-06-10)?
Sooth_QGen#8e2a63989c45	Will the Kalshi YES mid-market price for Milwaukee (Milwaukee vs Houston) land in the 70-80¢ bucket at game start (2026-05-30)?
Sooth_QGen#8e4412749126	Will the Kalshi YES mid-market price for San Diego (San Diego vs Washington) land in the 20-30¢ bucket at game start (2026-05-31)?
Sooth_QGen#8e768eded98c	Will the Kalshi YES mid-market price for Houston (Will Houston win the Buffalo vs Houston Pro Football game) land in the 50-60¢ bucket at game start (2026-09-13)?
Sooth_QGen#8e7fd8b7ffde	Will the Kalshi YES mid-market price for St. Louis (Cincinnati vs St. Louis) land in the 20-30¢ bucket at game start (2026-06-06)?
Sooth_QGen#8e93ee64a0a0	Will the Kalshi YES mid-market price for Houston (Will Houston win the Buffalo vs Houston Pro Football game) land in the 30-40¢ bucket at game start (2026-09-13)?
Sooth_QGen#8eb14ea7fe25	Will the Kalshi YES mid-market price for Detroit (Detroit vs Tampa Bay) land in the 30-40¢ bucket at game start (2026-06-01)?
Sooth_QGen#8eda23e4e588	Will the Kalshi YES mid-market price for San Francisco (Will San Francisco win the San Francisco vs Los Angeles R Pro Football game) land in the 80-90¢ bucket at game start (2026-09-11)?
Sooth_QGen#8edf26029b51	Will the Kalshi YES mid-market price for Boston (Boston vs Cleveland) land in the 0-10¢ bucket at game start (2026-05-31)?
Sooth_QGen#8eec55cd2593	Will the Kalshi YES mid-market price for Chicago C (Chicago C vs St. Louis) land in the 80-90¢ bucket at game start (2026-05-29)?
Sooth_QGen#8efbc8154ca6	Will the Kalshi YES mid-market price for San Diego (San Diego vs Baltimore) land in the 90-100¢ bucket at game start (2026-06-13)?
Sooth_QGen#8f0f198c7487	Will the Kalshi YES mid-market price for Toronto (Toronto vs Baltimore) land in the 50-60¢ bucket at game start (2026-05-29)?
Sooth_QGen#8f0f8023e777	Will the Kalshi YES mid-market price for Los Angeles D (Los Angeles D vs Chicago WS) land in the 90-100¢ bucket at game start (2026-06-14)?
Sooth_QGen#8f1aeb372278	Will the Kalshi YES mid-market price for Milwaukee (Philadelphia vs Milwaukee) land in the 50-60¢ bucket at game start (2026-06-13)?
Sooth_QGen#8f373ba274c2	Will the Kalshi YES mid-market price for Baltimore (Toronto vs Baltimore) land in the 90-100¢ bucket at game start (2026-05-30)?
Sooth_QGen#8f3c5efff21e	Will the Kalshi YES mid-market price for Washington (San Diego vs Washington) land in the 60-70¢ bucket at game start (2026-05-31)?
Sooth_QGen#8f4220d9979b	Will the Kalshi YES mid-market price for Kansas City (Houston vs Kansas City) land in the 80-90¢ bucket at game start (2026-06-14)?
Sooth_QGen#8f51071e0090	Will the Kalshi YES mid-market price for Minnesota (St. Louis vs Minnesota) land in the 80-90¢ bucket at game start (2026-06-13)?
Sooth_QGen#8f65164ace97	Will the Kalshi YES mid-market price for Cleveland (Cleveland vs Texas) land in the 40-50¢ bucket at game start (2026-06-07)?
Sooth_QGen#8f751c1c831a	Will the Kalshi YES mid-market price for Minnesota (Minnesota vs Pittsburgh) land in the 80-90¢ bucket at game start (2026-05-31)?
Sooth_QGen#8f755187c796	Will the Kalshi YES mid-market price for CAR Hurricanes (Game 5: Montreal at Carolina) land in the 20-30¢ bucket at game start (2026-05-30)?
Sooth_QGen#8f7ea502b348	Will the Kalshi YES mid-market price for Los Angeles A (Houston vs Los Angeles A) land in the 10-20¢ bucket at game start (2026-06-11)?
Sooth_QGen#8f861198d6a2	Will the Kalshi YES mid-market price for New York Y (New York Y vs Cleveland) land in the 80-90¢ bucket at game start (2026-06-08)?
Sooth_QGen#8fa2e198acbf	Will the Kalshi YES mid-market price for Kansas City (Texas vs Kansas City) land in the 30-40¢ bucket at game start (2026-06-10)?
Sooth_QGen#8fa595d77da2	Will the Kalshi YES mid-market price for Chicago (Will Chicago win the Chicago vs Carolina Pro Football game) land in the 10-20¢ bucket at game start (2026-09-13)?
Sooth_QGen#8fb66ed80ee5	Will the Kalshi YES mid-market price for Atlanta (Atlanta vs Cincinnati) land in the 70-80¢ bucket at game start (2026-05-30)?
Sooth_QGen#8fc7b663ffa5	Will the Kalshi YES mid-market price for Baltimore (San Diego vs Baltimore) land in the 60-70¢ bucket at game start (2026-06-12)?
Sooth_QGen#8fd4a53c090c	Will the Kalshi YES mid-market price for Tampa Bay (Detroit vs Tampa Bay) land in the 40-50¢ bucket at game start (2026-06-03)?
Sooth_QGen#8fde9432ab33	Will the Kalshi YES mid-market price for Texas (Cleveland vs Texas) land in the 60-70¢ bucket at game start (2026-06-06)?
Sooth_QGen#8fe4e37646a3	Will the Kalshi YES mid-market price for Milwaukee (Milwaukee vs Colorado) land in the 40-50¢ bucket at game start (2026-06-07)?
Sooth_QGen#8fefb04a8c76	Will the Kalshi YES mid-market price for Philadelphia (Philadelphia vs Los Angeles D) land in the 90-100¢ bucket at game start (2026-05-31)?
Sooth_QGen#8ff5c4544089	Will the Kalshi YES mid-market price for Cincinnati (Cincinnati vs St. Louis) land in the 10-20¢ bucket at game start (2026-06-06)?
Sooth_QGen#9007e8c118dd	Will the Kalshi YES mid-market price for Indianapolis (Will Indianapolis win the Baltimore vs Indianapolis Pro Football game) land in the 60-70¢ bucket at game start (2026-09-13)?
Sooth_QGen#9025419ef9fa	Will the Kalshi YES mid-market price for Los Angeles A (Los Angeles A vs Arizona) land in the 0-10¢ bucket at game start (2026-06-16)?
Sooth_QGen#902722359003	Will the Kalshi YES mid-market price for New York Y (New York Y vs A's) land in the 70-80¢ bucket at game start (2026-05-31)?
Sooth_QGen#90274508e638	Will the Kalshi YES mid-market price for Boston (Boston vs New York Y) land in the 80-90¢ bucket at game start (2026-06-05)?
Sooth_QGen#902a5bcdbde8	Will the Kalshi YES mid-market price for Cleveland (Cleveland vs Texas) land in the 30-40¢ bucket at game start (2026-06-06)?
Sooth_QGen#903bea174c00	Will the Kalshi YES mid-market price for Pittsburgh (Pittsburgh vs Atlanta) land in the 90-100¢ bucket at game start (2026-06-06)?
Sooth_QGen#904103325d44	Will the Kalshi YES mid-market price for Milwaukee (San Francisco vs Milwaukee) land in the 70-80¢ bucket at game start (2026-06-04)?
Sooth_QGen#9052243708f3	Will the Kalshi YES mid-market price for Boston (Boston vs Tampa Bay) land in the 70-80¢ bucket at game start (2026-06-10)?
Sooth_QGen#9058746213a9	Will the Kalshi YES mid-market price for New York Y (New York Y vs Toronto) land in the 70-80¢ bucket at game start (2026-06-13)?
Sooth_QGen#906e6f8ec4a2	Will the Kalshi YES mid-market price for San Diego (New York M vs San Diego) land in the 80-90¢ bucket at game start (2026-06-06)?
Sooth_QGen#907a68203d65	Will the Kalshi YES mid-market price for Arizona (Los Angeles D vs Arizona) land in the 60-70¢ bucket at game start (2026-06-05)?
Sooth_QGen#907d401f7bc6	Will the Kalshi YES mid-market price for Cleveland (Cleveland vs Texas) land in the 90-100¢ bucket at game start (2026-06-06)?
Sooth_QGen#90833c88841d	Will the Kalshi YES mid-market price for Chicago C (Chicago C vs San Francisco) land in the 0-10¢ bucket at game start (2026-06-13)?
Sooth_QGen#90875393ad0c	Will the Kalshi YES mid-market price for Cleveland (Cleveland vs New York Y) land in the 40-50¢ bucket at game start (2026-06-02)?
Sooth_QGen#908ac023dfbe	Will the Kalshi YES mid-market price for Detroit (Detroit vs Houston) land in the 70-80¢ bucket at game start (2026-06-16)?
Sooth_QGen#90b0bddba85a	Will the Kalshi YES mid-market price for Boston (Texas vs Boston) land in the 40-50¢ bucket at game start (2026-06-14)?
Sooth_QGen#90d4a4329222	Will the Kalshi YES mid-market price for Washington (Washington vs Arizona) land in the 80-90¢ bucket at game start (2026-06-07)?
Sooth_QGen#90e56b9e4838	Will the Kalshi YES mid-market price for Philadelphia (Philadelphia vs Los Angeles D) land in the 70-80¢ bucket at game start (2026-05-31)?
Sooth_QGen#90eb0928d9cb	Will the Kalshi YES mid-market price for San Diego (Cincinnati vs San Diego) land in the 80-90¢ bucket at game start (2026-06-10)?
Sooth_QGen#90f40634759b	Will the Kalshi YES mid-market price for Toronto (New York Y vs Toronto) land in the 0-10¢ bucket at game start (2026-06-12)?
Sooth_QGen#90f7e6f8e914	Will the Kalshi YES mid-market price for Boston (Texas vs Boston) land in the 10-20¢ bucket at game start (2026-06-14)?
Sooth_QGen#912c8a9dae32	Will the Kalshi YES mid-market price for New York Y (New York Y vs Cleveland) land in the 70-80¢ bucket at game start (2026-06-10)?
Sooth_QGen#913bdbd50430	Will the Kalshi YES mid-market price for CAR Hurricanes (Game 4: Carolina at Vegas) land in the 60-70¢ bucket at game start (2026-06-10)?
Sooth_QGen#916f32d67f9c	Will the Kalshi YES mid-market price for Toronto (Toronto vs Baltimore) land in the 60-70¢ bucket at game start (2026-05-31)?
Sooth_QGen#917b9a0d76fa	Will the Kalshi YES mid-market price for Detroit (Will Detroit win the New Orleans vs Detroit Pro Football game) land in the 30-40¢ bucket at game start (2026-09-13)?
Sooth_QGen#917c1a1ca382	Will the Kalshi YES mid-market price for Texas (Kansas City vs Texas) land in the 20-30¢ bucket at game start (2026-05-30)?
Sooth_QGen#917cabe39063	Will the Kalshi YES mid-market price for New York Y (Cleveland vs New York Y) land in the 60-70¢ bucket at game start (2026-06-03)?
Sooth_QGen#919d964071c9	Will the Kalshi YES mid-market price for Minnesota (Minnesota vs Detroit) land in the 50-60¢ bucket at game start (2026-06-09)?
Sooth_QGen#919eee7c1b0a	Will the Kalshi YES mid-market price for Chicago C (A's vs Chicago C) land in the 20-30¢ bucket at game start (2026-06-05)?
Sooth_QGen#91a7a22724b3	Will the Kalshi YES mid-market price for Washington (Washington vs Arizona) land in the 80-90¢ bucket at game start (2026-06-06)?
Sooth_QGen#91bd39d0b2d4	Will the Kalshi YES mid-market price for San Diego (San Diego vs Washington) land in the 30-40¢ bucket at game start (2026-05-31)?
Sooth_QGen#91c4c105688a	Will the Kalshi YES mid-market price for New York Y (New York Y vs Toronto) land in the 0-10¢ bucket at game start (2026-06-13)?
Sooth_QGen#9203030d39f9	Will the Kalshi YES mid-market price for Houston (Houston vs Los Angeles A) land in the 20-30¢ bucket at game start (2026-06-09)?
Sooth_QGen#920468b94560	Will the Kalshi YES mid-market price for Arizona (Los Angeles D vs Arizona) land in the 60-70¢ bucket at game start (2026-06-04)?
Sooth_QGen#921b01517d46	Will the Kalshi YES mid-market price for Houston (Will Houston win the Buffalo vs Houston Pro Football game) land in the 60-70¢ bucket at game start (2026-09-13)?
Sooth_QGen#921c5d7bf702	Will the Kalshi YES mid-market price for New York Y (Boston vs New York Y) land in the 50-60¢ bucket at game start (2026-06-06)?
Sooth_QGen#92210dbbda7b	Will the Kalshi YES mid-market price for Toronto (Toronto vs Baltimore) land in the 40-50¢ bucket at game start (2026-05-29)?
Sooth_QGen#9224e9fc4c48	Will the Kalshi YES mid-market price for Baltimore (Baltimore vs Boston) land in the 30-40¢ bucket at game start (2026-06-04)?
Sooth_QGen#92267e5626b9	Will the Kalshi YES mid-market price for Arizona (Arizona vs Miami) land in the 90-100¢ bucket at game start (2026-06-11)?
Sooth_QGen#9227d7584708	Will the Kalshi YES mid-market price for Cleveland (Boston vs Cleveland) land in the 40-50¢ bucket at game start (2026-05-31)?
Sooth_QGen#92330f988757	Will the Kalshi YES mid-market price for Carolina (Will Carolina win the Chicago vs Carolina Pro Football game) land in the 10-20¢ bucket at game start (2026-09-13)?
Sooth_QGen#923f8e29dd2d	Will the Kalshi YES mid-market price for Texas (Cleveland vs Texas) land in the 20-30¢ bucket at game start (2026-06-06)?
Sooth_QGen#924467c9e1b8	Will the Kalshi YES mid-market price for Washington (Washington vs Arizona) land in the 90-100¢ bucket at game start (2026-06-06)?
Sooth_QGen#92473fda5ff0	Will the Kalshi YES mid-market price for Cincinnati (Arizona vs Cincinnati) land in the 10-20¢ bucket at game start (2026-06-14)?
Sooth_QGen#924c235e8098	Will the Kalshi YES mid-market price for Cincinnati (Kansas City vs Cincinnati) land in the 30-40¢ bucket at game start (2026-06-03)?
Sooth_QGen#924cf1b0e743	Will the Kalshi YES mid-market price for Los Angeles D (Los Angeles D vs Chicago WS) land in the 50-60¢ bucket at game start (2026-06-14)?
Sooth_QGen#925334036146	Will the Kalshi YES mid-market price for Chicago C (San Francisco vs Chicago C) land in the 40-50¢ bucket at game start (2026-06-06)?
Sooth_QGen#92590c9841ac	Will the Kalshi YES mid-market price for A's (Milwaukee vs A's) land in the 0-10¢ bucket at game start (2026-06-10)?
Sooth_QGen#9269964be9f0	Will the Kalshi YES mid-market price for Minnesota (Kansas City vs Minnesota) land in the 80-90¢ bucket at game start (2026-06-06)?
Sooth_QGen#9275aeed97be	Will the Kalshi YES mid-market price for Los Angeles C (Will Los Angeles C win the Arizona vs Los Angeles C Pro Football game) land in the 20-30¢ bucket at game start (2026-09-13)?
Sooth_QGen#92787e7afb36	Will the Kalshi YES mid-market price for A's (New York Y vs A's) land in the 0-10¢ bucket at game start (2026-05-30)?
Sooth_QGen#9280233b6f64	Will the Kalshi YES mid-market price for New Orleans (Will New Orleans win the New Orleans vs Detroit Pro Football game) land in the 70-80¢ bucket at game start (2026-09-13)?
Sooth_QGen#92807570895e	Will the Kalshi YES mid-market price for San Diego (Cincinnati vs San Diego) land in the 80-90¢ bucket at game start (2026-06-10)?
Sooth_QGen#92ab071e8253	Will the Kalshi YES mid-market price for Houston (A's vs Houston) land in the 10-20¢ bucket at game start (2026-06-06)?
Sooth_QGen#92b5fd8874cc	Will the Kalshi YES mid-market price for Colorado (Colorado vs Los Angeles A) land in the 90-100¢ bucket at game start (2026-06-02)?
Sooth_QGen#92d4506efba9	Will the Kalshi YES mid-market price for Boston (Baltimore vs Boston) land in the 80-90¢ bucket at game start (2026-06-02)?
Sooth_QGen#92f357ea078a	Will the Kalshi YES mid-market price for Cleveland (Cleveland vs New York Y) land in the 60-70¢ bucket at game start (2026-06-02)?
Sooth_QGen#92f3a837ddc6	Will the Kalshi YES mid-market price for A's (A's vs Houston) land in the 90-100¢ bucket at game start (2026-06-06)?
Sooth_QGen#93144b4de265	Will the Kalshi YES mid-market price for Pittsburgh (Los Angeles D vs Pittsburgh) land in the 20-30¢ bucket at game start (2026-06-09)?
Sooth_QGen#9317cb5f2b07	Will the Kalshi YES mid-market price for Milwaukee (Philadelphia vs Milwaukee) land in the 60-70¢ bucket at game start (2026-06-14)?
Sooth_QGen#931a82fbc839	Will the Kalshi YES mid-market price for Kansas City (Texas vs Kansas City) land in the 0-10¢ bucket at game start (2026-06-11)?
Sooth_QGen#931cee323a26	Will the Kalshi YES mid-market price for CAR Hurricanes (Game 1: Vegas at Carolina) land in the 60-70¢ bucket at game start (2026-06-03)?
Sooth_QGen#933832f113be	Will the Kalshi YES mid-market price for Buffalo (Will Buffalo win the Buffalo vs Houston Pro Football game) land in the 20-30¢ bucket at game start (2026-09-13)?
Sooth_QGen#93444c1a3ec3	Will the Kalshi YES mid-market price for Minnesota (St. Louis vs Minnesota) land in the 80-90¢ bucket at game start (2026-06-13)?
Sooth_QGen#93529f7bf54f	Will the Kalshi YES mid-market price for Toronto (Toronto vs Baltimore) land in the 30-40¢ bucket at game start (2026-05-29)?
Sooth_QGen#935a622f0275	Will the Kalshi YES mid-market price for A's (A's vs Chicago C) land in the 30-40¢ bucket at game start (2026-06-04)?
Sooth_QGen#9367148e0d84	Will the Kalshi YES mid-market price for Pittsburgh (Los Angeles D vs Pittsburgh) land in the 80-90¢ bucket at game start (2026-06-10)?
Sooth_QGen#936783df9040	Will the Kalshi YES mid-market price for Arizona (Los Angeles D vs Arizona) land in the 70-80¢ bucket at game start (2026-06-02)?
Sooth_QGen#93715e7110a1	Will the Kalshi YES mid-market price for Houston (Houston vs Kansas City) land in the 30-40¢ bucket at game start (2026-06-13)?
Sooth_QGen#9377441f6f37	Will the Kalshi YES mid-market price for St. Louis (St. Louis vs New York M) land in the 30-40¢ bucket at game start (2026-06-11)?
Sooth_QGen#937a37ce75a0	Will the Kalshi YES mid-market price for Kansas City (Kansas City vs Minnesota) land in the 30-40¢ bucket at game start (2026-06-06)?
Sooth_QGen#9388bcfca029	Will the Kalshi YES mid-market price for San Diego (Philadelphia vs San Diego) land in the 80-90¢ bucket at game start (2026-05-27)?
Sooth_QGen#93bcca10bf84	Will the Kalshi YES mid-market price for Chicago WS (Los Angeles D vs Chicago WS) land in the 40-50¢ bucket at game start (2026-06-14)?
Sooth_QGen#93cc649ec758	Will the Kalshi YES mid-market price for Baltimore (Toronto vs Baltimore) land in the 50-60¢ bucket at game start (2026-05-30)?
Sooth_QGen#93d1d0ce6567	Will the Kalshi YES mid-market price for Cleveland (Washington vs Cleveland) land in the 10-20¢ bucket at game start (2026-05-27)?
Sooth_QGen#93f38847e9dd	Will the Kalshi YES mid-market price for Washington (San Diego vs Washington) land in the 50-60¢ bucket at game start (2026-05-30)?
Sooth_QGen#940909e4305f	Will the Kalshi YES mid-market price for Cincinnati (Cincinnati vs St. Louis) land in the 90-100¢ bucket at game start (2026-06-06)?
Sooth_QGen#941a9b2dcf5b	Will the Kalshi YES mid-market price for Philadelphia (Philadelphia vs Toronto) land in the 90-100¢ bucket at game start (2026-06-09)?
Sooth_QGen#941bc665dbe2	Will the Kalshi YES mid-market price for Cincinnati (Atlanta vs Cincinnati) land in the 50-60¢ bucket at game start (2026-05-29)?
Sooth_QGen#94412f47b6de	Will the Kalshi YES mid-market price for Arizona (Los Angeles D vs Arizona) land in the 0-10¢ bucket at game start (2026-06-02)?
Sooth_QGen#9455f1ff8c8b	Will the Kalshi YES mid-market price for Detroit (Detroit vs Cleveland) land in the 90-100¢ bucket at game start (2026-06-14)?
Sooth_QGen#94679757ea2a	Will the Kalshi YES mid-market price for Los Angeles A (Colorado vs Los Angeles A) land in the 60-70¢ bucket at game start (2026-06-03)?
Sooth_QGen#94826ea8cf7b	Will the Kalshi YES mid-market price for Toronto (New York Y vs Toronto) land in the 30-40¢ bucket at game start (2026-06-13)?
Sooth_QGen#9486c81885d7	Will the Kalshi YES mid-market price for Los Angeles A (Colorado vs Los Angeles A) land in the 10-20¢ bucket at game start (2026-06-03)?
Sooth_QGen#948dfc4631ab	Will the Kalshi YES mid-market price for Washington (Washington vs Arizona) land in the 40-50¢ bucket at game start (2026-06-06)?
Sooth_QGen#94956dbb0637	Will the Kalshi YES mid-market price for Los Angeles D (Los Angeles D vs Pittsburgh) land in the 70-80¢ bucket at game start (2026-06-11)?
Sooth_QGen#949da72f92ba	Will the Kalshi YES mid-market price for New York Y (Cleveland vs New York Y) land in the 0-10¢ bucket at game start (2026-06-04)?
Sooth_QGen#94aa8c5ea5b4	Will the Kalshi YES mid-market price for Detroit (Detroit vs Chicago WS) land in the 20-30¢ bucket at game start (2026-05-30)?
Sooth_QGen#94ad1f1e42d6	Will the Kalshi YES mid-market price for Baltimore (Seattle vs Baltimore) land in the 50-60¢ bucket at game start (2026-06-10)?
Sooth_QGen#94b1cad5061a	Will the Kalshi YES mid-market price for Toronto (Philadelphia vs Toronto) land in the 40-50¢ bucket at game start (2026-06-10)?
Sooth_QGen#94b26fc37539	Will the Kalshi YES mid-market price for Texas (Texas vs Kansas City) land in the 70-80¢ bucket at game start (2026-06-09)?
Sooth_QGen#950cbdfc8c6a	Will the Kalshi YES mid-market price for St. Louis (Texas vs St. Louis) land in the 90-100¢ bucket at game start (2026-06-01)?
Sooth_QGen#9519053f7de7	Will the Kalshi YES mid-market price for Miami (Miami vs Pittsburgh) land in the 30-40¢ bucket at game start (2026-06-14)?
Sooth_QGen#9519be701bb6	Will the Kalshi YES mid-market price for New York M (New York M vs San Diego) land in the 40-50¢ bucket at game start (2026-06-07)?
Sooth_QGen#952faf9e52f2	Will the Kalshi YES mid-market price for Chicago WS (Atlanta vs Chicago WS) land in the 90-100¢ bucket at game start (2026-06-10)?
Sooth_QGen#954c6b2aa1b1	Will the Kalshi YES mid-market price for Cincinnati (Will Cincinnati win the Tampa Bay vs Cincinnati Pro Football game) land in the 10-20¢ bucket at game start (2026-09-13)?
Sooth_QGen#954ce5c06203	Will the Kalshi YES mid-market price for San Francisco (San Francisco vs Colorado) land in the 90-100¢ bucket at game start (2026-05-30)?
Sooth_QGen#954d654af3b2	Will the Kalshi YES mid-market price for Seattle (New York M vs Seattle) land in the 50-60¢ bucket at game start (2026-06-03)?
Sooth_QGen#955a834a0d83	Will the Kalshi YES mid-market price for Boston (Boston vs Cleveland) land in the 60-70¢ bucket at game start (2026-05-29)?
Sooth_QGen#956bd5ec10d0	Will the Kalshi YES mid-market price for Houston (A's vs Houston) land in the 50-60¢ bucket at game start (2026-06-07)?
Sooth_QGen#9571d889a425	Will the Kalshi YES mid-market price for Philadelphia (Philadelphia vs Los Angeles D) land in the 90-100¢ bucket at game start (2026-05-31)?
Sooth_QGen#957f189b7a62	Will the Kalshi YES mid-market price for CAR Hurricanes (Game 1: Vegas at Carolina) land in the 50-60¢ bucket at game start (2026-06-03)?
Sooth_QGen#957f68ae4847	Will the Kalshi YES mid-market price for Arizona (Arizona vs Miami) land in the 50-60¢ bucket at game start (2026-06-11)?
Sooth_QGen#95807bc3fc13	Will the Kalshi YES mid-market price for Baltimore (Seattle vs Baltimore) land in the 80-90¢ bucket at game start (2026-06-11)?
Sooth_QGen#95942406ed0b	Will the Kalshi YES mid-market price for Houston (Pittsburgh vs Houston) land in the 90-100¢ bucket at game start (2026-06-03)?
Sooth_QGen#9596cd375f54	Will the Kalshi YES mid-market price for Washington (Washington vs Cleveland) land in the 20-30¢ bucket at game start (2026-05-27)?
Sooth_QGen#9599564acb83	Will the Kalshi YES mid-market price for Tennessee (Will Tennessee win the New York J vs Tennessee Pro Football game) land in the 10-20¢ bucket at game start (2026-09-13)?
Sooth_QGen#959db6a545c8	Will the Kalshi YES mid-market price for St. Louis (San Diego vs St. Louis) land in the 40-50¢ bucket at game start (2026-06-15)?
Sooth_QGen#95a28d4d6381	Will the Kalshi YES mid-market price for Houston (Detroit vs Houston) land in the 10-20¢ bucket at game start (2026-06-16)?
Sooth_QGen#95a7d5e5a6ed	Will the Kalshi YES mid-market price for Tampa Bay (Tampa Bay vs Los Angeles A) land in the 40-50¢ bucket at game start (2026-06-14)?
Sooth_QGen#95aac26584db	Will the Kalshi YES mid-market price for Philadelphia (Philadelphia vs Milwaukee) land in the 50-60¢ bucket at game start (2026-06-14)?
Sooth_QGen#95ac34a61266	Will the Kalshi YES mid-market price for San Francisco (Chicago C vs San Francisco) land in the 70-80¢ bucket at game start (2026-06-14)?
Sooth_QGen#95ce91f7f17c	Will the Kalshi YES mid-market price for Pittsburgh (Los Angeles D vs Pittsburgh) land in the 90-100¢ bucket at game start (2026-06-09)?
Sooth_QGen#95db6fd7eb61	Will the Kalshi YES mid-market price for Cleveland (Detroit vs Cleveland) land in the 0-10¢ bucket at game start (2026-06-14)?
Sooth_QGen#95dc4cd878c8	Will the Kalshi YES mid-market price for Los Angeles A (Los Angeles A vs Los Angeles D) land in the 90-100¢ bucket at game start (2026-06-07)?
Sooth_QGen#95e00bf22e67	Will the Kalshi YES mid-market price for Los Angeles A (Los Angeles A vs Tampa Bay) land in the 0-10¢ bucket at game start (2026-05-31)?
Sooth_QGen#95e12eb610df	Will the Kalshi YES mid-market price for Pittsburgh (Miami vs Pittsburgh) land in the 10-20¢ bucket at game start (2026-06-14)?
Sooth_QGen#95e721401f2a	Will the Kalshi YES mid-market price for VGK Golden Knights (Game 4: Carolina at Vegas) land in the 30-40¢ bucket at game start (2026-06-10)?
Sooth_QGen#95f2e00d8838	Will the Kalshi YES mid-market price for A's (New York Y vs A's) land in the 60-70¢ bucket at game start (2026-05-31)?
Sooth_QGen#95f346e4f584	Will the Kalshi YES mid-market price for Houston (A's vs Houston) land in the 60-70¢ bucket at game start (2026-06-06)?
Sooth_QGen#95fac569654e	Will the Kalshi YES mid-market price for Baltimore (Toronto vs Baltimore) land in the 30-40¢ bucket at game start (2026-05-31)?
Sooth_QGen#960beee7b042	Will the Kalshi YES mid-market price for Kansas City (Texas vs Kansas City) land in the 60-70¢ bucket at game start (2026-06-11)?
Sooth_QGen#960e96bfdd2e	Will the Kalshi YES mid-market price for New England (Will New England win the New England vs Seattle Pro Football game) land in the 20-30¢ bucket at game start (2026-09-09)?
Sooth_QGen#960f3b9b6345	Will the Kalshi YES mid-market price for Houston (A's vs Houston) land in the 80-90¢ bucket at game start (2026-06-07)?
Sooth_QGen#9623215b4829	Will the Kalshi YES mid-market price for Jacksonville (Will Jacksonville win the Cleveland vs Jacksonville Pro Football game) land in the 60-70¢ bucket at game start (2026-09-13)?
Sooth_QGen#963074faf21c	Will the Kalshi YES mid-market price for Baltimore (Will Baltimore win the Baltimore vs Indianapolis Pro Football game) land in the 30-40¢ bucket at game start (2026-09-13)?
Sooth_QGen#9635351c7a4e	Will the Kalshi YES mid-market price for Tampa Bay (Boston vs Tampa Bay) land in the 10-20¢ bucket at game start (2026-06-08)?
Sooth_QGen#96404898d241	Will the Kalshi YES mid-market price for Colorado (Chicago C vs Colorado) land in the 20-30¢ bucket at game start (2026-06-11)?
Sooth_QGen#9646e24fd118	Will the Kalshi YES mid-market price for A's (Pittsburgh vs A's) land in the 50-60¢ bucket at game start (2026-06-16)?
Sooth_QGen#964e8f03e097	Will the Kalshi YES mid-market price for Atlanta (Atlanta vs Cincinnati) land in the 50-60¢ bucket at game start (2026-05-29)?
Sooth_QGen#965b530e50b4	Will the Kalshi YES mid-market price for San Antonio (Game 1: New York at San Antonio) land in the 30-40¢ bucket at game start (2026-06-04)?
Sooth_QGen#967088154b6c	Will the Kalshi YES mid-market price for Atlanta (Atlanta vs New York M) land in the 80-90¢ bucket at game start (2026-06-14)?
Sooth_QGen#9676a8282359	Will the Kalshi YES mid-market price for Washington (San Diego vs Washington) land in the 0-10¢ bucket at game start (2026-05-31)?
Sooth_QGen#967fbfa9d479	Will the Kalshi YES mid-market price for Toronto (Toronto vs Atlanta) land in the 10-20¢ bucket at game start (2026-06-02)?
Sooth_QGen#969587a2ef01	Will the Kalshi YES mid-market price for A's (Milwaukee vs A's) land in the 70-80¢ bucket at game start (2026-06-10)?
Sooth_QGen#969c430445b6	Will the Kalshi YES mid-market price for A's (New York Y vs A's) land in the 60-70¢ bucket at game start (2026-05-31)?
Sooth_QGen#969c8ee51bba	Will the Kalshi YES mid-market price for Kansas City (Houston vs Kansas City) land in the 20-30¢ bucket at game start (2026-06-13)?
Sooth_QGen#96b2fefd5a3d	Will the Kalshi YES mid-market price for New York M (Atlanta vs New York M) land in the 60-70¢ bucket at game start (2026-06-13)?
Sooth_QGen#96c00d68b298	Will the Kalshi YES mid-market price for Pittsburgh (Miami vs Pittsburgh) land in the 10-20¢ bucket at game start (2026-06-12)?
Sooth_QGen#96c60403c7d3	Will the Kalshi YES mid-market price for VGK Golden Knights (Game 2: Vegas at Carolina) land in the 40-50¢ bucket at game start (2026-06-05)?
Sooth_QGen#96c9b6e78e34	Will the Kalshi YES mid-market price for Cleveland (Cleveland vs Texas) land in the 80-90¢ bucket at game start (2026-06-07)?
Sooth_QGen#96fe1d4f0df4	Will the Kalshi YES mid-market price for Green Bay (Will Green Bay win the Green Bay vs Minnesota Pro Football game) land in the 50-60¢ bucket at game start (2026-09-13)?
Sooth_QGen#97047adfb72e	Will the Kalshi YES mid-market price for Minnesota (Kansas City vs Minnesota) land in the 90-100¢ bucket at game start (2026-06-06)?
Sooth_QGen#970488eba0fd	Will the Kalshi YES mid-market price for A's (Pittsburgh vs A's) land in the 60-70¢ bucket at game start (2026-06-16)?
Sooth_QGen#9711a4a83cd4	Will the Kalshi YES mid-market price for Miami (Will Miami win the Miami vs Las Vegas Pro Football game) land in the 90-100¢ bucket at game start (2026-09-13)?
Sooth_QGen#9743c98b6264	Will the Kalshi YES mid-market price for Pittsburgh (Minnesota vs Pittsburgh) land in the 60-70¢ bucket at game start (2026-05-29)?
Sooth_QGen#9755ea5758a4	Will the Kalshi YES mid-market price for Washington (Washington vs Arizona) land in the 80-90¢ bucket at game start (2026-06-06)?
Sooth_QGen#9759a300225f	Will the Kalshi YES mid-market price for Kansas City (Houston vs Kansas City) land in the 90-100¢ bucket at game start (2026-06-13)?
Sooth_QGen#975a2b59fc67	Will the Kalshi YES mid-market price for St. Louis (Cincinnati vs St. Louis) land in the 70-80¢ bucket at game start (2026-06-06)?
Sooth_QGen#975af5a7e009	Will the Kalshi YES mid-market price for New York M (Miami vs New York M) land in the 50-60¢ bucket at game start (2026-05-30)?
Sooth_QGen#976a9880cccb	Will the Kalshi YES mid-market price for Cleveland (New York Y vs Cleveland) land in the 70-80¢ bucket at game start (2026-06-08)?
Sooth_QGen#976cd7fcb7d8	Will the Kalshi YES mid-market price for Chicago WS (Atlanta vs Chicago WS) land in the 40-50¢ bucket at game start (2026-06-11)?
Sooth_QGen#9772679abb58	Will the Kalshi YES mid-market price for Arizona (Arizona vs Seattle) land in the 50-60¢ bucket at game start (2026-05-31)?
Sooth_QGen#977bc72f5657	Will the Kalshi YES mid-market price for St. Louis (San Diego vs St. Louis) land in the 20-30¢ bucket at game start (2026-06-15)?
Sooth_QGen#977e6a24cbd3	Will the Kalshi YES mid-market price for Kansas City (Kansas City vs Cincinnati) land in the 60-70¢ bucket at game start (2026-06-01)?
Sooth_QGen#9784a5429eef	Will the Kalshi YES mid-market price for Philadelphia (Chicago WS vs Philadelphia) land in the 60-70¢ bucket at game start (2026-06-05)?
Sooth_QGen#978606149b92	Will the Kalshi YES mid-market price for Philadelphia (Chicago WS vs Philadelphia) land in the 90-100¢ bucket at game start (2026-06-05)?
Sooth_QGen#979400381aee	Will the Kalshi YES mid-market price for Miami (Miami vs New York M) land in the 30-40¢ bucket at game start (2026-05-31)?
Sooth_QGen#979d3a1a1f99	Will the Kalshi YES mid-market price for A's (Colorado vs A's) land in the 10-20¢ bucket at game start (2026-06-14)?
Sooth_QGen#979d7860009e	Will the Kalshi YES mid-market price for Miami (Miami vs Toronto) land in the 90-100¢ bucket at game start (2026-05-27)?
Sooth_QGen#97a5d2832e40	Will the Kalshi YES mid-market price for Cincinnati (Atlanta vs Cincinnati) land in the 60-70¢ bucket at game start (2026-05-29)?
Sooth_QGen#97b80647f937	Will the Kalshi YES mid-market price for Kansas City (Kansas City vs Minnesota) land in the 50-60¢ bucket at game start (2026-06-06)?
Sooth_QGen#97bb96560db1	Will the Kalshi YES mid-market price for Pittsburgh (Minnesota vs Pittsburgh) land in the 70-80¢ bucket at game start (2026-05-30)?
Sooth_QGen#97d2220b42d7	Will the Kalshi YES mid-market price for Tampa Bay (Tampa Bay vs Los Angeles D) land in the 70-80¢ bucket at game start (2026-06-16)?
Sooth_QGen#97f8349d6f55	Will the Kalshi YES mid-market price for Los Angeles D (Los Angeles A vs Los Angeles D) land in the 0-10¢ bucket at game start (2026-06-07)?
Sooth_QGen#980f0e176d1d	Will the Kalshi YES mid-market price for A's (A's vs Chicago C) land in the 70-80¢ bucket at game start (2026-06-03)?
Sooth_QGen#981a81545b07	Will the Kalshi YES mid-market price for San Diego (Cincinnati vs San Diego) land in the 0-10¢ bucket at game start (2026-06-10)?
Sooth_QGen#98400342b3f8	Will the Kalshi YES mid-market price for Chicago WS (Los Angeles D vs Chicago WS) land in the 60-70¢ bucket at game start (2026-06-14)?
Sooth_QGen#98446f6e8289	Will the Kalshi YES mid-market price for Cincinnati (Arizona vs Cincinnati) land in the 70-80¢ bucket at game start (2026-06-12)?
Sooth_QGen#984cf7577a57	Will the Kalshi YES mid-market price for New York M (Atlanta vs New York M) land in the 20-30¢ bucket at game start (2026-06-14)?
Sooth_QGen#9858c4a0714a	Will the Kalshi YES mid-market price for Detroit (Detroit vs Cleveland) land in the 0-10¢ bucket at game start (2026-06-12)?
Sooth_QGen#985e9be615bd	Will the Kalshi YES mid-market price for Minnesota (Minnesota vs Pittsburgh) land in the 90-100¢ bucket at game start (2026-05-30)?
Sooth_QGen#98616bd842a4	Will the Kalshi YES mid-market price for San Diego (San Diego vs Philadelphia) land in the 20-30¢ bucket at game start (2026-06-04)?
Sooth_QGen#987fede3a09d	Will the Kalshi YES mid-market price for Los Angeles D (Los Angeles D vs Arizona) land in the 90-100¢ bucket at game start (2026-06-03)?
Sooth_QGen#988f2b3e55a8	Will the Kalshi YES mid-market price for Seattle (Seattle vs Baltimore) land in the 80-90¢ bucket at game start (2026-06-11)?
Sooth_QGen#9894d12d8db7	Will the Kalshi YES mid-market price for Miami (Miami vs New York M) land in the 70-80¢ bucket at game start (2026-05-30)?
Sooth_QGen#989595a57101	Will the Kalshi YES mid-market price for Pittsburgh (Pittsburgh vs Houston) land in the 60-70¢ bucket at game start (2026-06-04)?
Sooth_QGen#98972cd84e06	Will the Kalshi YES mid-market price for Baltimore (Will Baltimore win the Baltimore vs Indianapolis Pro Football game) land in the 80-90¢ bucket at game start (2026-09-13)?
Sooth_QGen#989bbf5aebf5	Will the Kalshi YES mid-market price for Boston (Boston vs Cleveland) land in the 50-60¢ bucket at game start (2026-05-31)?
Sooth_QGen#989e9d64d426	Will the Kalshi YES mid-market price for Seattle (Seattle vs Washington) land in the 80-90¢ bucket at game start (2026-06-13)?
Sooth_QGen#989f958c61d3	Will the Kalshi YES mid-market price for Philadelphia (Miami vs Philadelphia) land in the 50-60¢ bucket at game start (2026-06-15)?
Sooth_QGen#98ae67c432db	Will the Kalshi YES mid-market price for Baltimore (Baltimore vs Toronto) land in the 70-80¢ bucket at game start (2026-06-07)?
Sooth_QGen#98c45be2d9d0	Will the Kalshi YES mid-market price for VGK Golden Knights (Game 1: Vegas at Carolina) land in the 0-10¢ bucket at game start (2026-06-03)?
Sooth_QGen#98d3622fcef5	Will the Kalshi YES mid-market price for Detroit (Seattle vs Detroit) land in the 90-100¢ bucket at game start (2026-06-05)?
Sooth_QGen#98dc4ba58cbc	Will the Kalshi YES mid-market price for Toronto (New York Y vs Toronto) land in the 40-50¢ bucket at game start (2026-06-13)?
Sooth_QGen#98f42ffd758d	Will the Kalshi YES mid-market price for Philadelphia (San Diego vs Philadelphia) land in the 20-30¢ bucket at game start (2026-06-03)?
Sooth_QGen#98feb131eac9	Will the Kalshi YES mid-market price for Arizona (Arizona vs San Francisco) land in the 0-10¢ bucket at game start (2026-05-27)?
Sooth_QGen#9914ab50c3e6	Will the Kalshi YES mid-market price for Miami (Miami vs New York M) land in the 20-30¢ bucket at game start (2026-05-30)?
Sooth_QGen#99225b600b65	Will the Kalshi YES mid-market price for A's (Colorado vs A's) land in the 40-50¢ bucket at game start (2026-06-14)?
Sooth_QGen#9932df512374	Will the Kalshi YES mid-market price for Texas (Kansas City vs Texas) land in the 30-40¢ bucket at game start (2026-05-31)?
Sooth_QGen#99686bcee070	Will the Kalshi YES mid-market price for New England (Will New England win the New England vs Seattle Pro Football game) land in the 60-70¢ bucket at game start (2026-09-09)?
Sooth_QGen#996a1e763939	Will the Kalshi YES mid-market price for Baltimore (Toronto vs Baltimore) land in the 90-100¢ bucket at game start (2026-05-29)?
Sooth_QGen#997a93d9a528	Will the Kalshi YES mid-market price for New York M (Atlanta vs New York M) land in the 90-100¢ bucket at game start (2026-06-12)?
Sooth_QGen#9987a35a1484	Will the Kalshi YES mid-market price for Cleveland (Detroit vs Cleveland) land in the 30-40¢ bucket at game start (2026-06-13)?
Sooth_QGen#998d8d781d23	Will the Kalshi YES mid-market price for Los Angeles D (Los Angeles D vs Arizona) land in the 10-20¢ bucket at game start (2026-06-04)?
Sooth_QGen#99a8b8cd5e58	Will the Kalshi YES mid-market price for San Diego (New York M vs San Diego) land in the 50-60¢ bucket at game start (2026-06-07)?
Sooth_QGen#99b72fde6dfa	Will the Kalshi YES mid-market price for Texas (Texas vs St. Louis) land in the 0-10¢ bucket at game start (2026-06-01)?
Sooth_QGen#99bbe054599b	Will the Kalshi YES mid-market price for A's (Pittsburgh vs A's) land in the 30-40¢ bucket at game start (2026-06-16)?
Sooth_QGen#99ca5b0c1900	Will the Kalshi YES mid-market price for Baltimore (Toronto vs Baltimore) land in the 10-20¢ bucket at game start (2026-05-30)?
Sooth_QGen#99e5a0308a46	Will the Kalshi YES mid-market price for Milwaukee (San Francisco vs Milwaukee) land in the 90-100¢ bucket at game start (2026-06-04)?
Sooth_QGen#99f7f2c5181e	Will the Kalshi YES mid-market price for Toronto (New York Y vs Toronto) land in the 20-30¢ bucket at game start (2026-06-13)?
Sooth_QGen#99faef43d910	Will the Kalshi YES mid-market price for Arizona (Los Angeles D vs Arizona) land in the 70-80¢ bucket at game start (2026-06-05)?
Sooth_QGen#9a0e6a454b27	Will the Kalshi YES mid-market price for Pittsburgh (Miami vs Pittsburgh) land in the 60-70¢ bucket at game start (2026-06-12)?
Sooth_QGen#9a2abc5cb5ad	Will the Kalshi YES mid-market price for Kansas City (Kansas City vs Minnesota) land in the 70-80¢ bucket at game start (2026-06-06)?
Sooth_QGen#9a2dab41930c	Will the Kalshi YES mid-market price for Texas (Texas vs St. Louis) land in the 70-80¢ bucket at game start (2026-06-03)?
Sooth_QGen#9a31f2158e08	Will the Kalshi YES mid-market price for A's (Pittsburgh vs A's) land in the 10-20¢ bucket at game start (2026-06-16)?
Sooth_QGen#9a38602c4822	Will the Kalshi YES mid-market price for Atlanta (Atlanta vs Chicago WS) land in the 20-30¢ bucket at game start (2026-06-09)?
Sooth_QGen#9a3c22ea84dc	Will the Kalshi YES mid-market price for Chicago C (Chicago C vs Colorado) land in the 70-80¢ bucket at game start (2026-06-11)?
Sooth_QGen#9a498e10c086	Will the Kalshi YES mid-market price for Arizona (Washington vs Arizona) land in the 60-70¢ bucket at game start (2026-06-07)?
Sooth_QGen#9a52a6750c2a	Will the Kalshi YES mid-market price for Minnesota (Minnesota vs Pittsburgh) land in the 60-70¢ bucket at game start (2026-05-31)?
Sooth_QGen#9a5864a0b6a1	Will the Kalshi YES mid-market price for Baltimore (Baltimore vs Toronto) land in the 10-20¢ bucket at game start (2026-06-05)?
Sooth_QGen#9a5fab2890d2	Will the Kalshi YES mid-market price for Cleveland (Boston vs Cleveland) land in the 80-90¢ bucket at game start (2026-05-29)?
Sooth_QGen#9a6549b4fe0d	Will the Kalshi YES mid-market price for St. Louis (St. Louis vs Minnesota) land in the 50-60¢ bucket at game start (2026-06-13)?
Sooth_QGen#9a8ef0377c16	Will the Kalshi YES mid-market price for Seattle (Seattle vs A's) land in the 90-100¢ bucket at game start (2026-05-27)?
Sooth_QGen#9a96f4130357	Will the Kalshi YES mid-market price for Atlanta (Pittsburgh vs Atlanta) land in the 30-40¢ bucket at game start (2026-06-06)?
Sooth_QGen#9aa025c68a63	Will the Kalshi YES mid-market price for Chicago (Will Chicago win the Chicago vs Carolina Pro Football game) land in the 70-80¢ bucket at game start (2026-09-13)?
Sooth_QGen#9aaa53a24771	Will the Kalshi YES mid-market price for Colorado (San Francisco vs Colorado) land in the 20-30¢ bucket at game start (2026-05-30)?
Sooth_QGen#9ac7577e3568	Will the Kalshi YES mid-market price for Miami (Miami vs Philadelphia) land in the 60-70¢ bucket at game start (2026-06-15)?
Sooth_QGen#9ad5de60d5f2	Will the Kalshi YES mid-market price for Kansas City (Houston vs Kansas City) land in the 40-50¢ bucket at game start (2026-06-13)?
Sooth_QGen#9ada4130e185	Will the Kalshi YES mid-market price for Chicago C (Chicago C vs San Francisco) land in the 50-60¢ bucket at game start (2026-06-13)?
Sooth_QGen#9aeb785b42c0	Will the Kalshi YES mid-market price for Kansas City (Kansas City vs Cincinnati) land in the 20-30¢ bucket at game start (2026-06-02)?
Sooth_QGen#9b00afacc5d9	Will the Kalshi YES mid-market price for Pittsburgh (Pittsburgh vs Houston) land in the 80-90¢ bucket at game start (2026-06-05)?
Sooth_QGen#9b2362a8faa9	Will the Kalshi YES mid-market price for Arizona (Washington vs Arizona) land in the 50-60¢ bucket at game start (2026-06-06)?
Sooth_QGen#9b2795ca580a	Will the Kalshi YES mid-market price for Cleveland (New York Y vs Cleveland) land in the 80-90¢ bucket at game start (2026-06-09)?
Sooth_QGen#9b45e6e997fa	Will the Kalshi YES mid-market price for New York M (New York M vs Seattle) land in the 30-40¢ bucket at game start (2026-06-02)?
Sooth_QGen#9b530a6f18e2	Will the Kalshi YES mid-market price for Green Bay (Will Green Bay win the Green Bay vs Minnesota Pro Football game) land in the 40-50¢ bucket at game start (2026-09-13)?
Sooth_QGen#9b549d025a8a	Will the Kalshi YES mid-market price for Seattle (Arizona vs Seattle) land in the 30-40¢ bucket at game start (2026-05-31)?
Sooth_QGen#9b5cac3617fd	Will the Kalshi YES mid-market price for Miami (Miami vs Washington) land in the 10-20¢ bucket at game start (2026-06-01)?
Sooth_QGen#9b5f4603ce84	Will the Kalshi YES mid-market price for Chicago C (Chicago C vs Colorado) land in the 60-70¢ bucket at game start (2026-06-11)?
Sooth_QGen#9b61835456d3	Will the Kalshi YES mid-market price for Washington (Washington vs Cleveland) land in the 0-10¢ bucket at game start (2026-05-27)?
Sooth_QGen#9b7185cc64eb	Will the Kalshi YES mid-market price for Washington (Washington vs San Francisco) land in the 80-90¢ bucket at game start (2026-06-10)?
Sooth_QGen#9b810227888e	Will the Kalshi YES mid-market price for Baltimore (San Diego vs Baltimore) land in the 60-70¢ bucket at game start (2026-06-14)?
Sooth_QGen#9b8ba507d935	Will the Kalshi YES mid-market price for San Francisco (Arizona vs San Francisco) land in the 20-30¢ bucket at game start (2026-05-27)?
Sooth_QGen#9bb7c43aee6e	Will the Kalshi YES mid-market price for Houston (Houston vs Kansas City) land in the 80-90¢ bucket at game start (2026-06-13)?
Sooth_QGen#9bb89d54a033	Will the Kalshi YES mid-market price for Texas (Texas vs St. Louis) land in the 20-30¢ bucket at game start (2026-06-02)?
Sooth_QGen#9bc075069944	Will the Kalshi YES mid-market price for Miami (Miami vs Pittsburgh) land in the 90-100¢ bucket at game start (2026-06-12)?
Sooth_QGen#9bc905a61ec5	Will the Kalshi YES mid-market price for Arizona (Arizona vs San Francisco) land in the 20-30¢ bucket at game start (2026-05-27)?
Sooth_QGen#9bcb54bf75dd	Will the Kalshi YES mid-market price for Chicago WS (Chicago WS vs Philadelphia) land in the 30-40¢ bucket at game start (2026-06-07)?
Sooth_QGen#9bd1b7cd2e9d	Will the Kalshi YES mid-market price for Seattle (Arizona vs Seattle) land in the 50-60¢ bucket at game start (2026-05-30)?
Sooth_QGen#9bdda72400f5	Will the Kalshi YES mid-market price for Colorado (Milwaukee vs Colorado) land in the 50-60¢ bucket at game start (2026-06-06)?
Sooth_QGen#9be1b087da65	Will the Kalshi YES mid-market price for Atlanta (Will Atlanta win the Atlanta vs Pittsburgh Pro Football game) land in the 70-80¢ bucket at game start (2026-09-13)?
Sooth_QGen#9bfe8a6a248a	Will the Kalshi YES mid-market price for Philadelphia (San Diego vs Philadelphia) land in the 20-30¢ bucket at game start (2026-06-02)?
Sooth_QGen#9c09f8b53598	Will the Kalshi YES mid-market price for Texas (Texas vs St. Louis) land in the 40-50¢ bucket at game start (2026-06-03)?
Sooth_QGen#9c17f1588f65	Will the Kalshi YES mid-market price for Cincinnati (Arizona vs Cincinnati) land in the 60-70¢ bucket at game start (2026-06-13)?
Sooth_QGen#9c1cec63f37a	Will the Kalshi YES mid-market price for Cleveland (New York Y vs Cleveland) land in the 60-70¢ bucket at game start (2026-06-08)?
Sooth_QGen#9c3f32dd5359	Will the Kalshi YES mid-market price for Minnesota (Minnesota vs Detroit) land in the 10-20¢ bucket at game start (2026-06-11)?
Sooth_QGen#9c451cce6168	Will the Kalshi YES mid-market price for Tampa Bay (Los Angeles A vs Tampa Bay) land in the 80-90¢ bucket at game start (2026-05-31)?
Sooth_QGen#9c46e73b2dcc	Will the Kalshi YES mid-market price for St. Louis (Chicago C vs St. Louis) land in the 20-30¢ bucket at game start (2026-05-30)?
Sooth_QGen#9c5d02eeff7d	Will the Kalshi YES mid-market price for New York Y (Cleveland vs New York Y) land in the 30-40¢ bucket at game start (2026-06-02)?
Sooth_QGen#9c64e18b69cb	Will the Kalshi YES mid-market price for San Francisco (San Francisco vs Colorado) land in the 40-50¢ bucket at game start (2026-05-31)?
Sooth_QGen#9c79db8e2538	Will the Kalshi YES mid-market price for Los Angeles D (Los Angeles D vs Chicago WS) land in the 40-50¢ bucket at game start (2026-06-14)?
Sooth_QGen#9c8e75489c02	Will the Kalshi YES mid-market price for Los Angeles A (Los Angeles A vs Tampa Bay) land in the 90-100¢ bucket at game start (2026-05-29)?
Sooth_QGen#9c960af14e51	Will the Kalshi YES mid-market price for Detroit (Minnesota vs Detroit) land in the 40-50¢ bucket at game start (2026-06-10)?
Sooth_QGen#9c9990008648	Will the Kalshi YES mid-market price for Boston (Boston vs New York Y) land in the 0-10¢ bucket at game start (2026-06-05)?
Sooth_QGen#9ca49fbf7493	Will the Kalshi YES mid-market price for New York (Game 1: New York at San Antonio) land in the 10-20¢ bucket at game start (2026-06-04)?
Sooth_QGen#9ca5d453ab33	Will the Kalshi YES mid-market price for Washington (San Diego vs Washington) land in the 80-90¢ bucket at game start (2026-05-31)?
Sooth_QGen#9cc157ac08b2	Will the Kalshi YES mid-market price for Houston (A's vs Houston) land in the 70-80¢ bucket at game start (2026-06-06)?
Sooth_QGen#9cddc29eb25d	Will the Kalshi YES mid-market price for Minnesota (Chicago WS vs Minnesota) land in the 90-100¢ bucket at game start (2026-06-03)?
Sooth_QGen#9ce755941fec	Will the Kalshi YES mid-market price for Boston (Boston vs Tampa Bay) land in the 0-10¢ bucket at game start (2026-06-09)?
Sooth_QGen#9d06c7e892e4	Will the Kalshi YES mid-market price for Los Angeles D (Philadelphia vs Los Angeles D) land in the 60-70¢ bucket at game start (2026-05-31)?
Sooth_QGen#9d074e90258b	Will the Kalshi YES mid-market price for Colorado (Chicago C vs Colorado) land in the 90-100¢ bucket at game start (2026-06-11)?
Sooth_QGen#9d19ccf753fe	Will the Kalshi YES mid-market price for Miami (Miami vs Washington) land in the 50-60¢ bucket at game start (2026-06-02)?
Sooth_QGen#9d233db2cc32	Will the Kalshi YES mid-market price for Tampa Bay (Tampa Bay vs Miami) land in the 50-60¢ bucket at game start (2026-06-07)?
Sooth_QGen#9d252675e199	Will the Kalshi YES mid-market price for Minnesota (Minnesota vs Detroit) land in the 10-20¢ bucket at game start (2026-06-10)?
Sooth_QGen#9d3ea3f527c9	Will the Kalshi YES mid-market price for Los Angeles A (Houston vs Los Angeles A) land in the 20-30¢ bucket at game start (2026-06-11)?
Sooth_QGen#9d4be844adb3	Will the Kalshi YES mid-market price for San Diego (New York M vs San Diego) land in the 60-70¢ bucket at game start (2026-06-07)?
Sooth_QGen#9d4c72d5ebbd	Will the Kalshi YES mid-market price for Los Angeles D (Los Angeles D vs Arizona) land in the 60-70¢ bucket at game start (2026-06-04)?
Sooth_QGen#9d607f3259c6	Will the Kalshi YES mid-market price for Atlanta (Atlanta vs Cincinnati) land in the 90-100¢ bucket at game start (2026-05-29)?
Sooth_QGen#9d9416eb9b5c	Will the Kalshi YES mid-market price for Chicago WS (Chicago WS vs Minnesota) land in the 90-100¢ bucket at game start (2026-06-01)?
Sooth_QGen#9da930f722ed	Will the Kalshi YES mid-market price for Tampa Bay (Tampa Bay vs Los Angeles A) land in the 90-100¢ bucket at game start (2026-06-13)?
Sooth_QGen#9da98cda5b7c	Will the Kalshi YES mid-market price for Seattle (Arizona vs Seattle) land in the 10-20¢ bucket at game start (2026-05-30)?
Sooth_QGen#9db698600671	Will the Kalshi YES mid-market price for San Francisco (Washington vs San Francisco) land in the 90-100¢ bucket at game start (2026-06-10)?
Sooth_QGen#9dc4f8157fa1	Will the Kalshi YES mid-market price for St. Louis (Cincinnati vs St. Louis) land in the 60-70¢ bucket at game start (2026-06-06)?
Sooth_QGen#9dd56aca71d3	Will the Kalshi YES mid-market price for Los Angeles R (Will Los Angeles R win the San Francisco vs Los Angeles R Pro Football game) land in the 70-80¢ bucket at game start (2026-09-11)?
Sooth_QGen#9dd5cbe5558c	Will the Kalshi YES mid-market price for Milwaukee (Milwaukee vs A's) land in the 80-90¢ bucket at game start (2026-06-11)?
Sooth_QGen#9e0535c29680	Will the Kalshi YES mid-market price for New York M (Atlanta vs New York M) land in the 40-50¢ bucket at game start (2026-06-12)?
Sooth_QGen#9e37d9d5451c	Will the Kalshi YES mid-market price for Arizona (Arizona vs Miami) land in the 0-10¢ bucket at game start (2026-06-09)?
Sooth_QGen#9e3fc23b4838	Will the Kalshi YES mid-market price for Cleveland (Cleveland vs New York Y) land in the 60-70¢ bucket at game start (2026-06-03)?
Sooth_QGen#9e45c2d2c3fb	Will the Kalshi YES mid-market price for Atlanta (Atlanta vs Cincinnati) land in the 80-90¢ bucket at game start (2026-05-31)?
Sooth_QGen#9e9bf690676d	Will the Kalshi YES mid-market price for New York (Game 3: San Antonio at New York) land in the 40-50¢ bucket at game start (2026-06-09)?
Sooth_QGen#9eabdcbbf4b8	Will the Kalshi YES mid-market price for Boston (Boston vs Tampa Bay) land in the 30-40¢ bucket at game start (2026-06-10)?
Sooth_QGen#9eb434f6aba1	Will the Kalshi YES mid-market price for Chicago C (Chicago C vs St. Louis) land in the 40-50¢ bucket at game start (2026-05-29)?
Sooth_QGen#9eb8f7a3d3b1	Will the Kalshi YES mid-market price for San Francisco (San Francisco vs Chicago C) land in the 60-70¢ bucket at game start (2026-06-08)?
Sooth_QGen#9ebcf03a997e	Will the Kalshi YES mid-market price for Miami (Arizona vs Miami) land in the 20-30¢ bucket at game start (2026-06-11)?
Sooth_QGen#9ecf0bcb1f57	Will the Kalshi YES mid-market price for Carolina (Will Carolina win the Chicago vs Carolina Pro Football game) land in the 40-50¢ bucket at game start (2026-09-13)?
Sooth_QGen#9ed22528fe60	Will the Kalshi YES mid-market price for New York Y (New York Y vs Toronto) land in the 90-100¢ bucket at game start (2026-06-13)?
Sooth_QGen#9ef1e12e96d2	Will the Kalshi YES mid-market price for Chicago C (Chicago C vs San Francisco) land in the 50-60¢ bucket at game start (2026-06-14)?
Sooth_QGen#9efd7e3e0beb	Will the Kalshi YES mid-market price for Seattle (Seattle vs Washington) land in the 30-40¢ bucket at game start (2026-06-13)?
Sooth_QGen#9f0a9ac1b27b	Will the Kalshi YES mid-market price for St. Louis (Cincinnati vs St. Louis) land in the 30-40¢ bucket at game start (2026-06-06)?
Sooth_QGen#9f1c7f7f7dec	Will the Kalshi YES mid-market price for Pittsburgh (Pittsburgh vs Houston) land in the 40-50¢ bucket at game start (2026-06-03)?
Sooth_QGen#9f227d19e3a8	Will the Kalshi YES mid-market price for Milwaukee (San Francisco vs Milwaukee) land in the 50-60¢ bucket at game start (2026-06-01)?
Sooth_QGen#9f4225362fca	Will the Kalshi YES mid-market price for Atlanta (Pittsburgh vs Atlanta) land in the 70-80¢ bucket at game start (2026-06-05)?
Sooth_QGen#9f4d1ae1a5da	Will the Kalshi YES mid-market price for Pittsburgh (Miami vs Pittsburgh) land in the 90-100¢ bucket at game start (2026-06-13)?
Sooth_QGen#9f55e443f232	Will the Kalshi YES mid-market price for Detroit (Detroit vs Tampa Bay) land in the 10-20¢ bucket at game start (2026-06-02)?
Sooth_QGen#9f7db6a4071a	Will the Kalshi YES mid-market price for Chicago C (A's vs Chicago C) land in the 50-60¢ bucket at game start (2026-06-03)?
Sooth_QGen#9f802144bea4	Will the Kalshi YES mid-market price for Tampa Bay (Detroit vs Tampa Bay) land in the 10-20¢ bucket at game start (2026-06-03)?
Sooth_QGen#9f86834b53e5	Will the Kalshi YES mid-market price for Los Angeles D (Los Angeles A vs Los Angeles D) land in the 0-10¢ bucket at game start (2026-06-07)?
Sooth_QGen#9f941c788d21	Will the Kalshi YES mid-market price for Pittsburgh (Miami vs Pittsburgh) land in the 20-30¢ bucket at game start (2026-06-12)?
Sooth_QGen#9f95260fce93	Will the Kalshi YES mid-market price for Toronto (New York Y vs Toronto) land in the 10-20¢ bucket at game start (2026-06-14)?
Sooth_QGen#9f9c4f6b824c	Will the Kalshi YES mid-market price for Los Angeles A (Los Angeles A vs Tampa Bay) land in the 10-20¢ bucket at game start (2026-05-30)?
Sooth_QGen#9f9ecd835f02	Will the Kalshi YES mid-market price for Philadelphia (Philadelphia vs Milwaukee) land in the 0-10¢ bucket at game start (2026-06-13)?
Sooth_QGen#9fa35bb21c68	Will the Kalshi YES mid-market price for Colorado (Chicago C vs Colorado) land in the 40-50¢ bucket at game start (2026-06-11)?
Sooth_QGen#9fb7b2b84106	Will the Kalshi YES mid-market price for Kansas City (Kansas City vs Cincinnati) land in the 10-20¢ bucket at game start (2026-06-02)?
Sooth_QGen#9fc15e4bbbb0	Will the Kalshi YES mid-market price for Miami (Miami vs Washington) land in the 30-40¢ bucket at game start (2026-06-01)?
Sooth_QGen#9fc1dbbd85dd	Will the Kalshi YES mid-market price for Minnesota (Chicago WS vs Minnesota) land in the 40-50¢ bucket at game start (2026-06-03)?
Sooth_QGen#9fc7b1b26a88	Will the Kalshi YES mid-market price for Cincinnati (Arizona vs Cincinnati) land in the 60-70¢ bucket at game start (2026-06-12)?
Sooth_QGen#9fcc4ae363a5	Will the Kalshi YES mid-market price for New York M (New York M vs Seattle) land in the 40-50¢ bucket at game start (2026-06-03)?
Sooth_QGen#9fce8cd652be	Will the Kalshi YES mid-market price for Kansas City (Texas vs Kansas City) land in the 50-60¢ bucket at game start (2026-06-10)?
Sooth_QGen#9fd1bf33dfa7	Will the Kalshi YES mid-market price for New York (Game 3: San Antonio at New York) land in the 20-30¢ bucket at game start (2026-06-09)?
Sooth_QGen#9fd4e21c6fb9	Will the Kalshi YES mid-market price for Milwaukee (Milwaukee vs A's) land in the 30-40¢ bucket at game start (2026-06-10)?
Sooth_QGen#9fd6b6cbfbe2	Will the Kalshi YES mid-market price for St. Louis (Chicago C vs St. Louis) land in the 70-80¢ bucket at game start (2026-05-31)?
Sooth_QGen#9fdac56e06a8	Will the Kalshi YES mid-market price for Houston (A's vs Houston) land in the 80-90¢ bucket at game start (2026-06-06)?
Sooth_QGen#9fe72f181807	Will the Kalshi YES mid-market price for Colorado (Chicago C vs Colorado) land in the 30-40¢ bucket at game start (2026-06-10)?
Sooth_QGen#9fefb6a347e0	Will the Kalshi YES mid-market price for San Diego (New York M vs San Diego) land in the 60-70¢ bucket at game start (2026-06-07)?
Sooth_QGen#9ff3574dca4b	Will the Kalshi YES mid-market price for Cleveland (Boston vs Cleveland) land in the 70-80¢ bucket at game start (2026-05-30)?
Sooth_QGen#a007b39c5f90	Will the Kalshi YES mid-market price for Detroit (Detroit vs Tampa Bay) land in the 50-60¢ bucket at game start (2026-06-03)?
Sooth_QGen#a01a17aef899	Will the Kalshi YES mid-market price for Los Angeles D (Los Angeles A vs Los Angeles D) land in the 90-100¢ bucket at game start (2026-06-07)?
Sooth_QGen#a01a557dec32	Will the Kalshi YES mid-market price for A's (A's vs Chicago C) land in the 0-10¢ bucket at game start (2026-06-04)?
Sooth_QGen#a01bf44e8f73	Will the Kalshi YES mid-market price for Detroit (Detroit vs Tampa Bay) land in the 90-100¢ bucket at game start (2026-06-03)?
Sooth_QGen#a01dbe30e068	Will the Kalshi YES mid-market price for Philadelphia (Philadelphia vs Toronto) land in the 0-10¢ bucket at game start (2026-06-10)?
Sooth_QGen#a02701101dea	Will the Kalshi YES mid-market price for Minnesota (Minnesota vs Detroit) land in the 80-90¢ bucket at game start (2026-06-09)?
Sooth_QGen#a031b810bab5	Will the Kalshi YES mid-market price for New York Y (New York Y vs Toronto) land in the 40-50¢ bucket at game start (2026-06-13)?
Sooth_QGen#a04357cdab56	Will the Kalshi YES mid-market price for Los Angeles D (Los Angeles D vs Arizona) land in the 0-10¢ bucket at game start (2026-06-02)?
Sooth_QGen#a04fc843941c	Will the Kalshi YES mid-market price for Philadelphia (Philadelphia vs Milwaukee) land in the 40-50¢ bucket at game start (2026-06-12)?
Sooth_QGen#a057d4a3c899	Will the Kalshi YES mid-market price for A's (A's vs Chicago C) land in the 70-80¢ bucket at game start (2026-06-05)?
Sooth_QGen#a057f2150503	Will the Kalshi YES mid-market price for Minnesota (Minnesota vs Detroit) land in the 40-50¢ bucket at game start (2026-06-10)?
Sooth_QGen#a057fccb7c9f	Will the Kalshi YES mid-market price for Washington (Washington vs San Francisco) land in the 70-80¢ bucket at game start (2026-06-09)?
Sooth_QGen#a061fdc27312	Will the Kalshi YES mid-market price for Arizona (Washington vs Arizona) land in the 90-100¢ bucket at game start (2026-06-06)?
Sooth_QGen#a066db1f28f0	Will the Kalshi YES mid-market price for Washington (Washington vs San Francisco) land in the 90-100¢ bucket at game start (2026-06-09)?
Sooth_QGen#a07490d1684e	Will the Kalshi YES mid-market price for A's (Milwaukee vs A's) land in the 0-10¢ bucket at game start (2026-06-11)?
Sooth_QGen#a088840fe2d4	Will the Kalshi YES mid-market price for Pittsburgh (Minnesota vs Pittsburgh) land in the 90-100¢ bucket at game start (2026-05-31)?
Sooth_QGen#a08d606c2fce	Will the Kalshi YES mid-market price for Chicago WS (Chicago WS vs Minnesota) land in the 50-60¢ bucket at game start (2026-06-03)?
Sooth_QGen#a08fed5e4a6b	Will the Kalshi YES mid-market price for Kansas City (Kansas City vs Minnesota) land in the 20-30¢ bucket at game start (2026-06-06)?
Sooth_QGen#a0996c74a64a	Will the Kalshi YES mid-market price for Pittsburgh (Minnesota vs Pittsburgh) land in the 0-10¢ bucket at game start (2026-05-30)?
Sooth_QGen#a09e6840e546	Will the Polymarket 'Which party will win the House in 2026?' Democratic Party YES contract mid-price be at or above $0.78 at 12:00 UTC on June 2, 2026?
Sooth_QGen#a0b067f2b08c	Will the Kalshi YES mid-market price for Arizona (Arizona vs Seattle) land in the 40-50¢ bucket at game start (2026-05-30)?
Sooth_QGen#a0b99c11cbab	Will the Kalshi YES mid-market price for Cleveland (New York Y vs Cleveland) land in the 20-30¢ bucket at game start (2026-06-10)?
Sooth_QGen#a0caf22b4c98	Will the Kalshi YES mid-market price for VGK Golden Knights (Game 3: Carolina at Vegas) land in the 80-90¢ bucket at game start (2026-06-07)?
Sooth_QGen#a0e6a7a3550c	Will the Kalshi YES mid-market price for San Diego (San Diego vs St. Louis) land in the 30-40¢ bucket at game start (2026-06-15)?
Sooth_QGen#a11d7c4e1597	Will the Kalshi YES mid-market price for A's (A's vs Chicago C) land in the 20-30¢ bucket at game start (2026-06-04)?
Sooth_QGen#a12a61d5eb06	Will the Kalshi YES mid-market price for St. Louis (Chicago C vs St. Louis) land in the 0-10¢ bucket at game start (2026-05-30)?
Sooth_QGen#a13426ee88f8	Will the Kalshi YES mid-market price for Texas (Cleveland vs Texas) land in the 40-50¢ bucket at game start (2026-06-06)?
Sooth_QGen#a13ad1a942c0	Will the Kalshi YES mid-market price for San Francisco (Washington vs San Francisco) land in the 30-40¢ bucket at game start (2026-06-10)?
Sooth_QGen#a1560e24a098	Will the Kalshi YES mid-market price for Los Angeles D (Los Angeles D vs Chicago WS) land in the 70-80¢ bucket at game start (2026-06-14)?
Sooth_QGen#a15a5488c59e	Will the Kalshi YES mid-market price for New York M (St. Louis vs New York M) land in the 10-20¢ bucket at game start (2026-06-10)?
Sooth_QGen#a163d9b4b88a	Will the Kalshi YES mid-market price for San Diego (New York M vs San Diego) land in the 90-100¢ bucket at game start (2026-06-07)?
Sooth_QGen#a17201c79090	Will the Kalshi YES mid-market price for Tampa Bay (Detroit vs Tampa Bay) land in the 70-80¢ bucket at game start (2026-06-02)?
Sooth_QGen#a1988dbed3da	Will the Kalshi YES mid-market price for Colorado (Chicago C vs Colorado) land in the 10-20¢ bucket at game start (2026-06-11)?
Sooth_QGen#a1a1dd1fe749	Will the Kalshi YES mid-market price for New York (Game 4: San Antonio at New York) land in the 30-40¢ bucket at game start (2026-06-11)?
Sooth_QGen#a1bcbdb49654	Will the Kalshi YES mid-market price for Cincinnati (Cincinnati vs St. Louis) land in the 80-90¢ bucket at game start (2026-06-06)?
Sooth_QGen#a1c0cde5cd8f	Will the Kalshi YES mid-market price for St. Louis (Cincinnati vs St. Louis) land in the 30-40¢ bucket at game start (2026-06-07)?
Sooth_QGen#a1d22d9d116b	Will the Kalshi YES mid-market price for Washington (Washington vs Cleveland) land in the 10-20¢ bucket at game start (2026-05-27)?
Sooth_QGen#a1de3c313089	Will the Kalshi YES mid-market price for New York (Game 5: New York at San Antonio) land in the 70-80¢ bucket at game start (2026-06-14)?
Sooth_QGen#a1ef019d21c1	Will the Kalshi YES mid-market price for Texas (Minnesota vs Texas) land in the 40-50¢ bucket at game start (2026-06-16)?
Sooth_QGen#a1fb64b75e8b	Will the Kalshi YES mid-market price for MTL Canadiens (Game 5: Montreal at Carolina) land in the 40-50¢ bucket at game start (2026-05-30)?
Sooth_QGen#a205c6f72f92	Will the Kalshi YES mid-market price for Boston (Texas vs Boston) land in the 60-70¢ bucket at game start (2026-06-12)?
Sooth_QGen#a20868f4f43d	Will the Kalshi YES mid-market price for Los Angeles A (Colorado vs Los Angeles A) land in the 0-10¢ bucket at game start (2026-06-04)?
Sooth_QGen#a20e3b414596	Will the Kalshi YES mid-market price for Los Angeles A (Tampa Bay vs Los Angeles A) land in the 10-20¢ bucket at game start (2026-06-13)?
Sooth_QGen#a217bcdbc5a5	Will the Kalshi YES mid-market price for San Francisco (San Francisco vs Milwaukee) land in the 0-10¢ bucket at game start (2026-06-01)?
Sooth_QGen#a22be217315c	Will the Kalshi YES mid-market price for Green Bay (Will Green Bay win the Green Bay vs Minnesota Pro Football game) land in the 30-40¢ bucket at game start (2026-09-13)?
Sooth_QGen#a248b9487504	Will the Kalshi YES mid-market price for Philadelphia (Philadelphia vs Los Angeles D) land in the 20-30¢ bucket at game start (2026-05-30)?
Sooth_QGen#a24f8a372e97	Will the Kalshi YES mid-market price for Cincinnati (Cincinnati vs San Diego) land in the 90-100¢ bucket at game start (2026-06-10)?
Sooth_QGen#a258d1e020c4	Will the Kalshi YES mid-market price for Detroit (Detroit vs Houston) land in the 40-50¢ bucket at game start (2026-06-16)?
Sooth_QGen#a2716d37f43a	Will the Kalshi YES mid-market price for St. Louis (Cincinnati vs St. Louis) land in the 80-90¢ bucket at game start (2026-06-07)?
Sooth_QGen#a2899c066964	Will the Kalshi YES mid-market price for Philadelphia (Philadelphia vs Toronto) land in the 90-100¢ bucket at game start (2026-06-08)?
Sooth_QGen#a299dab4ca12	Will the Kalshi YES mid-market price for St. Louis (St. Louis vs New York M) land in the 70-80¢ bucket at game start (2026-06-10)?
Sooth_QGen#a2a3a0564c1c	Will the Kalshi YES mid-market price for Tampa Bay (Boston vs Tampa Bay) land in the 80-90¢ bucket at game start (2026-06-10)?
Sooth_QGen#a2a875a4b643	Will the Kalshi YES mid-market price for Chicago WS (Chicago WS vs Minnesota) land in the 30-40¢ bucket at game start (2026-06-03)?
Sooth_QGen#a2b44ee10182	Will the Kalshi YES mid-market price for Boston (Boston vs Cleveland) land in the 10-20¢ bucket at game start (2026-05-31)?
Sooth_QGen#a2c3b022ba3f	Will the Kalshi YES mid-market price for Baltimore (Toronto vs Baltimore) land in the 80-90¢ bucket at game start (2026-05-31)?
Sooth_QGen#a2cb84e66fff	Will the Kalshi YES mid-market price for San Diego (San Diego vs Baltimore) land in the 70-80¢ bucket at game start (2026-06-12)?
Sooth_QGen#a2ce43e80041	Will the Kalshi YES mid-market price for Baltimore (Tampa Bay vs Baltimore) land in the 10-20¢ bucket at game start (2026-05-27)?
Sooth_QGen#a2d7c07f8a5b	Will the Kalshi YES mid-market price for Chicago WS (Chicago WS vs Philadelphia) land in the 60-70¢ bucket at game start (2026-06-06)?
Sooth_QGen#a2d865645381	Will the Kalshi YES mid-market price for Washington (Washington vs Cleveland) land in the 40-50¢ bucket at game start (2026-05-27)?
Sooth_QGen#a2e05170de76	Will the Kalshi YES mid-market price for Los Angeles A (Tampa Bay vs Los Angeles A) land in the 40-50¢ bucket at game start (2026-06-14)?
Sooth_QGen#a2e16edd14c4	Will the Kalshi YES mid-market price for Colorado (Colorado vs A's) land in the 60-70¢ bucket at game start (2026-06-13)?
Sooth_QGen#a2ef2921701b	Will the Kalshi YES mid-market price for Seattle (Seattle vs Baltimore) land in the 70-80¢ bucket at game start (2026-06-10)?
Sooth_QGen#a2f816e88ff6	Will the Kalshi YES mid-market price for Minnesota (Minnesota vs Pittsburgh) land in the 20-30¢ bucket at game start (2026-05-29)?
Sooth_QGen#a2fb019e1274	Will the Kalshi YES mid-market price for Pittsburgh (Pittsburgh vs Atlanta) land in the 60-70¢ bucket at game start (2026-06-07)?
Sooth_QGen#a30bc0af736e	Will the Kalshi YES mid-market price for New York Y (Cleveland vs New York Y) land in the 40-50¢ bucket at game start (2026-06-02)?
Sooth_QGen#a3164061faf6	Will the Kalshi YES mid-market price for Texas (Texas vs Boston) land in the 10-20¢ bucket at game start (2026-06-13)?
Sooth_QGen#a3357723c839	Will the Kalshi YES mid-market price for Boston (Texas vs Boston) land in the 20-30¢ bucket at game start (2026-06-14)?
Sooth_QGen#a33b9706a956	Will the Kalshi YES mid-market price for Los Angeles A (Tampa Bay vs Los Angeles A) land in the 20-30¢ bucket at game start (2026-06-13)?
Sooth_QGen#a33df09d1881	Will the Kalshi YES mid-market price for Los Angeles A (Tampa Bay vs Los Angeles A) land in the 80-90¢ bucket at game start (2026-06-13)?
Sooth_QGen#a341af66e428	Will the Kalshi YES mid-market price for St. Louis (St. Louis vs New York M) land in the 30-40¢ bucket at game start (2026-06-10)?
Sooth_QGen#a344ccfa87b3	Will the Kalshi YES mid-market price for Cincinnati (Kansas City vs Cincinnati) land in the 10-20¢ bucket at game start (2026-06-02)?
Sooth_QGen#a34a25eb12dd	Will the Kalshi YES mid-market price for Toronto (New York Y vs Toronto) land in the 20-30¢ bucket at game start (2026-06-14)?
Sooth_QGen#a358ab436038	Will the Kalshi YES mid-market price for New York Y (Boston vs New York Y) land in the 40-50¢ bucket at game start (2026-06-05)?
Sooth_QGen#a35934f4be13	Will the Kalshi YES mid-market price for Minnesota (Minnesota vs Pittsburgh) land in the 10-20¢ bucket at game start (2026-05-31)?
Sooth_QGen#a365000810dc	Will the Kalshi YES mid-market price for Pittsburgh (Pittsburgh vs Houston) land in the 30-40¢ bucket at game start (2026-06-04)?
Sooth_QGen#a3738eb24c26	Will the Kalshi YES mid-market price for Houston (Houston vs Los Angeles A) land in the 50-60¢ bucket at game start (2026-06-09)?
Sooth_QGen#a387eb286aae	Will the Kalshi YES mid-market price for Los Angeles D (Los Angeles D vs Pittsburgh) land in the 50-60¢ bucket at game start (2026-06-11)?
Sooth_QGen#a387fd8a1735	Will the Kalshi YES mid-market price for Chicago WS (Atlanta vs Chicago WS) land in the 0-10¢ bucket at game start (2026-06-11)?
Sooth_QGen#a38ee4a82492	Will the Kalshi YES mid-market price for Texas (Texas vs St. Louis) land in the 90-100¢ bucket at game start (2026-06-03)?
Sooth_QGen#a390a5731cff	Will the Kalshi YES mid-market price for Washington (Washington vs Arizona) land in the 40-50¢ bucket at game start (2026-06-06)?
Sooth_QGen#a3963dd1f860	Will the Kalshi YES mid-market price for Detroit (Detroit vs Cleveland) land in the 40-50¢ bucket at game start (2026-06-12)?
Sooth_QGen#a3a19a48e1f2	Will the Kalshi YES mid-market price for Tampa Bay (Detroit vs Tampa Bay) land in the 60-70¢ bucket at game start (2026-06-03)?
Sooth_QGen#a3a89edf42e1	Will the Kalshi YES mid-market price for Los Angeles D (Los Angeles D vs Chicago WS) land in the 30-40¢ bucket at game start (2026-06-13)?
Sooth_QGen#a3baffb2fa5e	Will the Kalshi YES mid-market price for Los Angeles D (Los Angeles D vs Pittsburgh) land in the 60-70¢ bucket at game start (2026-06-10)?
Sooth_QGen#a3e54f77b799	Will the Kalshi YES mid-market price for San Diego (San Diego vs Philadelphia) land in the 50-60¢ bucket at game start (2026-06-03)?
Sooth_QGen#a3f372c5c730	Will the Kalshi YES mid-market price for New York M (New York M vs Seattle) land in the 0-10¢ bucket at game start (2026-06-02)?
Sooth_QGen#a3f3c2e50c2a	Will the Kalshi YES mid-market price for Atlanta (Atlanta vs New York M) land in the 0-10¢ bucket at game start (2026-06-13)?
Sooth_QGen#a40d5b97ef91	Will the Kalshi YES mid-market price for Philadelphia (Philadelphia vs Los Angeles D) land in the 50-60¢ bucket at game start (2026-05-31)?
Sooth_QGen#a41630aeb70e	Will the Kalshi YES mid-market price for Tampa Bay (Tampa Bay vs Los Angeles A) land in the 90-100¢ bucket at game start (2026-06-14)?
Sooth_QGen#a4304edd269f	Will the Kalshi YES mid-market price for San Francisco (San Francisco vs Colorado) land in the 10-20¢ bucket at game start (2026-05-31)?
Sooth_QGen#a45bd0e77cf3	Will the Kalshi YES mid-market price for Baltimore (Baltimore vs Boston) land in the 10-20¢ bucket at game start (2026-06-02)?
Sooth_QGen#a475828d1ed4	Will the Kalshi YES mid-market price for Toronto (Toronto vs Baltimore) land in the 20-30¢ bucket at game start (2026-05-31)?
Sooth_QGen#a47b11ef0358	Will the Kalshi YES mid-market price for Washington (San Diego vs Washington) land in the 60-70¢ bucket at game start (2026-05-29)?
Sooth_QGen#a483918914bf	Will the Kalshi YES mid-market price for Los Angeles D (Los Angeles A vs Los Angeles D) land in the 0-10¢ bucket at game start (2026-06-06)?
Sooth_QGen#a49daf4b765d	Will the Kalshi YES mid-market price for Chicago C (A's vs Chicago C) land in the 60-70¢ bucket at game start (2026-06-03)?
Sooth_QGen#a4a35b6e5c4b	Will the Kalshi YES mid-market price for Tampa Bay (Detroit vs Tampa Bay) land in the 0-10¢ bucket at game start (2026-06-01)?
Sooth_QGen#a4aa5ed99739	Will the Kalshi YES mid-market price for Chicago C (Chicago C vs Colorado) land in the 80-90¢ bucket at game start (2026-06-11)?
Sooth_QGen#a4adb02d5786	Will the Kalshi YES mid-market price for Tampa Bay (Detroit vs Tampa Bay) land in the 40-50¢ bucket at game start (2026-06-01)?
Sooth_QGen#a4af0073da29	Will the Kalshi YES mid-market price for St. Louis (Cincinnati vs St. Louis) land in the 60-70¢ bucket at game start (2026-06-07)?
Sooth_QGen#a4b6db2f0b2e	Will the Kalshi YES mid-market price for Los Angeles A (Colorado vs Los Angeles A) land in the 30-40¢ bucket at game start (2026-06-03)?
Sooth_QGen#a4ba870e8ed1	Will the Kalshi YES mid-market price for Arizona (Arizona vs Seattle) land in the 10-20¢ bucket at game start (2026-05-30)?
Sooth_QGen#a4c2daaa0f9b	Will the Kalshi YES mid-market price for Texas (Texas vs Boston) land in the 70-80¢ bucket at game start (2026-06-12)?
Sooth_QGen#a4cadf58a474	Will the Kalshi YES mid-market price for Seattle (Seattle vs Washington) land in the 20-30¢ bucket at game start (2026-06-13)?
Sooth_QGen#a4d17fdb6125	Will the Kalshi YES mid-market price for Boston (Boston vs Cleveland) land in the 70-80¢ bucket at game start (2026-05-29)?
Sooth_QGen#a4dcb2c5f770	Will the Kalshi YES mid-market price for Washington (Miami vs Washington) land in the 70-80¢ bucket at game start (2026-06-02)?
Sooth_QGen#a4df2c14d01d	Will the Kalshi YES mid-market price for Milwaukee (Philadelphia vs Milwaukee) land in the 50-60¢ bucket at game start (2026-06-12)?
Sooth_QGen#a4e3dd801e76	Will the Kalshi YES mid-market price for Texas (Texas vs Kansas City) land in the 0-10¢ bucket at game start (2026-06-11)?
Sooth_QGen#a4e70525bc33	Will the Kalshi YES mid-market price for Indianapolis (Will Indianapolis win the Baltimore vs Indianapolis Pro Football game) land in the 50-60¢ bucket at game start (2026-09-13)?
Sooth_QGen#a4fa47465eb9	Will the Kalshi YES mid-market price for Texas (Kansas City vs Texas) land in the 30-40¢ bucket at game start (2026-05-30)?
Sooth_QGen#a4fcca2dd369	Will the Kalshi YES mid-market price for Texas (Texas vs Boston) land in the 90-100¢ bucket at game start (2026-06-13)?
Sooth_QGen#a504e1076ea3	Will the Kalshi YES mid-market price for New York Y (New York Y vs Toronto) land in the 50-60¢ bucket at game start (2026-06-12)?
Sooth_QGen#a52179dba35e	Will the Kalshi YES mid-market price for Miami (Arizona vs Miami) land in the 50-60¢ bucket at game start (2026-06-09)?
Sooth_QGen#a52f5770057b	Will the Kalshi YES mid-market price for Milwaukee (Milwaukee vs Colorado) land in the 70-80¢ bucket at game start (2026-06-07)?
Sooth_QGen#a5317351e912	Will the Kalshi YES mid-market price for Philadelphia (San Diego vs Philadelphia) land in the 40-50¢ bucket at game start (2026-06-02)?
Sooth_QGen#a53841472872	Will the Kalshi YES mid-market price for Pittsburgh (Pittsburgh vs Atlanta) land in the 90-100¢ bucket at game start (2026-06-05)?
Sooth_QGen#a53a187d5664	Will the Kalshi YES mid-market price for Arizona (Arizona vs Miami) land in the 60-70¢ bucket at game start (2026-06-11)?
Sooth_QGen#a53c64b9174d	Will the Kalshi YES mid-market price for Houston (Milwaukee vs Houston) land in the 50-60¢ bucket at game start (2026-05-30)?
Sooth_QGen#a547c33070fa	Will the Kalshi YES mid-market price for Baltimore (Toronto vs Baltimore) land in the 60-70¢ bucket at game start (2026-05-29)?
Sooth_QGen#a54b8b41c7aa	Will the Kalshi YES mid-market price for Miami (Tampa Bay vs Miami) land in the 80-90¢ bucket at game start (2026-06-06)?
Sooth_QGen#a54bcce56723	Will the Kalshi YES mid-market price for Philadelphia (Philadelphia vs San Diego) land in the 80-90¢ bucket at game start (2026-05-27)?
Sooth_QGen#a54db685108b	Will the Kalshi YES mid-market price for New York Y (New York Y vs Toronto) land in the 10-20¢ bucket at game start (2026-06-12)?
Sooth_QGen#a5643006db52	Will the Kalshi YES mid-market price for Baltimore (Tampa Bay vs Baltimore) land in the 80-90¢ bucket at game start (2026-05-27)?
Sooth_QGen#a569830a0d44	Will the Kalshi YES mid-market price for Minnesota (Chicago WS vs Minnesota) land in the 50-60¢ bucket at game start (2026-06-01)?
Sooth_QGen#a57bb1014ac4	Will the Kalshi YES mid-market price for Texas (Kansas City vs Texas) land in the 70-80¢ bucket at game start (2026-05-30)?
Sooth_QGen#a5a5c5a69b84	Will the Kalshi YES mid-market price for Los Angeles D (Los Angeles D vs Arizona) land in the 90-100¢ bucket at game start (2026-06-05)?
Sooth_QGen#a5a93f2c319b	Will the Kalshi YES mid-market price for Arizona (Arizona vs Cincinnati) land in the 0-10¢ bucket at game start (2026-06-12)?
Sooth_QGen#a5d58704c74a	Will the Kalshi YES mid-market price for Los Angeles D (Los Angeles D vs Chicago WS) land in the 20-30¢ bucket at game start (2026-06-14)?
Sooth_QGen#a5d9ccaaac59	Will the Kalshi YES mid-market price for Seattle (Seattle vs Washington) land in the 20-30¢ bucket at game start (2026-06-14)?
Sooth_QGen#a5eac1f2506f	Will the Kalshi YES mid-market price for Arizona (Arizona vs Seattle) land in the 0-10¢ bucket at game start (2026-05-31)?
Sooth_QGen#a5ec91c5ef18	Will the Kalshi YES mid-market price for Arizona (Arizona vs Seattle) land in the 40-50¢ bucket at game start (2026-05-31)?
Sooth_QGen#a5f8407f81a9	Will the Kalshi YES mid-market price for Tampa Bay (Boston vs Tampa Bay) land in the 10-20¢ bucket at game start (2026-06-09)?
Sooth_QGen#a5fa5733950e	Will the Kalshi YES mid-market price for Cincinnati (Cincinnati vs San Diego) land in the 10-20¢ bucket at game start (2026-06-10)?
Sooth_QGen#a60e413d340b	Will the Kalshi YES mid-market price for A's (New York Y vs A's) land in the 50-60¢ bucket at game start (2026-05-31)?
Sooth_QGen#a6221bfc6e1e	Will the Kalshi YES mid-market price for Cincinnati (Arizona vs Cincinnati) land in the 90-100¢ bucket at game start (2026-06-12)?
Sooth_QGen#a6248e54746e	Will the Kalshi YES mid-market price for Cincinnati (New York M vs Cincinnati) land in the 40-50¢ bucket at game start (2026-06-15)?
Sooth_QGen#a63120de3acb	Will the Kalshi YES mid-market price for Cleveland (Cleveland vs Texas) land in the 90-100¢ bucket at game start (2026-06-07)?
Sooth_QGen#a6381b1ad49c	Will the Kalshi YES mid-market price for Washington (Washington vs Cleveland) land in the 80-90¢ bucket at game start (2026-05-27)?
Sooth_QGen#a64bda20eca3	Will the Kalshi YES mid-market price for Minnesota (Minnesota vs Detroit) land in the 40-50¢ bucket at game start (2026-06-11)?
Sooth_QGen#a6502d3cd670	Will the Kalshi YES mid-market price for Washington (Miami vs Washington) land in the 50-60¢ bucket at game start (2026-06-02)?
Sooth_QGen#a6563d893e8b	Will the Kalshi YES mid-market price for A's (A's vs Houston) land in the 10-20¢ bucket at game start (2026-06-06)?
Sooth_QGen#a65808f38f06	Will the Kalshi YES mid-market price for Miami (Miami vs Washington) land in the 70-80¢ bucket at game start (2026-06-03)?
Sooth_QGen#a6675a4c489c	Will the Kalshi YES mid-market price for A's (A's vs Chicago C) land in the 50-60¢ bucket at game start (2026-06-03)?
Sooth_QGen#a66baf070c44	Will the Kalshi YES mid-market price for Houston (A's vs Houston) land in the 20-30¢ bucket at game start (2026-06-06)?
Sooth_QGen#a66e4dcccbe7	Will the Kalshi YES mid-market price for New York M (Miami vs New York M) land in the 70-80¢ bucket at game start (2026-05-30)?
Sooth_QGen#a674b7dcfe6d	Will the Kalshi YES mid-market price for Kansas City (Houston vs Kansas City) land in the 30-40¢ bucket at game start (2026-06-14)?
Sooth_QGen#a674eb866be0	Will the Kalshi YES mid-market price for Houston (Will Houston win the Buffalo vs Houston Pro Football game) land in the 40-50¢ bucket at game start (2026-09-13)?
Sooth_QGen#a69487093bca	Will the Kalshi YES mid-market price for Milwaukee (San Francisco vs Milwaukee) land in the 80-90¢ bucket at game start (2026-06-03)?
Sooth_QGen#a6a3bbd0ec10	Will the Kalshi YES mid-market price for Chicago WS (Atlanta vs Chicago WS) land in the 60-70¢ bucket at game start (2026-06-09)?
Sooth_QGen#a6aeb164acb7	Will the Kalshi YES mid-market price for New York Y (New York Y vs Toronto) land in the 20-30¢ bucket at game start (2026-06-13)?
Sooth_QGen#a6aebb120112	Will the Kalshi YES mid-market price for Los Angeles D (Los Angeles D vs Arizona) land in the 80-90¢ bucket at game start (2026-06-05)?
Sooth_QGen#a6c7d6fe1ef7	Will the Kalshi YES mid-market price for New York Y (New York Y vs Toronto) land in the 0-10¢ bucket at game start (2026-06-12)?
Sooth_QGen#a6ce1daff9ff	Will the Kalshi YES mid-market price for Pittsburgh (Miami vs Pittsburgh) land in the 70-80¢ bucket at game start (2026-06-14)?
Sooth_QGen#a6da9a142683	Will the Kalshi YES mid-market price for Arizona (Arizona vs Seattle) land in the 70-80¢ bucket at game start (2026-05-30)?
Sooth_QGen#a6e346f989c9	Will the Kalshi YES mid-market price for Washington (Seattle vs Washington) land in the 0-10¢ bucket at game start (2026-06-14)?
Sooth_QGen#a6e3cc42e146	Will the Kalshi YES mid-market price for Cleveland (Will Cleveland win the Cleveland vs Jacksonville Pro Football game) land in the 0-10¢ bucket at game start (2026-09-13)?
Sooth_QGen#a6f7dab207e3	Will the Kalshi YES mid-market price for Arizona (Los Angeles A vs Arizona) land in the 40-50¢ bucket at game start (2026-06-16)?
Sooth_QGen#a71f17e34f4b	Will the Kalshi YES mid-market price for Atlanta (Atlanta vs Chicago WS) land in the 50-60¢ bucket at game start (2026-06-09)?
Sooth_QGen#a72435a68a86	Will the Kalshi YES mid-market price for Toronto (Baltimore vs Toronto) land in the 30-40¢ bucket at game start (2026-06-05)?
Sooth_QGen#a72bfbad058c	Will the Kalshi YES mid-market price for Philadelphia (San Diego vs Philadelphia) land in the 50-60¢ bucket at game start (2026-06-04)?
Sooth_QGen#a753cef2e664	Will the Kalshi YES mid-market price for Toronto (Toronto vs Atlanta) land in the 80-90¢ bucket at game start (2026-06-02)?
Sooth_QGen#a754cd957f73	Will the Kalshi YES mid-market price for Tampa Bay (Detroit vs Tampa Bay) land in the 0-10¢ bucket at game start (2026-06-03)?
Sooth_QGen#a760b1535233	Will the Kalshi YES mid-market price for CAR Hurricanes (Game 5: Vegas at Carolina) land in the 70-80¢ bucket at game start (2026-06-12)?
Sooth_QGen#a7649cf99db8	Will the Kalshi YES mid-market price for Chicago C (Chicago C vs St. Louis) land in the 90-100¢ bucket at game start (2026-05-31)?
Sooth_QGen#a76585ad398d	Will the Kalshi YES mid-market price for Colorado (San Francisco vs Colorado) land in the 80-90¢ bucket at game start (2026-05-30)?
Sooth_QGen#a768a651b968	Will the Kalshi YES mid-market price for Washington (Washington vs San Francisco) land in the 50-60¢ bucket at game start (2026-06-10)?
Sooth_QGen#a77cc399dc43	Will the Kalshi YES mid-market price for Washington (Will Washington win the Washington vs Philadelphia Pro Football game) land in the 10-20¢ bucket at game start (2026-09-13)?
Sooth_QGen#a78210eb9b5e	Will the Kalshi YES mid-market price for Tampa Bay (Tampa Bay vs Miami) land in the 40-50¢ bucket at game start (2026-06-05)?
Sooth_QGen#a7cd5f6912bf	Will the Kalshi YES mid-market price for A's (Pittsburgh vs A's) land in the 20-30¢ bucket at game start (2026-06-16)?
Sooth_QGen#a7ff54ca32b1	Will the Kalshi YES mid-market price for Philadelphia (Miami vs Philadelphia) land in the 60-70¢ bucket at game start (2026-06-15)?
Sooth_QGen#a80150e4dc68	Will the Kalshi YES mid-market price for Cleveland (New York Y vs Cleveland) land in the 40-50¢ bucket at game start (2026-06-10)?
Sooth_QGen#a810ff751361	Will the Kalshi YES mid-market price for Houston (Milwaukee vs Houston) land in the 30-40¢ bucket at game start (2026-05-30)?
Sooth_QGen#a81bd6020482	Will the Kalshi YES mid-market price for Seattle (Seattle vs Baltimore) land in the 60-70¢ bucket at game start (2026-06-10)?
Sooth_QGen#a82771342490	Will the Kalshi YES mid-market price for Baltimore (Seattle vs Baltimore) land in the 20-30¢ bucket at game start (2026-06-08)?
Sooth_QGen#a82deaebde8b	Will the Kalshi YES mid-market price for Chicago C (Chicago C vs Colorado) land in the 90-100¢ bucket at game start (2026-06-10)?
Sooth_QGen#a833ef05bb45	Will the Kalshi YES mid-market price for A's (Seattle vs A's) land in the 60-70¢ bucket at game start (2026-05-27)?
Sooth_QGen#a833f26cbfc6	Will the Kalshi YES mid-market price for Tennessee (Will Tennessee win the New York J vs Tennessee Pro Football game) land in the 80-90¢ bucket at game start (2026-09-13)?
Sooth_QGen#a83462d22569	Will the Kalshi YES mid-market price for Toronto (Philadelphia vs Toronto) land in the 40-50¢ bucket at game start (2026-06-09)?
Sooth_QGen#a8376c166a97	Will the Kalshi YES mid-market price for Cincinnati (Arizona vs Cincinnati) land in the 10-20¢ bucket at game start (2026-06-12)?
Sooth_QGen#a839a84d2e6e	Will the Kalshi YES mid-market price for Seattle (Arizona vs Seattle) land in the 60-70¢ bucket at game start (2026-05-31)?
Sooth_QGen#a8477298f48e	Will the Kalshi YES mid-market price for Boston (Texas vs Boston) land in the 20-30¢ bucket at game start (2026-06-13)?
Sooth_QGen#a855fa742826	Will the Kalshi YES mid-market price for Los Angeles D (Los Angeles D vs Chicago WS) land in the 80-90¢ bucket at game start (2026-06-14)?
Sooth_QGen#a85a6edd60d7	Will the Kalshi YES mid-market price for Philadelphia (Philadelphia vs Los Angeles D) land in the 20-30¢ bucket at game start (2026-05-31)?
Sooth_QGen#a8601100ca67	Will the Kalshi YES mid-market price for San Francisco (San Francisco vs Colorado) land in the 30-40¢ bucket at game start (2026-05-31)?
Sooth_QGen#a86029276884	Will the Kalshi YES mid-market price for San Francisco (Washington vs San Francisco) land in the 50-60¢ bucket at game start (2026-06-10)?
Sooth_QGen#a86cdd95a389	Will the Kalshi YES mid-market price for Colorado (Colorado vs A's) land in the 80-90¢ bucket at game start (2026-06-14)?
Sooth_QGen#a86d97fa350e	Will the Kalshi YES mid-market price for Colorado (Milwaukee vs Colorado) land in the 40-50¢ bucket at game start (2026-06-06)?
Sooth_QGen#a8749e32d431	Will the Kalshi YES mid-market price for Cincinnati (Cincinnati vs St. Louis) land in the 70-80¢ bucket at game start (2026-06-06)?
Sooth_QGen#a876b6e7ea70	Will the Kalshi YES mid-market price for Boston (Boston vs Cleveland) land in the 50-60¢ bucket at game start (2026-05-30)?
Sooth_QGen#a881d8406776	Will the Kalshi YES mid-market price for New York J (Will New York J win the New York J vs Tennessee Pro Football game) land in the 70-80¢ bucket at game start (2026-09-13)?
Sooth_QGen#a8b65d170c9e	Will the Kalshi YES mid-market price for Baltimore (San Diego vs Baltimore) land in the 40-50¢ bucket at game start (2026-06-12)?
Sooth_QGen#a8bbab6648fc	Will the Kalshi YES mid-market price for CAR Hurricanes (Game 6: Carolina at Vegas) land in the 90-100¢ bucket at game start (2026-06-15)?
Sooth_QGen#a8c856e1c99f	Will the Kalshi YES mid-market price for Arizona (Washington vs Arizona) land in the 40-50¢ bucket at game start (2026-06-06)?
Sooth_QGen#a8f0bc40c1f5	Will the Kalshi YES mid-market price for Los Angeles D (Philadelphia vs Los Angeles D) land in the 10-20¢ bucket at game start (2026-05-31)?
Sooth_QGen#a8f3b025df91	Will the Kalshi YES mid-market price for Texas (Cleveland vs Texas) land in the 40-50¢ bucket at game start (2026-06-07)?
Sooth_QGen#a8f659a14848	Will the Kalshi YES mid-market price for Toronto (New York Y vs Toronto) land in the 90-100¢ bucket at game start (2026-06-14)?
Sooth_QGen#a912abb1be75	Will the Kalshi YES mid-market price for Baltimore (Baltimore vs Toronto) land in the 90-100¢ bucket at game start (2026-06-07)?
Sooth_QGen#a913d26c1fd3	Will the Kalshi YES mid-market price for Los Angeles D (Los Angeles A vs Los Angeles D) land in the 70-80¢ bucket at game start (2026-06-06)?
Sooth_QGen#a91d67e8c09e	Will the Kalshi YES mid-market price for Baltimore (Seattle vs Baltimore) land in the 30-40¢ bucket at game start (2026-06-09)?
Sooth_QGen#a91e1e28a89f	Will the Kalshi YES mid-market price for Philadelphia (Philadelphia vs Milwaukee) land in the 70-80¢ bucket at game start (2026-06-12)?
Sooth_QGen#a9266ac6b15c	Will the Kalshi YES mid-market price for Baltimore (San Diego vs Baltimore) land in the 0-10¢ bucket at game start (2026-06-13)?
Sooth_QGen#a92aeced0fc2	Will the Kalshi YES mid-market price for Toronto (Baltimore vs Toronto) land in the 40-50¢ bucket at game start (2026-06-05)?
Sooth_QGen#a93311375e3e	Will the Kalshi YES mid-market price for Tampa Bay (Tampa Bay vs Los Angeles A) land in the 40-50¢ bucket at game start (2026-06-14)?
Sooth_QGen#a93c2a028d82	Will the Kalshi YES mid-market price for Kansas City (Texas vs Kansas City) land in the 50-60¢ bucket at game start (2026-06-11)?
Sooth_QGen#a93c4affeee8	Will the Kalshi YES mid-market price for New York Y (Cleveland vs New York Y) land in the 80-90¢ bucket at game start (2026-06-04)?
Sooth_QGen#a941cf241d0a	Will the Kalshi YES mid-market price for Texas (Minnesota vs Texas) land in the 70-80¢ bucket at game start (2026-06-16)?
Sooth_QGen#a949f4d03669	Will the Kalshi YES mid-market price for Los Angeles D (Los Angeles D vs Arizona) land in the 40-50¢ bucket at game start (2026-06-02)?
Sooth_QGen#a94c8df921ba	Will the Kalshi YES mid-market price for Los Angeles A (Houston vs Los Angeles A) land in the 70-80¢ bucket at game start (2026-06-11)?
Sooth_QGen#a94dd2e4fcc1	Will the Kalshi YES mid-market price for Los Angeles D (Los Angeles A vs Los Angeles D) land in the 20-30¢ bucket at game start (2026-06-06)?
Sooth_QGen#a95320f0bb97	Will the Kalshi YES mid-market price for Miami (Arizona vs Miami) land in the 90-100¢ bucket at game start (2026-06-11)?
Sooth_QGen#a9618bab02b6	Will the Kalshi YES mid-market price for San Antonio (Game 2: New York at San Antonio) land in the 90-100¢ bucket at game start (2026-06-06)?
Sooth_QGen#a962a586250d	Will the Kalshi YES mid-market price for New York (Game 2: New York at San Antonio) land in the 60-70¢ bucket at game start (2026-06-06)?
Sooth_QGen#a965a001de25	Will the Kalshi YES mid-market price for Miami (Miami vs Pittsburgh) land in the 40-50¢ bucket at game start (2026-06-13)?
Sooth_QGen#a98173f12dbb	Will the Kalshi YES mid-market price for New York M (New York M vs Cincinnati) land in the 30-40¢ bucket at game start (2026-06-15)?
Sooth_QGen#a99c6d81cff8	Will the Kalshi YES mid-market price for Atlanta (Atlanta vs Chicago WS) land in the 80-90¢ bucket at game start (2026-06-10)?
Sooth_QGen#a9a8d41406fb	Will the Kalshi YES mid-market price for Texas (Texas vs St. Louis) land in the 80-90¢ bucket at game start (2026-06-03)?
Sooth_QGen#a9a8f7b5485e	Will the Kalshi YES mid-market price for Miami (Tampa Bay vs Miami) land in the 70-80¢ bucket at game start (2026-06-07)?
Sooth_QGen#a9b2360495b6	Will the Kalshi YES mid-market price for Toronto (New York Y vs Toronto) land in the 30-40¢ bucket at game start (2026-06-12)?
Sooth_QGen#a9b90b954e0c	Will the Kalshi YES mid-market price for Philadelphia (Chicago WS vs Philadelphia) land in the 50-60¢ bucket at game start (2026-06-05)?
Sooth_QGen#a9b9c84c00e3	Will the Kalshi YES mid-market price for Philadelphia (Philadelphia vs Los Angeles D) land in the 10-20¢ bucket at game start (2026-05-30)?
Sooth_QGen#a9bcad9ea388	Will the Kalshi YES mid-market price for Houston (Houston vs Los Angeles A) land in the 90-100¢ bucket at game start (2026-06-09)?
Sooth_QGen#a9c1bf4c5145	Will the Kalshi YES mid-market price for Seattle (Seattle vs Baltimore) land in the 60-70¢ bucket at game start (2026-06-11)?
Sooth_QGen#a9c79f27ed74	Will Kalshi's Detroit Tigers moneyline YES price be ≥ 50¢ at first pitch vs. Baltimore on May 24?
Sooth_QGen#a9d5d59e56db	Will the Kalshi YES mid-market price for Houston (Pittsburgh vs Houston) land in the 80-90¢ bucket at game start (2026-06-05)?
Sooth_QGen#a9e36399b58d	Will the Kalshi YES mid-market price for Washington (Seattle vs Washington) land in the 40-50¢ bucket at game start (2026-06-12)?
Sooth_QGen#a9e57fde4596	Will the Kalshi YES mid-market price for Philadelphia (Philadelphia vs Milwaukee) land in the 70-80¢ bucket at game start (2026-06-14)?
Sooth_QGen#a9e6c4f2ca28	Will the Kalshi YES mid-market price for Washington (San Diego vs Washington) land in the 50-60¢ bucket at game start (2026-05-29)?
Sooth_QGen#a9f8e6ca7092	Will the Kalshi YES mid-market price for Pittsburgh (Miami vs Pittsburgh) land in the 70-80¢ bucket at game start (2026-06-12)?
Sooth_QGen#aa01ed5329be	Will the Kalshi YES mid-market price for Los Angeles A (Colorado vs Los Angeles A) land in the 30-40¢ bucket at game start (2026-06-04)?
Sooth_QGen#aa21fbb9b040	Will the Kalshi YES mid-market price for Seattle (Seattle vs Washington) land in the 80-90¢ bucket at game start (2026-06-14)?
Sooth_QGen#aa3c5cfe8db8	Will the Kalshi YES mid-market price for Seattle (Seattle vs Washington) land in the 50-60¢ bucket at game start (2026-06-14)?
Sooth_QGen#aa3d7c96c923	Will the Kalshi YES mid-market price for Minnesota (Minnesota vs Detroit) land in the 80-90¢ bucket at game start (2026-06-11)?
Sooth_QGen#aa4d5acbc479	Will the Kalshi YES mid-market price for Atlanta (Atlanta vs Chicago WS) land in the 80-90¢ bucket at game start (2026-06-11)?
Sooth_QGen#aa5ea144e0aa	Will the Kalshi YES mid-market price for Los Angeles A (Colorado vs Los Angeles A) land in the 80-90¢ bucket at game start (2026-06-04)?
Sooth_QGen#aa6bf42ac4f6	Will the Kalshi YES mid-market price for Boston (Boston vs Cleveland) land in the 80-90¢ bucket at game start (2026-05-30)?
Sooth_QGen#aa7f8a3fda62	Will the Kalshi YES mid-market price for Chicago WS (Detroit vs Chicago WS) land in the 60-70¢ bucket at game start (2026-05-30)?
Sooth_QGen#aa8a3529ecaf	Will the Kalshi YES mid-market price for New York Y (Cleveland vs New York Y) land in the 90-100¢ bucket at game start (2026-06-04)?
Sooth_QGen#aa8f70c5b359	Will the Kalshi YES mid-market price for San Francisco (Arizona vs San Francisco) land in the 80-90¢ bucket at game start (2026-05-27)?
Sooth_QGen#aa9fc9b09793	Will the Kalshi YES mid-market price for Baltimore (Seattle vs Baltimore) land in the 90-100¢ bucket at game start (2026-06-11)?
Sooth_QGen#aaa8eb84074e	Will the Kalshi YES mid-market price for A's (A's vs Chicago C) land in the 0-10¢ bucket at game start (2026-06-03)?
Sooth_QGen#aabb9fdbbabf	Will the Kalshi YES mid-market price for St. Louis (St. Louis vs New York M) land in the 90-100¢ bucket at game start (2026-06-09)?
Sooth_QGen#aacd11d3a9b0	Will the Kalshi YES mid-market price for Pittsburgh (Los Angeles D vs Pittsburgh) land in the 0-10¢ bucket at game start (2026-06-10)?
Sooth_QGen#aae586b29333	Will the Kalshi YES mid-market price for A's (Seattle vs A's) land in the 30-40¢ bucket at game start (2026-05-27)?
Sooth_QGen#aaf7fa632fb0	Will the Kalshi YES mid-market price for Philadelphia (San Diego vs Philadelphia) land in the 70-80¢ bucket at game start (2026-06-04)?
Sooth_QGen#aafa644390cf	Will the Kalshi YES mid-market price for Pittsburgh (Miami vs Pittsburgh) land in the 20-30¢ bucket at game start (2026-06-13)?
Sooth_QGen#aafb1528c7d5	Will the Kalshi YES mid-market price for San Diego (Cincinnati vs San Diego) land in the 90-100¢ bucket at game start (2026-06-10)?
Sooth_QGen#ab05e6dd6b88	Will the Kalshi YES mid-market price for Seattle (Will Seattle win the New England vs Seattle Pro Football game) land in the 60-70¢ bucket at game start (2026-09-09)?
Sooth_QGen#ab08c83514a9	Will the Kalshi YES mid-market price for San Diego (San Diego vs Washington) land in the 60-70¢ bucket at game start (2026-05-29)?
Sooth_QGen#ab114abda554	Will the Kalshi YES mid-market price for San Francisco (San Francisco vs Milwaukee) land in the 30-40¢ bucket at game start (2026-06-01)?
Sooth_QGen#ab2bf30df7f8	Will the Kalshi YES mid-market price for Chicago C (Chicago C vs St. Louis) land in the 30-40¢ bucket at game start (2026-05-31)?
Sooth_QGen#ab31a89792c6	Will the Kalshi YES mid-market price for New York M (Miami vs New York M) land in the 30-40¢ bucket at game start (2026-05-29)?
Sooth_QGen#ab3641443eb2	Will the Kalshi YES mid-market price for Los Angeles D (Los Angeles A vs Los Angeles D) land in the 90-100¢ bucket at game start (2026-06-06)?
Sooth_QGen#ab371e705bba	Will the Kalshi YES mid-market price for Los Angeles A (Colorado vs Los Angeles A) land in the 80-90¢ bucket at game start (2026-06-02)?
Sooth_QGen#ab55252baae1	Will the Kalshi YES mid-market price for Chicago C (San Francisco vs Chicago C) land in the 90-100¢ bucket at game start (2026-06-06)?
Sooth_QGen#ab5ced19b969	Will the Kalshi YES mid-market price for Miami (Tampa Bay vs Miami) land in the 90-100¢ bucket at game start (2026-06-07)?
Sooth_QGen#ab724212c4c7	Will the Kalshi YES mid-market price for San Diego (San Diego vs Philadelphia) land in the 80-90¢ bucket at game start (2026-06-03)?
Sooth_QGen#ab791609d98d	Will the Kalshi YES mid-market price for Atlanta (Atlanta vs Cincinnati) land in the 60-70¢ bucket at game start (2026-05-29)?
Sooth_QGen#ab806f296c66	Will the Kalshi YES mid-market price for New York M (Atlanta vs New York M) land in the 60-70¢ bucket at game start (2026-06-14)?
Sooth_QGen#ab97e63584b3	Will the Kalshi YES mid-market price for Washington (Seattle vs Washington) land in the 40-50¢ bucket at game start (2026-06-13)?
Sooth_QGen#ab9c6f41175c	Will the Kalshi YES mid-market price for Baltimore (Tampa Bay vs Baltimore) land in the 0-10¢ bucket at game start (2026-05-27)?
Sooth_QGen#ababb3d0dde5	Will the Kalshi YES mid-market price for New York Y (Cleveland vs New York Y) land in the 80-90¢ bucket at game start (2026-06-03)?
Sooth_QGen#abb89780d75c	Will the Kalshi YES mid-market price for Kansas City (Kansas City vs Washington) land in the 70-80¢ bucket at game start (2026-06-15)?
Sooth_QGen#abca779fcbd1	Will the Kalshi YES mid-market price for Cleveland (Will Cleveland win the Cleveland vs Jacksonville Pro Football game) land in the 60-70¢ bucket at game start (2026-09-13)?
Sooth_QGen#abd12ebbf27f	Will the Kalshi YES mid-market price for Houston (A's vs Houston) land in the 40-50¢ bucket at game start (2026-06-06)?
Sooth_QGen#abfc0275348a	Will the Kalshi YES mid-market price for Detroit (Seattle vs Detroit) land in the 30-40¢ bucket at game start (2026-06-07)?
Sooth_QGen#ac0687834839	Will the Kalshi YES mid-market price for Detroit (Seattle vs Detroit) land in the 50-60¢ bucket at game start (2026-06-05)?
Sooth_QGen#ac0d462579b1	Will the Kalshi YES mid-market price for New York M (Atlanta vs New York M) land in the 30-40¢ bucket at game start (2026-06-13)?
Sooth_QGen#ac132d51317d	Will the Kalshi YES mid-market price for New York Y (New York Y vs Cleveland) land in the 90-100¢ bucket at game start (2026-06-09)?
Sooth_QGen#ac1cc45cbe63	Will the Kalshi YES mid-market price for Detroit (Detroit vs Chicago WS) land in the 30-40¢ bucket at game start (2026-05-31)?
Sooth_QGen#ac5990663f24	Will the Kalshi YES mid-market price for Chicago WS (Detroit vs Chicago WS) land in the 80-90¢ bucket at game start (2026-05-31)?
Sooth_QGen#ac62df111bfa	Will the Kalshi YES mid-market price for Toronto (Toronto vs Baltimore) land in the 90-100¢ bucket at game start (2026-05-29)?
Sooth_QGen#ac630d6c041f	Will the Kalshi YES mid-market price for Milwaukee (San Francisco vs Milwaukee) land in the 30-40¢ bucket at game start (2026-06-01)?
Sooth_QGen#ac7b5d023486	Will the Kalshi YES mid-market price for Philadelphia (Philadelphia vs Los Angeles D) land in the 40-50¢ bucket at game start (2026-05-30)?
Sooth_QGen#ac7cd89ffda1	Will the Kalshi YES mid-market price for Houston (Houston vs Los Angeles A) land in the 90-100¢ bucket at game start (2026-06-11)?
Sooth_QGen#ac8040141328	Will the Kalshi YES mid-market price for Chicago WS (Chicago WS vs Philadelphia) land in the 80-90¢ bucket at game start (2026-06-06)?
Sooth_QGen#ac85adc30035	Will the Kalshi YES mid-market price for Los Angeles A (Los Angeles A vs Arizona) land in the 90-100¢ bucket at game start (2026-06-16)?
Sooth_QGen#ac89d00c903f	Will the Kalshi YES mid-market price for Cincinnati (Arizona vs Cincinnati) land in the 80-90¢ bucket at game start (2026-06-12)?
Sooth_QGen#ac8fb671922b	Will the Kalshi YES mid-market price for Detroit (Detroit vs Chicago WS) land in the 60-70¢ bucket at game start (2026-05-31)?
Sooth_QGen#ac988a2f31fb	Will the Kalshi YES mid-market price for Pittsburgh (Miami vs Pittsburgh) land in the 50-60¢ bucket at game start (2026-06-12)?
Sooth_QGen#ac9a81e5aad6	Will the Kalshi YES mid-market price for Miami (Will Miami win the Miami vs Las Vegas Pro Football game) land in the 80-90¢ bucket at game start (2026-09-13)?
Sooth_QGen#aca4fa92a1b4	Will the Kalshi YES mid-market price for A's (Colorado vs A's) land in the 90-100¢ bucket at game start (2026-06-14)?
Sooth_QGen#acb028434a2b	Will the Kalshi YES mid-market price for VGK Golden Knights (Game 6: Carolina at Vegas) land in the 70-80¢ bucket at game start (2026-06-15)?
Sooth_QGen#acb6e36c8286	Will the Kalshi YES mid-market price for CAR Hurricanes (Game 5: Montreal at Carolina) land in the 70-80¢ bucket at game start (2026-05-30)?
Sooth_QGen#acc03ec5ae68	Will the Kalshi YES mid-market price for Boston (Boston vs New York Y) land in the 10-20¢ bucket at game start (2026-06-05)?
Sooth_QGen#acce18fdf693	Will the Kalshi YES mid-market price for Boston (Boston vs New York Y) land in the 70-80¢ bucket at game start (2026-06-05)?
Sooth_QGen#acd98a0c97e0	Will the Kalshi YES mid-market price for Kansas City (Kansas City vs Cincinnati) land in the 30-40¢ bucket at game start (2026-06-01)?
Sooth_QGen#ace0d557f471	Will the Kalshi YES mid-market price for Washington (San Diego vs Washington) land in the 10-20¢ bucket at game start (2026-05-29)?
Sooth_QGen#ace5d50854dc	Will the Kalshi YES mid-market price for Los Angeles A (Los Angeles A vs Los Angeles D) land in the 60-70¢ bucket at game start (2026-06-07)?
Sooth_QGen#acf0ed9116a9	Will the Kalshi YES mid-market price for Los Angeles D (Philadelphia vs Los Angeles D) land in the 0-10¢ bucket at game start (2026-05-31)?
Sooth_QGen#acf9e1d6b9d0	Will the Kalshi YES mid-market price for Los Angeles A (Los Angeles A vs Tampa Bay) land in the 50-60¢ bucket at game start (2026-05-31)?
Sooth_QGen#acfb688180c2	Will the Kalshi YES mid-market price for Cleveland (Cleveland vs New York Y) land in the 80-90¢ bucket at game start (2026-06-03)?
Sooth_QGen#ad03124bda3f	Will the Kalshi YES mid-market price for Chicago C (A's vs Chicago C) land in the 50-60¢ bucket at game start (2026-06-05)?
Sooth_QGen#ad0e02901ec7	Will the Kalshi YES mid-market price for Philadelphia (Philadelphia vs Milwaukee) land in the 40-50¢ bucket at game start (2026-06-13)?
Sooth_QGen#ad2d128adda9	Will the Kalshi YES mid-market price for St. Louis (Texas vs St. Louis) land in the 70-80¢ bucket at game start (2026-06-02)?
Sooth_QGen#ad315f0ca6d5	Will the Kalshi YES mid-market price for New York M (New York M vs San Diego) land in the 0-10¢ bucket at game start (2026-06-07)?
Sooth_QGen#ad360223af6e	Will the Kalshi YES mid-market price for A's (A's vs Houston) land in the 80-90¢ bucket at game start (2026-06-06)?
Sooth_QGen#ad3b5af80a08	Will the Kalshi YES mid-market price for New York (Game 1: New York at San Antonio) land in the 60-70¢ bucket at game start (2026-06-04)?
Sooth_QGen#ad4b478c805a	Will the Kalshi YES mid-market price for St. Louis (Texas vs St. Louis) land in the 0-10¢ bucket at game start (2026-06-02)?
Sooth_QGen#ad4d6210112c	Will the Kalshi YES mid-market price for Baltimore (Baltimore vs Toronto) land in the 0-10¢ bucket at game start (2026-06-06)?
Sooth_QGen#ad5e47386d9a	Will the Kalshi YES mid-market price for New York Y (New York Y vs Cleveland) land in the 90-100¢ bucket at game start (2026-06-10)?
Sooth_QGen#ad655416aafa	Will the Kalshi YES mid-market price for New York (Game 2: New York at San Antonio) land in the 40-50¢ bucket at game start (2026-06-06)?
Sooth_QGen#ad717ebc1524	Will the Kalshi YES mid-market price for Atlanta (Toronto vs Atlanta) land in the 0-10¢ bucket at game start (2026-06-02)?
Sooth_QGen#ad79d6d06748	Will the Kalshi YES mid-market price for Atlanta (Atlanta vs Cincinnati) land in the 60-70¢ bucket at game start (2026-05-30)?
Sooth_QGen#ad88032acabe	Will the Kalshi YES mid-market price for A's (Pittsburgh vs A's) land in the 80-90¢ bucket at game start (2026-06-16)?
Sooth_QGen#ad9225f66187	Will the Kalshi YES mid-market price for Arizona (Washington vs Arizona) land in the 80-90¢ bucket at game start (2026-06-07)?
Sooth_QGen#adafc56fbe31	Will the Kalshi YES mid-market price for Toronto (New York Y vs Toronto) land in the 80-90¢ bucket at game start (2026-06-12)?
Sooth_QGen#adb882fe5ba2	Will the Kalshi YES mid-market price for San Diego (San Diego vs Baltimore) land in the 30-40¢ bucket at game start (2026-06-12)?
Sooth_QGen#adbd865c26e9	Will the Kalshi YES mid-market price for Alexander Zverev (Will Alexander Zverev win the Mensik vs Zverev: Semifinal match) land in the 0-10¢ bucket at game start (2026-06-05)?
Sooth_QGen#adf31c7491be	Will the Kalshi YES mid-market price for Washington (Washington vs San Francisco) land in the 20-30¢ bucket at game start (2026-06-09)?
Sooth_QGen#adf40f1c715f	Will the Kalshi YES mid-market price for Cleveland (Will Cleveland win the Cleveland vs Jacksonville Pro Football game) land in the 90-100¢ bucket at game start (2026-09-13)?
Sooth_QGen#ae046bade80c	Will the Kalshi YES mid-market price for Chicago C (A's vs Chicago C) land in the 20-30¢ bucket at game start (2026-06-04)?
Sooth_QGen#ae0a3586f72c	Will the Kalshi YES mid-market price for Cleveland (Cleveland vs New York Y) land in the 0-10¢ bucket at game start (2026-06-02)?
Sooth_QGen#ae10b36a18b7	Will the Kalshi YES mid-market price for Milwaukee (Philadelphia vs Milwaukee) land in the 10-20¢ bucket at game start (2026-06-13)?
Sooth_QGen#ae158c28e776	Will the Kalshi YES mid-market price for Cincinnati (Atlanta vs Cincinnati) land in the 70-80¢ bucket at game start (2026-05-30)?
Sooth_QGen#ae1ccd43ed47	Will the Kalshi YES mid-market price for Buffalo (Will Buffalo win the Buffalo vs Houston Pro Football game) land in the 70-80¢ bucket at game start (2026-09-13)?
Sooth_QGen#ae1d708c71d3	Will the Kalshi YES mid-market price for Texas (Texas vs Boston) land in the 30-40¢ bucket at game start (2026-06-13)?
Sooth_QGen#ae236c10b302	Will the Kalshi YES mid-market price for Texas (Texas vs Boston) land in the 0-10¢ bucket at game start (2026-06-12)?
Sooth_QGen#ae242d56db8b	Will the Kalshi YES mid-market price for New York M (Miami vs New York M) land in the 80-90¢ bucket at game start (2026-05-31)?
Sooth_QGen#ae278afe8b95	Will the Kalshi YES mid-market price for Washington (San Diego vs Washington) land in the 50-60¢ bucket at game start (2026-05-31)?
Sooth_QGen#ae2efb7075dc	Will the Kalshi YES mid-market price for Seattle (Arizona vs Seattle) land in the 20-30¢ bucket at game start (2026-05-31)?
Sooth_QGen#ae3273085e24	Will the Kalshi YES mid-market price for New York Y (New York Y vs A's) land in the 0-10¢ bucket at game start (2026-05-31)?
Sooth_QGen#ae32ed4526bb	Will the Kalshi YES mid-market price for Pittsburgh (Los Angeles D vs Pittsburgh) land in the 70-80¢ bucket at game start (2026-06-09)?
Sooth_QGen#ae3f6c591af8	Will the Kalshi YES mid-market price for Boston (Baltimore vs Boston) land in the 0-10¢ bucket at game start (2026-06-03)?
Sooth_QGen#ae45a5592b5d	Will the Kalshi YES mid-market price for Toronto (Toronto vs Baltimore) land in the 10-20¢ bucket at game start (2026-05-29)?
Sooth_QGen#ae5470217e2e	Will the Kalshi YES mid-market price for Minnesota (Chicago WS vs Minnesota) land in the 90-100¢ bucket at game start (2026-06-02)?
Sooth_QGen#ae568f167160	Will the Kalshi YES mid-market price for Atlanta (Toronto vs Atlanta) land in the 50-60¢ bucket at game start (2026-06-03)?
Sooth_QGen#ae67891db212	Will the Kalshi YES mid-market price for Cincinnati (Will Cincinnati win the Tampa Bay vs Cincinnati Pro Football game) land in the 40-50¢ bucket at game start (2026-09-13)?
Sooth_QGen#ae6b76cc7b6f	Will the Kalshi YES mid-market price for San Francisco (Chicago C vs San Francisco) land in the 30-40¢ bucket at game start (2026-06-14)?
Sooth_QGen#ae6befc4cba2	Will the Kalshi YES mid-market price for Tampa Bay (Will Tampa Bay win the Tampa Bay vs Cincinnati Pro Football game) land in the 50-60¢ bucket at game start (2026-09-13)?
Sooth_QGen#ae72e06f9885	Will the Kalshi YES mid-market price for Houston (Detroit vs Houston) land in the 80-90¢ bucket at game start (2026-06-16)?
Sooth_QGen#ae748a397936	Will the Kalshi YES mid-market price for Arizona (Arizona vs Miami) land in the 10-20¢ bucket at game start (2026-06-11)?
Sooth_QGen#ae92ce20cbe5	Will the Kalshi YES mid-market price for Cincinnati (Cincinnati vs San Diego) land in the 90-100¢ bucket at game start (2026-06-10)?
Sooth_QGen#ae9652e4eaf0	Will the Kalshi YES mid-market price for Houston (Milwaukee vs Houston) land in the 90-100¢ bucket at game start (2026-05-30)?
Sooth_QGen#aea60657bdb9	Will the Kalshi YES mid-market price for San Francisco (San Francisco vs Chicago C) land in the 50-60¢ bucket at game start (2026-06-08)?
Sooth_QGen#aeb199d0f7c8	Will the Kalshi YES mid-market price for Baltimore (Toronto vs Baltimore) land in the 30-40¢ bucket at game start (2026-05-30)?
Sooth_QGen#aec15f2e13cb	Will the Kalshi YES mid-market price for San Diego (New York M vs San Diego) land in the 70-80¢ bucket at game start (2026-06-07)?
Sooth_QGen#aedf97044159	Will the Kalshi YES mid-market price for Pittsburgh (Will Pittsburgh win the Atlanta vs Pittsburgh Pro Football game) land in the 20-30¢ bucket at game start (2026-09-13)?
Sooth_QGen#aedfde34eef8	Will the Kalshi YES mid-market price for San Antonio (Game 3: San Antonio at New York) land in the 90-100¢ bucket at game start (2026-06-09)?
Sooth_QGen#aeea2c0db983	Will the Kalshi YES mid-market price for Los Angeles D (Los Angeles D vs Arizona) land in the 50-60¢ bucket at game start (2026-06-05)?
Sooth_QGen#aeed18ff47f5	Will the Kalshi YES mid-market price for Miami (Arizona vs Miami) land in the 80-90¢ bucket at game start (2026-06-11)?
Sooth_QGen#af319132a0f1	Will the Kalshi YES mid-market price for Chicago WS (Detroit vs Chicago WS) land in the 80-90¢ bucket at game start (2026-05-29)?
Sooth_QGen#af328487aaf2	Will the Kalshi YES mid-market price for Chicago C (San Francisco vs Chicago C) land in the 70-80¢ bucket at game start (2026-06-05)?
Sooth_QGen#af4071a44b2c	Will the Kalshi YES mid-market price for Houston (Will Houston win the Buffalo vs Houston Pro Football game) land in the 20-30¢ bucket at game start (2026-09-13)?
Sooth_QGen#af42f908ab9e	Will the Kalshi YES mid-market price for Los Angeles A (Los Angeles A vs Tampa Bay) land in the 70-80¢ bucket at game start (2026-05-29)?
Sooth_QGen#af4410048850	Will the Kalshi YES mid-market price for San Antonio (Game 1: New York at San Antonio) land in the 70-80¢ bucket at game start (2026-06-04)?
Sooth_QGen#af461b5dbfa7	Will the Kalshi YES mid-market price for Pittsburgh (Pittsburgh vs Houston) land in the 60-70¢ bucket at game start (2026-06-03)?
Sooth_QGen#af50af31c377	Will the Kalshi YES mid-market price for Pittsburgh (Pittsburgh vs Atlanta) land in the 10-20¢ bucket at game start (2026-06-06)?
Sooth_QGen#af780e2268c1	Will the Kalshi YES mid-market price for Boston (Boston vs Cleveland) land in the 60-70¢ bucket at game start (2026-05-31)?
Sooth_QGen#af9dbdba8096	Will the Kalshi YES mid-market price for Milwaukee (Philadelphia vs Milwaukee) land in the 70-80¢ bucket at game start (2026-06-14)?
Sooth_QGen#afb3a29c8edd	Will the Kalshi YES mid-market price for Houston (Houston vs Los Angeles A) land in the 20-30¢ bucket at game start (2026-06-11)?
Sooth_QGen#afc3a923a482	Will the Kalshi YES mid-market price for Cleveland (Boston vs Cleveland) land in the 50-60¢ bucket at game start (2026-05-30)?
Sooth_QGen#afc6fbaf2161	Will the Kalshi YES mid-market price for Tampa Bay (Tampa Bay vs Baltimore) land in the 80-90¢ bucket at game start (2026-05-27)?
Sooth_QGen#afcc48cf7dde	Will the Kalshi YES mid-market price for Boston (Boston vs Cleveland) land in the 80-90¢ bucket at game start (2026-05-29)?
Sooth_QGen#afd3202fdc18	Will the Kalshi YES mid-market price for San Diego (San Diego vs Washington) land in the 10-20¢ bucket at game start (2026-05-31)?
Sooth_QGen#afdabdff52bd	Will the Kalshi YES mid-market price for Atlanta (Atlanta vs Cincinnati) land in the 10-20¢ bucket at game start (2026-05-30)?
Sooth_QGen#afdb88ab1b11	Will the Kalshi YES mid-market price for Atlanta (Toronto vs Atlanta) land in the 20-30¢ bucket at game start (2026-06-03)?
Sooth_QGen#afddd4b6f5c8	Will the Kalshi YES mid-market price for Philadelphia (Philadelphia vs Milwaukee) land in the 60-70¢ bucket at game start (2026-06-12)?
Sooth_QGen#b013ee3f943c	Will the Kalshi YES mid-market price for Washington (Seattle vs Washington) land in the 50-60¢ bucket at game start (2026-06-14)?
Sooth_QGen#b01497d4fd91	Will the Kalshi YES mid-market price for San Francisco (San Francisco vs Chicago C) land in the 10-20¢ bucket at game start (2026-06-06)?
Sooth_QGen#b0167956b5a2	Will the Kalshi YES mid-market price for Los Angeles A (Los Angeles A vs Los Angeles D) land in the 50-60¢ bucket at game start (2026-06-07)?
Sooth_QGen#b01ca391a650	Will the Kalshi YES mid-market price for Baltimore (Baltimore vs Boston) land in the 70-80¢ bucket at game start (2026-06-02)?
Sooth_QGen#b02ae92706d5	Will the Kalshi YES mid-market price for San Francisco (Chicago C vs San Francisco) land in the 50-60¢ bucket at game start (2026-06-14)?
Sooth_QGen#b038d497f71a	Will the Kalshi YES mid-market price for A's (Milwaukee vs A's) land in the 70-80¢ bucket at game start (2026-06-11)?
Sooth_QGen#b03c24c64e79	Will the Kalshi YES mid-market price for Minnesota (Minnesota vs Pittsburgh) land in the 40-50¢ bucket at game start (2026-05-29)?
Sooth_QGen#b0469e0ee57a	Will the Kalshi YES mid-market price for Miami (Arizona vs Miami) land in the 10-20¢ bucket at game start (2026-06-10)?
Sooth_QGen#b05d2b195ac6	Will the Kalshi YES mid-market price for Milwaukee (San Francisco vs Milwaukee) land in the 50-60¢ bucket at game start (2026-06-02)?
Sooth_QGen#b060c15c9cec	Will the Kalshi YES mid-market price for Indianapolis (Will Indianapolis win the Baltimore vs Indianapolis Pro Football game) land in the 90-100¢ bucket at game start (2026-09-13)?
Sooth_QGen#b063339bfa6c	Will the Kalshi YES mid-market price for Tampa Bay (Tampa Bay vs Los Angeles D) land in the 90-100¢ bucket at game start (2026-06-16)?
Sooth_QGen#b071f420341e	Will the Kalshi YES mid-market price for A's (A's vs Houston) land in the 30-40¢ bucket at game start (2026-06-07)?
Sooth_QGen#b086f485f0f2	Will the Kalshi YES mid-market price for New York Y (New York Y vs A's) land in the 40-50¢ bucket at game start (2026-05-30)?
Sooth_QGen#b092531c9635	Will the Kalshi YES mid-market price for Chicago WS (Atlanta vs Chicago WS) land in the 10-20¢ bucket at game start (2026-06-10)?
Sooth_QGen#b09a4a690d9a	Will the Kalshi YES mid-market price for Miami (Miami vs Pittsburgh) land in the 70-80¢ bucket at game start (2026-06-14)?
Sooth_QGen#b09e36f223fd	Will the Kalshi YES mid-market price for Milwaukee (San Francisco vs Milwaukee) land in the 10-20¢ bucket at game start (2026-06-03)?
Sooth_QGen#b0a94699e4f9	Will the Kalshi YES mid-market price for New York Y (New York Y vs Cleveland) land in the 50-60¢ bucket at game start (2026-06-09)?
Sooth_QGen#b0b4f05ef53b	Will the Kalshi YES mid-market price for CAR Hurricanes (Game 5: Montreal at Carolina) land in the 10-20¢ bucket at game start (2026-05-30)?
Sooth_QGen#b0b93d2d25c1	Will the Kalshi YES mid-market price for Philadelphia (Philadelphia vs Los Angeles D) land in the 30-40¢ bucket at game start (2026-05-31)?
Sooth_QGen#b0c341a64442	Will the Kalshi YES mid-market price for Colorado (San Francisco vs Colorado) land in the 30-40¢ bucket at game start (2026-05-31)?
Sooth_QGen#b0e59ebe540f	Will the Kalshi YES mid-market price for Baltimore (Will Baltimore win the Baltimore vs Indianapolis Pro Football game) land in the 40-50¢ bucket at game start (2026-09-13)?
Sooth_QGen#b0f70582e54d	Will the Kalshi YES mid-market price for Philadelphia (Philadelphia vs Los Angeles D) land in the 40-50¢ bucket at game start (2026-05-31)?
Sooth_QGen#b10ab107a5ee	Will the Kalshi YES mid-market price for St. Louis (Cincinnati vs St. Louis) land in the 70-80¢ bucket at game start (2026-06-06)?
Sooth_QGen#b116d3427a8c	Will the Kalshi YES mid-market price for St. Louis (San Diego vs St. Louis) land in the 0-10¢ bucket at game start (2026-06-15)?
Sooth_QGen#b126f90f0371	Will the Kalshi YES mid-market price for San Francisco (San Francisco vs Milwaukee) land in the 10-20¢ bucket at game start (2026-06-01)?
Sooth_QGen#b1351ac7666a	Will the Kalshi YES mid-market price for Texas (Texas vs Kansas City) land in the 80-90¢ bucket at game start (2026-06-09)?
Sooth_QGen#b13b65e0ea04	Will the Kalshi YES mid-market price for New York M (Miami vs New York M) land in the 10-20¢ bucket at game start (2026-05-31)?
Sooth_QGen#b14a45863e8b	Will the Kalshi YES mid-market price for A's (Colorado vs A's) land in the 40-50¢ bucket at game start (2026-06-14)?
Sooth_QGen#b14b22ee2768	Will the Kalshi YES mid-market price for Tampa Bay (Tampa Bay vs Miami) land in the 50-60¢ bucket at game start (2026-06-06)?
Sooth_QGen#b1688cd79cc5	Will the Kalshi YES mid-market price for Cleveland (Detroit vs Cleveland) land in the 40-50¢ bucket at game start (2026-06-14)?
Sooth_QGen#b169ea2c442e	Will the Kalshi YES mid-market price for Minnesota (Will Minnesota win the Green Bay vs Minnesota Pro Football game) land in the 50-60¢ bucket at game start (2026-09-13)?
Sooth_QGen#b178f99f73bd	Will the Kalshi YES mid-market price for Texas (Texas vs Kansas City) land in the 30-40¢ bucket at game start (2026-06-10)?
Sooth_QGen#b181050cf102	Will the Kalshi YES mid-market price for Texas (Kansas City vs Texas) land in the 80-90¢ bucket at game start (2026-05-30)?
Sooth_QGen#b185192381d6	Will the Kalshi YES mid-market price for Boston (Boston vs Tampa Bay) land in the 40-50¢ bucket at game start (2026-06-08)?
Sooth_QGen#b18a90f369d1	Will the Kalshi YES mid-market price for New York M (St. Louis vs New York M) land in the 40-50¢ bucket at game start (2026-06-11)?
Sooth_QGen#b18b653a3c97	Will the Kalshi YES mid-market price for Atlanta (Atlanta vs New York M) land in the 10-20¢ bucket at game start (2026-06-13)?
Sooth_QGen#b192e02d2a58	Will the Kalshi YES mid-market price for St. Louis (Chicago C vs St. Louis) land in the 10-20¢ bucket at game start (2026-05-31)?
Sooth_QGen#b19837c22568	Will the Kalshi YES mid-market price for Los Angeles A (Tampa Bay vs Los Angeles A) land in the 0-10¢ bucket at game start (2026-06-13)?
Sooth_QGen#b1a63128ac21	Will the Kalshi YES mid-market price for Los Angeles A (Los Angeles A vs Los Angeles D) land in the 40-50¢ bucket at game start (2026-06-07)?
Sooth_QGen#b1ac3d9264b3	Will the Kalshi YES mid-market price for Seattle (Arizona vs Seattle) land in the 70-80¢ bucket at game start (2026-05-30)?
Sooth_QGen#b1b5e8e522ff	Will the Kalshi YES mid-market price for Seattle (Seattle vs Baltimore) land in the 20-30¢ bucket at game start (2026-06-09)?
Sooth_QGen#b1b9058620f3	Will the Kalshi YES mid-market price for Seattle (Arizona vs Seattle) land in the 0-10¢ bucket at game start (2026-05-30)?
Sooth_QGen#b1be53e39b8e	Will the Kalshi YES mid-market price for Tampa Bay (Detroit vs Tampa Bay) land in the 40-50¢ bucket at game start (2026-06-02)?
Sooth_QGen#b1cdf93be251	Will the Kalshi YES mid-market price for Milwaukee (Philadelphia vs Milwaukee) land in the 70-80¢ bucket at game start (2026-06-13)?
Sooth_QGen#b1f53357c62d	Will the Kalshi YES mid-market price for Baltimore (Seattle vs Baltimore) land in the 40-50¢ bucket at game start (2026-06-08)?
Sooth_QGen#b1fea379b258	Will the Kalshi YES mid-market price for Toronto (Toronto vs Atlanta) land in the 50-60¢ bucket at game start (2026-06-03)?
Sooth_QGen#b2095bf2eb94	Will the Kalshi YES mid-market price for New York M (Miami vs New York M) land in the 60-70¢ bucket at game start (2026-05-29)?
Sooth_QGen#b21cd278b93b	Will the Kalshi YES mid-market price for Colorado (Colorado vs A's) land in the 60-70¢ bucket at game start (2026-06-14)?
Sooth_QGen#b21f6c258b70	Will the Kalshi YES mid-market price for Detroit (Seattle vs Detroit) land in the 70-80¢ bucket at game start (2026-06-05)?
Sooth_QGen#b224ea1d5c21	Will the Kalshi YES mid-market price for CAR Hurricanes (Game 3: Carolina at Vegas) land in the 60-70¢ bucket at game start (2026-06-07)?
Sooth_QGen#b2307f7bb422	Will the Kalshi YES mid-market price for Philadelphia (Chicago WS vs Philadelphia) land in the 90-100¢ bucket at game start (2026-06-07)?
Sooth_QGen#b23894fd6134	Will the Kalshi YES mid-market price for Minnesota (Kansas City vs Minnesota) land in the 20-30¢ bucket at game start (2026-06-06)?
Sooth_QGen#b24371a59410	Will the Kalshi YES mid-market price for Kansas City (Kansas City vs Cincinnati) land in the 90-100¢ bucket at game start (2026-06-03)?
Sooth_QGen#b24741c57dba	Will the Kalshi YES mid-market price for Tampa Bay (Tampa Bay vs Miami) land in the 80-90¢ bucket at game start (2026-06-06)?
Sooth_QGen#b247d36667de	Will the Kalshi YES mid-market price for Pittsburgh (Los Angeles D vs Pittsburgh) land in the 40-50¢ bucket at game start (2026-06-11)?
Sooth_QGen#b24ad3eef4f7	Will the Kalshi YES mid-market price for Chicago WS (Detroit vs Chicago WS) land in the 0-10¢ bucket at game start (2026-05-31)?
Sooth_QGen#b24cae9b04be	Will the Kalshi YES mid-market price for Detroit (Detroit vs Cleveland) land in the 70-80¢ bucket at game start (2026-06-13)?
Sooth_QGen#b260987de181	Will the Kalshi YES mid-market price for Tampa Bay (Los Angeles A vs Tampa Bay) land in the 10-20¢ bucket at game start (2026-05-30)?
Sooth_QGen#b2611afe67a3	Will the Kalshi YES mid-market price for Los Angeles D (Philadelphia vs Los Angeles D) land in the 0-10¢ bucket at game start (2026-05-31)?
Sooth_QGen#b26194c7641e	Will the Kalshi YES mid-market price for New York (Game 3: San Antonio at New York) land in the 90-100¢ bucket at game start (2026-06-09)?
Sooth_QGen#b2623be501a8	Will the Kalshi YES mid-market price for New York Y (New York Y vs Cleveland) land in the 20-30¢ bucket at game start (2026-06-10)?
Sooth_QGen#b264bb83d793	Will the Kalshi YES mid-market price for A's (Milwaukee vs A's) land in the 40-50¢ bucket at game start (2026-06-11)?
Sooth_QGen#b269b3cd4e93	Will the Kalshi YES mid-market price for San Diego (San Diego vs St. Louis) land in the 80-90¢ bucket at game start (2026-06-15)?
Sooth_QGen#b26a08fa035a	Will the Kalshi YES mid-market price for Detroit (Detroit vs Chicago WS) land in the 90-100¢ bucket at game start (2026-05-30)?
Sooth_QGen#b29612985469	Will the Kalshi YES mid-market price for Boston (Boston vs Cleveland) land in the 40-50¢ bucket at game start (2026-05-30)?
Sooth_QGen#b2a6e7594746	Will the Kalshi YES mid-market price for Houston (Milwaukee vs Houston) land in the 10-20¢ bucket at game start (2026-05-30)?
Sooth_QGen#b2b21b197c1b	Will the Kalshi YES mid-market price for Kansas City (Kansas City vs Minnesota) land in the 60-70¢ bucket at game start (2026-06-06)?
Sooth_QGen#b2ca9a771da8	Will the Kalshi YES mid-market price for San Diego (San Diego vs Washington) land in the 10-20¢ bucket at game start (2026-05-30)?
Sooth_QGen#b2d1c2bfc853	Will the Kalshi YES mid-market price for A's (New York Y vs A's) land in the 10-20¢ bucket at game start (2026-05-31)?
Sooth_QGen#b2d76e90302a	Will the Kalshi YES mid-market price for Minnesota (Chicago WS vs Minnesota) land in the 70-80¢ bucket at game start (2026-06-03)?
Sooth_QGen#b2f31e423089	Will the Kalshi YES mid-market price for San Francisco (San Francisco vs Milwaukee) land in the 50-60¢ bucket at game start (2026-06-02)?
Sooth_QGen#b2f7591ccb1b	Will the Kalshi YES mid-market price for Miami (Miami vs Philadelphia) land in the 90-100¢ bucket at game start (2026-06-15)?
Sooth_QGen#b2fe7897fe36	Will the Kalshi YES mid-market price for New York M (New York M vs Seattle) land in the 40-50¢ bucket at game start (2026-06-03)?
Sooth_QGen#b305d1a0218f	Will the Kalshi YES mid-market price for Cincinnati (Arizona vs Cincinnati) land in the 0-10¢ bucket at game start (2026-06-14)?
Sooth_QGen#b3067098b3f6	Will the Kalshi YES mid-market price for Miami (Arizona vs Miami) land in the 50-60¢ bucket at game start (2026-06-11)?
Sooth_QGen#b30f75f67e2d	Will the Kalshi YES mid-market price for Tampa Bay (Tampa Bay vs Baltimore) land in the 90-100¢ bucket at game start (2026-05-27)?
Sooth_QGen#b32323edb82f	Will the Kalshi YES mid-market price for New York M (New York M vs Cincinnati) land in the 0-10¢ bucket at game start (2026-06-15)?
Sooth_QGen#b32b44e4013d	Will the Kalshi YES mid-market price for Detroit (Will Detroit win the New Orleans vs Detroit Pro Football game) land in the 0-10¢ bucket at game start (2026-09-13)?
Sooth_QGen#b32b5346b78d	Will the Kalshi YES mid-market price for Seattle (Seattle vs Washington) land in the 70-80¢ bucket at game start (2026-06-14)?
Sooth_QGen#b33d126e7440	Will the Kalshi YES mid-market price for Minnesota (Chicago WS vs Minnesota) land in the 50-60¢ bucket at game start (2026-06-02)?
Sooth_QGen#b3443f8fd1b4	Will the Kalshi YES mid-market price for Baltimore (Baltimore vs Toronto) land in the 20-30¢ bucket at game start (2026-06-07)?
Sooth_QGen#b34c21b8976b	Will the Kalshi YES mid-market price for Chicago C (Chicago C vs San Francisco) land in the 20-30¢ bucket at game start (2026-06-14)?
Sooth_QGen#b34ee882f520	Will the Kalshi YES mid-market price for Texas (Texas vs Boston) land in the 0-10¢ bucket at game start (2026-06-14)?
Sooth_QGen#b34ee955cb2a	Will the Kalshi YES mid-market price for Los Angeles A (Los Angeles A vs Arizona) land in the 60-70¢ bucket at game start (2026-06-16)?
Sooth_QGen#b35714dfdc98	Will the Kalshi YES mid-market price for Arizona (Arizona vs Cincinnati) land in the 20-30¢ bucket at game start (2026-06-14)?
Sooth_QGen#b362aae9d1b1	Will the Kalshi YES mid-market price for Seattle (Seattle vs Baltimore) land in the 50-60¢ bucket at game start (2026-06-11)?
Sooth_QGen#b365561b5bb3	Will the Kalshi YES mid-market price for Los Angeles A (Los Angeles A vs Los Angeles D) land in the 50-60¢ bucket at game start (2026-06-06)?
Sooth_QGen#b3726279df8f	Will the Kalshi YES mid-market price for Washington (Washington vs Arizona) land in the 30-40¢ bucket at game start (2026-06-06)?
Sooth_QGen#b374d9c83b19	Will the Kalshi YES mid-market price for Houston (Houston vs Kansas City) land in the 50-60¢ bucket at game start (2026-06-13)?
Sooth_QGen#b37ac6f95a71	Will the Kalshi YES mid-market price for Minnesota (Will Minnesota win the Green Bay vs Minnesota Pro Football game) land in the 10-20¢ bucket at game start (2026-09-13)?
Sooth_QGen#b37c9fecf406	Will the Kalshi YES mid-market price for Los Angeles A (Colorado vs Los Angeles A) land in the 0-10¢ bucket at game start (2026-06-02)?
Sooth_QGen#b38cebe0ca53	Will the Kalshi YES mid-market price for Atlanta (Will Atlanta win the Atlanta vs Pittsburgh Pro Football game) land in the 80-90¢ bucket at game start (2026-09-13)?
Sooth_QGen#b391413e72ab	Will the Kalshi YES mid-market price for Miami (Tampa Bay vs Miami) land in the 40-50¢ bucket at game start (2026-06-05)?
Sooth_QGen#b39bc68ac745	Will the Kalshi YES mid-market price for Seattle (Seattle vs Washington) land in the 40-50¢ bucket at game start (2026-06-14)?
Sooth_QGen#b3a26bfa1dcf	Will the Kalshi YES mid-market price for Texas (Texas vs St. Louis) land in the 10-20¢ bucket at game start (2026-06-02)?
Sooth_QGen#b3b6a28df43c	Will the Kalshi YES mid-market price for Colorado (Milwaukee vs Colorado) land in the 20-30¢ bucket at game start (2026-06-07)?
Sooth_QGen#b3baffa3194f	Will the Kalshi YES mid-market price for Colorado (Milwaukee vs Colorado) land in the 30-40¢ bucket at game start (2026-06-06)?
Sooth_QGen#b3c1eaa19e47	Will the Kalshi YES mid-market price for Arizona (Los Angeles D vs Arizona) land in the 30-40¢ bucket at game start (2026-06-03)?
Sooth_QGen#b3ce24348f6b	Will the Kalshi YES mid-market price for Texas (Cleveland vs Texas) land in the 50-60¢ bucket at game start (2026-06-06)?
Sooth_QGen#b3d18f8baf48	Will the Kalshi YES mid-market price for Tampa Bay (Boston vs Tampa Bay) land in the 60-70¢ bucket at game start (2026-06-09)?
Sooth_QGen#b3ec2a94c285	Will the Kalshi YES mid-market price for Arizona (Washington vs Arizona) land in the 20-30¢ bucket at game start (2026-06-06)?
Sooth_QGen#b3f2685c38f9	Will the Kalshi YES mid-market price for Detroit (Detroit vs Chicago WS) land in the 30-40¢ bucket at game start (2026-05-30)?
Sooth_QGen#b3f447f9f7e7	Will the Kalshi YES mid-market price for Los Angeles D (Los Angeles A vs Los Angeles D) land in the 10-20¢ bucket at game start (2026-06-06)?
Sooth_QGen#b3f9cd66d423	Will the Kalshi YES mid-market price for San Francisco (Will San Francisco win the San Francisco vs Los Angeles R Pro Football game) land in the 70-80¢ bucket at game start (2026-09-11)?
Sooth_QGen#b406a298811c	Will the Kalshi YES mid-market price for Cleveland (New York Y vs Cleveland) land in the 0-10¢ bucket at game start (2026-06-09)?
Sooth_QGen#b4215c5d9490	Will the Kalshi YES mid-market price for Atlanta (Pittsburgh vs Atlanta) land in the 80-90¢ bucket at game start (2026-06-07)?
Sooth_QGen#b4407d464c93	Will the Kalshi YES mid-market price for Baltimore (Toronto vs Baltimore) land in the 40-50¢ bucket at game start (2026-05-31)?
Sooth_QGen#b4506f41470e	Will the Kalshi YES mid-market price for Miami (Miami vs Washington) land in the 0-10¢ bucket at game start (2026-06-02)?
Sooth_QGen#b45a1d442e72	Will the Kalshi YES mid-market price for Washington (Seattle vs Washington) land in the 0-10¢ bucket at game start (2026-06-13)?
Sooth_QGen#b46856242fc3	Will the Kalshi YES mid-market price for Colorado (Chicago C vs Colorado) land in the 60-70¢ bucket at game start (2026-06-11)?
Sooth_QGen#b47f77a841c4	Will the Kalshi YES mid-market price for Arizona (Arizona vs Seattle) land in the 0-10¢ bucket at game start (2026-05-31)?
Sooth_QGen#b48fe04a2963	Will the Kalshi YES mid-market price for Chicago WS (Chicago WS vs Philadelphia) land in the 50-60¢ bucket at game start (2026-06-06)?
Sooth_QGen#b49f17e08368	Will the Kalshi YES mid-market price for Seattle (Seattle vs Baltimore) land in the 0-10¢ bucket at game start (2026-06-11)?
Sooth_QGen#b4d7684a9b49	Will the Kalshi YES mid-market price for Kansas City (Kansas City vs Minnesota) land in the 80-90¢ bucket at game start (2026-06-04)?
Sooth_QGen#b4dc2629e9df	Will the Kalshi YES mid-market price for St. Louis (Texas vs St. Louis) land in the 10-20¢ bucket at game start (2026-06-03)?
Sooth_QGen#b4e5a98fb38d	Will the Kalshi YES mid-market price for New York Y (Cleveland vs New York Y) land in the 70-80¢ bucket at game start (2026-06-02)?
Sooth_QGen#b4ebc49f9868	Will the Kalshi YES mid-market price for Minnesota (Minnesota vs Pittsburgh) land in the 10-20¢ bucket at game start (2026-05-29)?
Sooth_QGen#b50f897ad946	Will the Kalshi YES mid-market price for Detroit (Detroit vs Houston) land in the 80-90¢ bucket at game start (2026-06-16)?
Sooth_QGen#b51518719941	Will the Kalshi YES mid-market price for Arizona (Los Angeles D vs Arizona) land in the 40-50¢ bucket at game start (2026-06-03)?
Sooth_QGen#b51ba45111c4	Will the Kalshi YES mid-market price for Pittsburgh (Pittsburgh vs Houston) land in the 20-30¢ bucket at game start (2026-06-05)?
Sooth_QGen#b51f45569b79	Will the Kalshi YES mid-market price for Milwaukee (Philadelphia vs Milwaukee) land in the 0-10¢ bucket at game start (2026-06-14)?
Sooth_QGen#b51f959ff26c	Will the Kalshi YES mid-market price for Chicago C (Chicago C vs San Francisco) land in the 40-50¢ bucket at game start (2026-06-14)?
Sooth_QGen#b52797ce8146	Will the Kalshi YES mid-market price for Arizona (Washington vs Arizona) land in the 90-100¢ bucket at game start (2026-06-07)?
Sooth_QGen#b52b72761b1e	Will the Kalshi YES mid-market price for Houston (Houston vs Kansas City) land in the 0-10¢ bucket at game start (2026-06-13)?
Sooth_QGen#b5323808bd89	Will the Kalshi YES mid-market price for San Diego (San Diego vs Washington) land in the 90-100¢ bucket at game start (2026-05-30)?
Sooth_QGen#b53faa360845	Will the Kalshi YES mid-market price for Pittsburgh (Pittsburgh vs A's) land in the 10-20¢ bucket at game start (2026-06-16)?
Sooth_QGen#b54d3291841e	Will the Kalshi YES mid-market price for Texas (Cleveland vs Texas) land in the 20-30¢ bucket at game start (2026-06-07)?
Sooth_QGen#b54e73ee80f7	Will the Kalshi YES mid-market price for Baltimore (Seattle vs Baltimore) land in the 60-70¢ bucket at game start (2026-06-11)?
Sooth_QGen#b561e0cf76af	Will the Kalshi YES mid-market price for Detroit (Detroit vs Chicago WS) land in the 80-90¢ bucket at game start (2026-05-30)?
Sooth_QGen#b565b1a7495f	Will the Kalshi YES mid-market price for Seattle (Seattle vs Baltimore) land in the 90-100¢ bucket at game start (2026-06-08)?
Sooth_QGen#b56be8179299	Will the Kalshi YES mid-market price for Seattle (Seattle vs Baltimore) land in the 40-50¢ bucket at game start (2026-06-10)?
Sooth_QGen#b580468a94d8	Will the Kalshi YES mid-market price for Los Angeles A (Houston vs Los Angeles A) land in the 20-30¢ bucket at game start (2026-06-10)?
Sooth_QGen#b582c1d4d164	Will the Kalshi YES mid-market price for Los Angeles A (Colorado vs Los Angeles A) land in the 70-80¢ bucket at game start (2026-06-03)?
Sooth_QGen#b583538cb776	Will the Kalshi YES mid-market price for Cincinnati (New York M vs Cincinnati) land in the 20-30¢ bucket at game start (2026-06-15)?
Sooth_QGen#b590a81ef59b	Will the Kalshi YES mid-market price for St. Louis (Cincinnati vs St. Louis) land in the 60-70¢ bucket at game start (2026-06-06)?
Sooth_QGen#b591a0507515	Will the Kalshi YES mid-market price for Toronto (Baltimore vs Toronto) land in the 90-100¢ bucket at game start (2026-06-05)?
Sooth_QGen#b5983b5a80d4	Will the Kalshi YES mid-market price for Cincinnati (Cincinnati vs St. Louis) land in the 0-10¢ bucket at game start (2026-06-06)?
Sooth_QGen#b5a01e01b22a	Will the Kalshi YES mid-market price for Colorado (San Francisco vs Colorado) land in the 10-20¢ bucket at game start (2026-05-30)?
Sooth_QGen#b5b0c02163fb	Will the Kalshi YES mid-market price for CAR Hurricanes (Game 5: Vegas at Carolina) land in the 40-50¢ bucket at game start (2026-06-12)?
Sooth_QGen#b5b16b2f02d7	Will the Kalshi YES mid-market price for Arizona (Los Angeles A vs Arizona) land in the 10-20¢ bucket at game start (2026-06-16)?
Sooth_QGen#b5c3e5d33015	Will the Kalshi YES mid-market price for Kansas City (Kansas City vs Texas) land in the 40-50¢ bucket at game start (2026-05-31)?
Sooth_QGen#b5dbd81f6623	Will the Kalshi YES mid-market price for Kansas City (Kansas City vs Minnesota) land in the 20-30¢ bucket at game start (2026-06-04)?
Sooth_QGen#b5e17f7ebc4f	Will the Kalshi YES mid-market price for New York Y (Cleveland vs New York Y) land in the 0-10¢ bucket at game start (2026-06-02)?
Sooth_QGen#b5faa565a2b4	Will the Kalshi YES mid-market price for A's (New York Y vs A's) land in the 20-30¢ bucket at game start (2026-05-31)?
Sooth_QGen#b5fc7be6cb95	Will the Kalshi YES mid-market price for Seattle (Seattle vs Baltimore) land in the 60-70¢ bucket at game start (2026-06-09)?
Sooth_QGen#b604020fd91d	Will the Kalshi YES mid-market price for San Francisco (San Francisco vs Colorado) land in the 60-70¢ bucket at game start (2026-05-31)?
Sooth_QGen#b60ec7188d67	Will the Kalshi YES mid-market price for Cincinnati (Arizona vs Cincinnati) land in the 90-100¢ bucket at game start (2026-06-13)?
Sooth_QGen#b612ff5a0394	Will the Kalshi YES mid-market price for Arizona (Arizona vs Miami) land in the 70-80¢ bucket at game start (2026-06-09)?
Sooth_QGen#b61d26992a57	Will the Kalshi YES mid-market price for Minnesota (St. Louis vs Minnesota) land in the 0-10¢ bucket at game start (2026-06-14)?
Sooth_QGen#b61f69af11f3	Will the Kalshi YES mid-market price for Texas (Texas vs St. Louis) land in the 20-30¢ bucket at game start (2026-06-01)?
Sooth_QGen#b62a2310d58c	Will the Kalshi YES mid-market price for Washington (Washington vs Arizona) land in the 20-30¢ bucket at game start (2026-06-07)?
Sooth_QGen#b63e1db394c7	Will the Kalshi YES mid-market price for Milwaukee (Milwaukee vs A's) land in the 40-50¢ bucket at game start (2026-06-10)?
Sooth_QGen#b64e36bdccad	Will the Kalshi YES mid-market price for Boston (Boston vs New York Y) land in the 30-40¢ bucket at game start (2026-06-07)?
Sooth_QGen#b650be0fd9d3	Will the Kalshi YES mid-market price for New York M (New York M vs San Diego) land in the 0-10¢ bucket at game start (2026-06-07)?
Sooth_QGen#b65c37ac8693	Will the Kalshi YES mid-market price for Arizona (Los Angeles A vs Arizona) land in the 20-30¢ bucket at game start (2026-06-16)?
Sooth_QGen#b65f4c541201	Will the Kalshi YES mid-market price for Baltimore (San Diego vs Baltimore) land in the 80-90¢ bucket at game start (2026-06-12)?
Sooth_QGen#b673932b8ee6	Will the Kalshi YES mid-market price for Milwaukee (Philadelphia vs Milwaukee) land in the 40-50¢ bucket at game start (2026-06-13)?
Sooth_QGen#b674ed1f59c4	Will the Kalshi YES mid-market price for VGK Golden Knights (Game 3: Carolina at Vegas) land in the 90-100¢ bucket at game start (2026-06-07)?
Sooth_QGen#b676e9cbe65e	Will the Kalshi YES mid-market price for San Francisco (San Francisco vs Milwaukee) land in the 10-20¢ bucket at game start (2026-06-04)?
Sooth_QGen#b67e44f48ad9	Will the Kalshi YES mid-market price for VGK Golden Knights (Game 2: Vegas at Carolina) land in the 50-60¢ bucket at game start (2026-06-05)?
Sooth_QGen#b6843a19d572	Will the Kalshi YES mid-market price for A's (Milwaukee vs A's) land in the 80-90¢ bucket at game start (2026-06-11)?
Sooth_QGen#b68f215a8f72	Will the Kalshi YES mid-market price for Seattle (Will Seattle win the New England vs Seattle Pro Football game) land in the 40-50¢ bucket at game start (2026-09-09)?
Sooth_QGen#b69d6c0c65f6	Will the Kalshi YES mid-market price for Chicago WS (Chicago WS vs Philadelphia) land in the 80-90¢ bucket at game start (2026-06-07)?
Sooth_QGen#b6a3730263e5	Will the Kalshi YES mid-market price for Kansas City (Texas vs Kansas City) land in the 40-50¢ bucket at game start (2026-06-11)?
Sooth_QGen#b6a74afb89ef	Will the Kalshi YES mid-market price for New York Y (Boston vs New York Y) land in the 60-70¢ bucket at game start (2026-06-07)?
Sooth_QGen#b6ab75a32427	Will the Kalshi YES mid-market price for Philadelphia (Chicago WS vs Philadelphia) land in the 70-80¢ bucket at game start (2026-06-06)?
Sooth_QGen#b6ad5f277bbd	Will the Kalshi YES mid-market price for Washington (San Diego vs Washington) land in the 70-80¢ bucket at game start (2026-05-30)?
Sooth_QGen#b6b4a4906b6a	Will the Kalshi YES mid-market price for Indianapolis (Will Indianapolis win the Baltimore vs Indianapolis Pro Football game) land in the 30-40¢ bucket at game start (2026-09-13)?
Sooth_QGen#b6cdc1cfb98e	Will the Kalshi YES mid-market price for Pittsburgh (Miami vs Pittsburgh) land in the 0-10¢ bucket at game start (2026-06-12)?
Sooth_QGen#b6d5f1f09a79	Will the Kalshi YES mid-market price for Atlanta (Toronto vs Atlanta) land in the 60-70¢ bucket at game start (2026-06-03)?
Sooth_QGen#b6dbcb19703b	Will the Kalshi YES mid-market price for CAR Hurricanes (Game 3: Carolina at Vegas) land in the 70-80¢ bucket at game start (2026-06-07)?
Sooth_QGen#b6e1fcf8ecec	Will the Kalshi YES mid-market price for Los Angeles D (Los Angeles A vs Los Angeles D) land in the 80-90¢ bucket at game start (2026-06-07)?
Sooth_QGen#b6e8a18b316a	Will the Kalshi YES mid-market price for A's (A's vs Houston) land in the 60-70¢ bucket at game start (2026-06-07)?
Sooth_QGen#b6f2212fe0db	Will the Kalshi YES mid-market price for New York Y (New York Y vs A's) land in the 60-70¢ bucket at game start (2026-05-31)?
Sooth_QGen#b71398683e7e	Will the Kalshi YES mid-market price for Colorado (Milwaukee vs Colorado) land in the 50-60¢ bucket at game start (2026-06-07)?
Sooth_QGen#b72157c82b41	Will the Kalshi YES mid-market price for New York Y (New York Y vs Cleveland) land in the 80-90¢ bucket at game start (2026-06-10)?
Sooth_QGen#b739bf63e468	Will the Kalshi YES mid-market price for Minnesota (St. Louis vs Minnesota) land in the 20-30¢ bucket at game start (2026-06-13)?
Sooth_QGen#b74308a9972c	Will the Kalshi YES mid-market price for Pittsburgh (Minnesota vs Pittsburgh) land in the 10-20¢ bucket at game start (2026-05-31)?
Sooth_QGen#b7560a1e522a	Will the Kalshi YES mid-market price for Arizona (Los Angeles D vs Arizona) land in the 20-30¢ bucket at game start (2026-06-02)?
Sooth_QGen#b7593a689c1d	Will the Kalshi YES mid-market price for Kansas City (Kansas City vs Texas) land in the 30-40¢ bucket at game start (2026-05-30)?
Sooth_QGen#b75e77df4a2e	Will the Kalshi YES mid-market price for Philadelphia (Philadelphia vs Milwaukee) land in the 30-40¢ bucket at game start (2026-06-12)?
Sooth_QGen#b767974daf89	Will the Kalshi YES mid-market price for Cincinnati (Will Cincinnati win the Tampa Bay vs Cincinnati Pro Football game) land in the 60-70¢ bucket at game start (2026-09-13)?
Sooth_QGen#b76d7f5bca88	Will the Kalshi YES mid-market price for Minnesota (Chicago WS vs Minnesota) land in the 80-90¢ bucket at game start (2026-06-03)?
Sooth_QGen#b77bda98a5d8	Will the Kalshi YES mid-market price for Chicago WS (Los Angeles D vs Chicago WS) land in the 60-70¢ bucket at game start (2026-06-12)?
Sooth_QGen#b7a92e8af5e9	Will the Kalshi YES mid-market price for Houston (A's vs Houston) land in the 20-30¢ bucket at game start (2026-06-06)?
Sooth_QGen#b7ab943de256	Will the Kalshi YES mid-market price for San Francisco (San Francisco vs Milwaukee) land in the 10-20¢ bucket at game start (2026-06-02)?
Sooth_QGen#b7b4a59d04e4	Will the Kalshi YES mid-market price for Philadelphia (Philadelphia vs Toronto) land in the 50-60¢ bucket at game start (2026-06-09)?
Sooth_QGen#b7b5d01ec779	Will the Kalshi YES mid-market price for Kansas City (Kansas City vs Cincinnati) land in the 20-30¢ bucket at game start (2026-06-01)?
Sooth_QGen#b7b9d28d090e	Will the Kalshi YES mid-market price for Los Angeles A (Los Angeles A vs Los Angeles D) land in the 40-50¢ bucket at game start (2026-06-06)?
Sooth_QGen#b7c14c4d2a08	Will the Kalshi YES mid-market price for Miami (Miami vs New York M) land in the 80-90¢ bucket at game start (2026-05-29)?
Sooth_QGen#b7cf07d0deff	Will the Kalshi YES mid-market price for New York Y (Boston vs New York Y) land in the 20-30¢ bucket at game start (2026-06-05)?
Sooth_QGen#b7d3b43a88c1	Will the Kalshi YES mid-market price for San Diego (San Diego vs Washington) land in the 60-70¢ bucket at game start (2026-05-31)?
Sooth_QGen#b7d5bfae236a	Will the Kalshi YES mid-market price for Cincinnati (Kansas City vs Cincinnati) land in the 90-100¢ bucket at game start (2026-06-02)?
Sooth_QGen#b7d7d2455f9e	Will the Kalshi YES mid-market price for San Diego (New York M vs San Diego) land in the 50-60¢ bucket at game start (2026-06-07)?
Sooth_QGen#b7de2eb7770b	Will the Kalshi YES mid-market price for Minnesota (Minnesota vs Detroit) land in the 50-60¢ bucket at game start (2026-06-11)?
Sooth_QGen#b7e4725a6452	Will the Kalshi YES mid-market price for Washington (Miami vs Washington) land in the 90-100¢ bucket at game start (2026-06-03)?
Sooth_QGen#b7edb8f4a408	Will the Kalshi YES mid-market price for Seattle (Seattle vs Detroit) land in the 80-90¢ bucket at game start (2026-06-07)?
Sooth_QGen#b7f1645c13c2	Will the Kalshi YES mid-market price for Milwaukee (Milwaukee vs A's) land in the 30-40¢ bucket at game start (2026-06-09)?
Sooth_QGen#b7f362c81793	Will the Kalshi YES mid-market price for Cincinnati (Cincinnati vs San Diego) land in the 80-90¢ bucket at game start (2026-06-10)?
Sooth_QGen#b7f8fa9bbb92	Will the Kalshi YES mid-market price for Kansas City (Kansas City vs Washington) land in the 80-90¢ bucket at game start (2026-06-15)?
Sooth_QGen#b801cad456c2	Will the Kalshi YES mid-market price for Cleveland (New York Y vs Cleveland) land in the 50-60¢ bucket at game start (2026-06-10)?
Sooth_QGen#b80a43e64aa4	Will the Kalshi YES mid-market price for Houston (A's vs Houston) land in the 90-100¢ bucket at game start (2026-06-06)?
Sooth_QGen#b8208da311f1	Will the Kalshi YES mid-market price for Los Angeles A (Houston vs Los Angeles A) land in the 60-70¢ bucket at game start (2026-06-10)?
Sooth_QGen#b82a4cfcee45	Will the Kalshi YES mid-market price for Atlanta (Atlanta vs Chicago WS) land in the 40-50¢ bucket at game start (2026-06-10)?
Sooth_QGen#b8317726d102	Will the Kalshi YES mid-market price for Cincinnati (Kansas City vs Cincinnati) land in the 40-50¢ bucket at game start (2026-06-01)?
Sooth_QGen#b835d42cc037	Will the Kalshi YES mid-market price for Los Angeles D (Los Angeles D vs Chicago WS) land in the 80-90¢ bucket at game start (2026-06-12)?
Sooth_QGen#b83dd42fe630	Will the Kalshi YES mid-market price for Colorado (Milwaukee vs Colorado) land in the 0-10¢ bucket at game start (2026-06-07)?
Sooth_QGen#b84a72bb6088	Will the Kalshi YES mid-market price for Texas (Texas vs Boston) land in the 40-50¢ bucket at game start (2026-06-14)?
Sooth_QGen#b85dcb1f486c	Will the Kalshi YES mid-market price for Miami (Miami vs Pittsburgh) land in the 0-10¢ bucket at game start (2026-06-13)?
Sooth_QGen#b86ce4a2b210	Will the Kalshi YES mid-market price for Texas (Texas vs Kansas City) land in the 90-100¢ bucket at game start (2026-06-11)?
Sooth_QGen#b88e45b96a6a	Will the Kalshi YES mid-market price for Kansas City (Kansas City vs Cincinnati) land in the 0-10¢ bucket at game start (2026-06-01)?
Sooth_QGen#b8937c2e9aec	Will the Kalshi YES mid-market price for Houston (Milwaukee vs Houston) land in the 40-50¢ bucket at game start (2026-05-30)?
Sooth_QGen#b8952f9f59b5	Will the Kalshi YES mid-market price for St. Louis (St. Louis vs New York M) land in the 90-100¢ bucket at game start (2026-06-11)?
Sooth_QGen#b8abb5315ef5	Will the Kalshi YES mid-market price for Boston (Baltimore vs Boston) land in the 60-70¢ bucket at game start (2026-06-03)?
Sooth_QGen#b8abcfa2953b	Will the Kalshi YES mid-market price for Las Vegas (Will Las Vegas win the Miami vs Las Vegas Pro Football game) land in the 60-70¢ bucket at game start (2026-09-13)?
Sooth_QGen#b8b0140dee3f	Will the Kalshi YES mid-market price for Atlanta (Pittsburgh vs Atlanta) land in the 10-20¢ bucket at game start (2026-06-05)?
Sooth_QGen#b8b9ef6a51a8	Will the Kalshi YES mid-market price for Cincinnati (Kansas City vs Cincinnati) land in the 10-20¢ bucket at game start (2026-06-01)?
Sooth_QGen#b8d688884e38	Will the Kalshi YES mid-market price for Philadelphia (Philadelphia vs Los Angeles D) land in the 50-60¢ bucket at game start (2026-05-31)?
Sooth_QGen#b8dd99b229aa	Will the Kalshi YES mid-market price for Boston (Texas vs Boston) land in the 10-20¢ bucket at game start (2026-06-13)?
Sooth_QGen#b8f2b0d650eb	Will the Kalshi YES mid-market price for A's (New York Y vs A's) land in the 40-50¢ bucket at game start (2026-05-31)?
Sooth_QGen#b8f3a0154524	Will the Kalshi YES mid-market price for St. Louis (Texas vs St. Louis) land in the 30-40¢ bucket at game start (2026-06-02)?
Sooth_QGen#b8f517ebe4da	Will the Kalshi YES mid-market price for Chicago C (Chicago C vs St. Louis) land in the 90-100¢ bucket at game start (2026-05-29)?
Sooth_QGen#b8ff7c22bd71	Will the Kalshi YES mid-market price for Philadelphia (Philadelphia vs Toronto) land in the 0-10¢ bucket at game start (2026-06-09)?
Sooth_QGen#b90cf161213b	Will the Kalshi YES mid-market price for St. Louis (St. Louis vs New York M) land in the 40-50¢ bucket at game start (2026-06-11)?
Sooth_QGen#b91c6471fdfc	Will the Kalshi YES mid-market price for Minnesota (St. Louis vs Minnesota) land in the 70-80¢ bucket at game start (2026-06-13)?
Sooth_QGen#b923813bca5b	Will the Kalshi YES mid-market price for San Antonio (Game 4: San Antonio at New York) land in the 60-70¢ bucket at game start (2026-06-11)?
Sooth_QGen#b93d9a386bef	Will the Kalshi YES mid-market price for Colorado (San Francisco vs Colorado) land in the 90-100¢ bucket at game start (2026-05-31)?
Sooth_QGen#b9491fb80dba	Will the Kalshi YES mid-market price for Kansas City (Kansas City vs Texas) land in the 30-40¢ bucket at game start (2026-05-30)?
Sooth_QGen#b957f677efde	Will the Kalshi YES mid-market price for Los Angeles D (Los Angeles D vs Chicago WS) land in the 60-70¢ bucket at game start (2026-06-13)?
Sooth_QGen#b967f7b0004d	Will the Kalshi YES mid-market price for Houston (A's vs Houston) land in the 70-80¢ bucket at game start (2026-06-06)?
Sooth_QGen#b9748d21de13	Will the Kalshi YES mid-market price for Chicago C (A's vs Chicago C) land in the 70-80¢ bucket at game start (2026-06-05)?
Sooth_QGen#b97bbee31e25	Will the Kalshi YES mid-market price for Texas (Texas vs St. Louis) land in the 70-80¢ bucket at game start (2026-06-01)?
Sooth_QGen#b988653ea069	Will the Kalshi YES mid-market price for Colorado (San Francisco vs Colorado) land in the 50-60¢ bucket at game start (2026-05-31)?
Sooth_QGen#b98dc9ae028f	Will the Kalshi YES mid-market price for Tampa Bay (Boston vs Tampa Bay) land in the 40-50¢ bucket at game start (2026-06-08)?
Sooth_QGen#b9b398d8d860	Will the Kalshi YES mid-market price for Los Angeles A (Houston vs Los Angeles A) land in the 0-10¢ bucket at game start (2026-06-10)?
Sooth_QGen#b9c89fa146da	Will the Kalshi YES mid-market price for New York Y (Boston vs New York Y) land in the 90-100¢ bucket at game start (2026-06-05)?
Sooth_QGen#b9d4a80389cd	Will the Kalshi YES mid-market price for Cincinnati (Kansas City vs Cincinnati) land in the 70-80¢ bucket at game start (2026-06-01)?
Sooth_QGen#b9df61bfe543	Will the Kalshi YES mid-market price for Toronto (Baltimore vs Toronto) land in the 0-10¢ bucket at game start (2026-06-07)?
Sooth_QGen#b9ea8e980f16	Will the Kalshi YES mid-market price for Pittsburgh (Pittsburgh vs Houston) land in the 70-80¢ bucket at game start (2026-06-04)?
Sooth_QGen#b9edd3dfb77e	Will the Kalshi YES mid-market price for Miami (Miami vs Washington) land in the 80-90¢ bucket at game start (2026-06-03)?
Sooth_QGen#b9f50720c3b3	Will the Kalshi YES mid-market price for Seattle (Seattle vs Washington) land in the 10-20¢ bucket at game start (2026-06-14)?
Sooth_QGen#b9fd573ac775	Will the Kalshi YES mid-market price for A's (Colorado vs A's) land in the 40-50¢ bucket at game start (2026-06-13)?
Sooth_QGen#ba2fda794820	Will the Kalshi YES mid-market price for Arizona (Los Angeles D vs Arizona) land in the 20-30¢ bucket at game start (2026-06-05)?
Sooth_QGen#ba46a1be444a	Will the Kalshi YES mid-market price for Los Angeles D (Los Angeles A vs Los Angeles D) land in the 10-20¢ bucket at game start (2026-06-07)?
Sooth_QGen#ba47716c080b	Will the Kalshi YES mid-market price for San Diego (San Diego vs Baltimore) land in the 40-50¢ bucket at game start (2026-06-13)?
Sooth_QGen#ba51ce2aad0f	Will the Kalshi YES mid-market price for MTL Canadiens (Game 5: Montreal at Carolina) land in the 60-70¢ bucket at game start (2026-05-30)?
Sooth_QGen#ba699c0315ec	Will the Kalshi YES mid-market price for Pittsburgh (Miami vs Pittsburgh) land in the 40-50¢ bucket at game start (2026-06-13)?
Sooth_QGen#ba7336427a86	Will the Kalshi YES mid-market price for Minnesota (Chicago WS vs Minnesota) land in the 10-20¢ bucket at game start (2026-06-02)?
Sooth_QGen#ba7890baf59e	Will the Kalshi YES mid-market price for Cincinnati (Atlanta vs Cincinnati) land in the 20-30¢ bucket at game start (2026-05-31)?
Sooth_QGen#ba7e103ab003	Will the Kalshi YES mid-market price for Arizona (Arizona vs Miami) land in the 70-80¢ bucket at game start (2026-06-10)?
Sooth_QGen#ba891b27146a	Will the Kalshi YES mid-market price for Tampa Bay (Tampa Bay vs Los Angeles A) land in the 40-50¢ bucket at game start (2026-06-13)?
Sooth_QGen#ba8f360f845a	Will the Kalshi YES mid-market price for Chicago C (San Francisco vs Chicago C) land in the 0-10¢ bucket at game start (2026-06-08)?
Sooth_QGen#ba940cd560fe	Will the Kalshi YES mid-market price for Milwaukee (San Francisco vs Milwaukee) land in the 20-30¢ bucket at game start (2026-06-04)?
Sooth_QGen#ba960ab726d7	Will the Kalshi YES mid-market price for Miami (Miami vs Pittsburgh) land in the 70-80¢ bucket at game start (2026-06-13)?
Sooth_QGen#baa3d1d6c8f8	Will the Kalshi YES mid-market price for A's (A's vs Houston) land in the 80-90¢ bucket at game start (2026-06-06)?
Sooth_QGen#bab109e1c329	Will the Kalshi YES mid-market price for Philadelphia (Philadelphia vs Toronto) land in the 60-70¢ bucket at game start (2026-06-09)?
Sooth_QGen#bad152b01f32	Will the Kalshi YES mid-market price for New York (Game 4: San Antonio at New York) land in the 40-50¢ bucket at game start (2026-06-11)?
Sooth_QGen#badb4a023823	Will the Kalshi YES mid-market price for Baltimore (San Diego vs Baltimore) land in the 90-100¢ bucket at game start (2026-06-13)?
Sooth_QGen#badb946800ee	Will the Kalshi YES mid-market price for Houston (Milwaukee vs Houston) land in the 90-100¢ bucket at game start (2026-05-30)?
Sooth_QGen#bae2b8c0b2f4	Will the Kalshi YES mid-market price for Miami (Arizona vs Miami) land in the 70-80¢ bucket at game start (2026-06-09)?
Sooth_QGen#bae4c76e0aea	Will the Kalshi YES mid-market price for Chicago C (Chicago C vs San Francisco) land in the 10-20¢ bucket at game start (2026-06-14)?
Sooth_QGen#baef81369770	Will the Kalshi YES mid-market price for Tampa Bay (Tampa Bay vs Los Angeles A) land in the 80-90¢ bucket at game start (2026-06-14)?
Sooth_QGen#baf526445178	Will the Kalshi YES mid-market price for Minnesota (St. Louis vs Minnesota) land in the 10-20¢ bucket at game start (2026-06-14)?
Sooth_QGen#baf7bfee7e1a	Will the Kalshi YES mid-market price for CAR Hurricanes (Game 5: Vegas at Carolina) land in the 50-60¢ bucket at game start (2026-06-12)?
Sooth_QGen#baf96046cbb5	Will the Kalshi YES mid-market price for Philadelphia (Philadelphia vs Toronto) land in the 10-20¢ bucket at game start (2026-06-09)?
Sooth_QGen#bb0668778bbc	Will the Kalshi YES mid-market price for Pittsburgh (Pittsburgh vs Houston) land in the 20-30¢ bucket at game start (2026-06-04)?
Sooth_QGen#bb09d3d795b5	Will the Kalshi YES mid-market price for Miami (Miami vs New York M) land in the 20-30¢ bucket at game start (2026-05-29)?
Sooth_QGen#bb09dd1fb35f	Will the Kalshi YES mid-market price for Detroit (Detroit vs Chicago WS) land in the 80-90¢ bucket at game start (2026-05-31)?
Sooth_QGen#bb2930b6f6c8	Will the Kalshi YES mid-market price for San Antonio (Game 3: San Antonio at New York) land in the 20-30¢ bucket at game start (2026-06-09)?
Sooth_QGen#bb33186be875	Will the Kalshi YES mid-market price for Los Angeles A (Colorado vs Los Angeles A) land in the 40-50¢ bucket at game start (2026-06-04)?
Sooth_QGen#bb426a549aa9	Will the Kalshi YES mid-market price for Cleveland (Cleveland vs Texas) land in the 10-20¢ bucket at game start (2026-06-06)?
Sooth_QGen#bb59eaa35969	Will the Kalshi YES mid-market price for Los Angeles A (Colorado vs Los Angeles A) land in the 60-70¢ bucket at game start (2026-06-04)?
Sooth_QGen#bb67d0f3a6f6	Will the Kalshi YES mid-market price for Chicago C (A's vs Chicago C) land in the 0-10¢ bucket at game start (2026-06-04)?
Sooth_QGen#bb721e66159b	Will the Kalshi YES mid-market price for Washington (Seattle vs Washington) land in the 80-90¢ bucket at game start (2026-06-13)?
Sooth_QGen#bb7607890a2f	Will the Kalshi YES mid-market price for Texas (Texas vs Kansas City) land in the 50-60¢ bucket at game start (2026-06-10)?
Sooth_QGen#bb76185835c3	Will the Kalshi YES mid-market price for New York M (New York M vs Seattle) land in the 70-80¢ bucket at game start (2026-06-03)?
Sooth_QGen#bb77f9966627	Will the Kalshi YES mid-market price for Cincinnati (Atlanta vs Cincinnati) land in the 80-90¢ bucket at game start (2026-05-30)?
Sooth_QGen#bb79fbfc1b65	Will the Kalshi YES mid-market price for Seattle (Seattle vs Washington) land in the 20-30¢ bucket at game start (2026-06-12)?
Sooth_QGen#bb7f90951eca	Will the Kalshi YES mid-market price for A's (A's vs Chicago C) land in the 30-40¢ bucket at game start (2026-06-03)?
Sooth_QGen#bb87a406d928	Will the Kalshi YES mid-market price for Los Angeles A (Houston vs Los Angeles A) land in the 80-90¢ bucket at game start (2026-06-09)?
Sooth_QGen#bb87bb251ca6	Will the Kalshi YES mid-market price for Pittsburgh (Pittsburgh vs Atlanta) land in the 0-10¢ bucket at game start (2026-06-06)?
Sooth_QGen#bb88b5024ab6	Will the Kalshi YES mid-market price for Tampa Bay (Tampa Bay vs Miami) land in the 90-100¢ bucket at game start (2026-06-06)?
Sooth_QGen#bb8affba4960	Will the Kalshi YES mid-market price for Kansas City (Kansas City vs Texas) land in the 80-90¢ bucket at game start (2026-05-31)?
Sooth_QGen#bb9ff52d7438	Will the Kalshi YES mid-market price for Kansas City (Kansas City vs Minnesota) land in the 90-100¢ bucket at game start (2026-06-04)?
Sooth_QGen#bba1a7ebf8bb	Will the Kalshi YES mid-market price for San Antonio (Game 5: New York at San Antonio) land in the 70-80¢ bucket at game start (2026-06-14)?
Sooth_QGen#bba3b914dc3b	Will the Kalshi YES mid-market price for Miami (Arizona vs Miami) land in the 10-20¢ bucket at game start (2026-06-09)?
Sooth_QGen#bbb43690b21b	Will the Kalshi YES mid-market price for Toronto (Toronto vs Atlanta) land in the 90-100¢ bucket at game start (2026-06-03)?
Sooth_QGen#bbd6c509fff5	Will the Kalshi YES mid-market price for Minnesota (Kansas City vs Minnesota) land in the 10-20¢ bucket at game start (2026-06-06)?
Sooth_QGen#bbe2a6142d64	Will the Kalshi YES mid-market price for Cleveland (New York Y vs Cleveland) land in the 80-90¢ bucket at game start (2026-06-08)?
Sooth_QGen#bc045784da26	Will the Kalshi YES mid-market price for Arizona (Arizona vs Seattle) land in the 40-50¢ bucket at game start (2026-05-31)?
Sooth_QGen#bc0cbfedf34e	Will the Kalshi YES mid-market price for Colorado (Colorado vs Chicago C) land in the 20-30¢ bucket at game start (2026-06-16)?
Sooth_QGen#bc1555491f67	Will the Kalshi YES mid-market price for Arizona (Will Arizona win the Arizona vs Los Angeles C Pro Football game) land in the 20-30¢ bucket at game start (2026-09-13)?
Sooth_QGen#bc2295a4e3e8	Will the Kalshi YES mid-market price for Seattle (Seattle vs Washington) land in the 90-100¢ bucket at game start (2026-06-14)?
Sooth_QGen#bc25ffaae104	Will the Kalshi YES mid-market price for New York M (New York M vs San Diego) land in the 60-70¢ bucket at game start (2026-06-06)?
Sooth_QGen#bc2f2ee10a22	Will the Kalshi YES mid-market price for Baltimore (Seattle vs Baltimore) land in the 80-90¢ bucket at game start (2026-06-10)?
Sooth_QGen#bc3286fc2312	Will the Kalshi YES mid-market price for Chicago C (Colorado vs Chicago C) land in the 70-80¢ bucket at game start (2026-06-16)?
Sooth_QGen#bc45a6a7f778	Will the Kalshi YES mid-market price for Los Angeles A (Tampa Bay vs Los Angeles A) land in the 20-30¢ bucket at game start (2026-06-14)?
Sooth_QGen#bc45cdbcf783	Will the Kalshi YES mid-market price for Milwaukee (San Francisco vs Milwaukee) land in the 10-20¢ bucket at game start (2026-06-04)?
Sooth_QGen#bc4730ef6763	Will the Kalshi YES mid-market price for Seattle (New York M vs Seattle) land in the 10-20¢ bucket at game start (2026-06-03)?
Sooth_QGen#bc4b85cdfa58	Will the Kalshi YES mid-market price for Texas (Kansas City vs Texas) land in the 0-10¢ bucket at game start (2026-05-31)?
Sooth_QGen#bc65df509da4	Will the Kalshi YES mid-market price for Tampa Bay (Tampa Bay vs Los Angeles A) land in the 60-70¢ bucket at game start (2026-06-14)?
Sooth_QGen#bc6748dceef2	Will the Kalshi YES mid-market price for Detroit (Minnesota vs Detroit) land in the 0-10¢ bucket at game start (2026-06-09)?
Sooth_QGen#bc7ec51e4230	Will the Kalshi YES mid-market price for Miami (Miami vs New York M) land in the 10-20¢ bucket at game start (2026-05-31)?
Sooth_QGen#bc80011f836a	Will the Kalshi YES mid-market price for Los Angeles A (Houston vs Los Angeles A) land in the 80-90¢ bucket at game start (2026-06-11)?
Sooth_QGen#bc842c4d1137	Will the Kalshi YES mid-market price for A's (Colorado vs A's) land in the 20-30¢ bucket at game start (2026-06-14)?
Sooth_QGen#bc8a3c9c2ba1	Will the Kalshi YES mid-market price for New Orleans (Will New Orleans win the New Orleans vs Detroit Pro Football game) land in the 90-100¢ bucket at game start (2026-09-13)?
Sooth_QGen#bc8ce9e3ae1a	Will the Kalshi YES mid-market price for Baltimore (Baltimore vs Toronto) land in the 40-50¢ bucket at game start (2026-06-05)?
Sooth_QGen#bcaae75fe5c0	Will the Kalshi YES mid-market price for San Francisco (San Francisco vs Milwaukee) land in the 60-70¢ bucket at game start (2026-06-01)?
Sooth_QGen#bcb168a38d90	Will the Kalshi YES mid-market price for Baltimore (San Diego vs Baltimore) land in the 80-90¢ bucket at game start (2026-06-14)?
Sooth_QGen#bcb7b908c245	Will the Kalshi YES mid-market price for Washington (San Diego vs Washington) land in the 30-40¢ bucket at game start (2026-05-30)?
Sooth_QGen#bcb7f37618a5	Will the Kalshi YES mid-market price for Milwaukee (Milwaukee vs A's) land in the 0-10¢ bucket at game start (2026-06-11)?
Sooth_QGen#bccec6038110	Will the Kalshi YES mid-market price for Los Angeles C (Will Los Angeles C win the Arizona vs Los Angeles C Pro Football game) land in the 50-60¢ bucket at game start (2026-09-13)?
Sooth_QGen#bcdf1e9e1d17	Will the Kalshi YES mid-market price for Cleveland (Boston vs Cleveland) land in the 30-40¢ bucket at game start (2026-05-31)?
Sooth_QGen#bce53b6fd603	Will the Kalshi YES mid-market price for Chicago C (A's vs Chicago C) land in the 90-100¢ bucket at game start (2026-06-05)?
Sooth_QGen#bcf01873195e	Will the Kalshi YES mid-market price for Baltimore (Baltimore vs Toronto) land in the 90-100¢ bucket at game start (2026-06-05)?
Sooth_QGen#bd06bf60d23a	Will the Kalshi YES mid-market price for Toronto (Toronto vs Atlanta) land in the 60-70¢ bucket at game start (2026-06-03)?
Sooth_QGen#bd2481b2e1c7	Will the Kalshi YES mid-market price for Chicago WS (Atlanta vs Chicago WS) land in the 20-30¢ bucket at game start (2026-06-09)?
Sooth_QGen#bd2b10dadce5	Will the Kalshi YES mid-market price for Milwaukee (St. Louis vs Milwaukee) land in the 40-50¢ bucket at game start (2026-05-27)?
Sooth_QGen#bd36a359eb4f	Will the Kalshi YES mid-market price for Alexander Zverev (Will Alexander Zverev win the Mensik vs Zverev: Semifinal match) land in the 90-100¢ bucket at game start (2026-06-05)?
Sooth_QGen#bd3bbce0f0ef	Will the Kalshi YES mid-market price for Texas (Texas vs St. Louis) land in the 50-60¢ bucket at game start (2026-06-03)?
Sooth_QGen#bd3bc6a89d6e	Will the Kalshi YES mid-market price for Miami (Tampa Bay vs Miami) land in the 30-40¢ bucket at game start (2026-06-07)?
Sooth_QGen#bd595cf6defa	Will the Kalshi YES mid-market price for Los Angeles A (Houston vs Los Angeles A) land in the 40-50¢ bucket at game start (2026-06-09)?
Sooth_QGen#bd6074e5fa88	Will the Kalshi YES mid-market price for San Francisco (San Francisco vs Chicago C) land in the 60-70¢ bucket at game start (2026-06-05)?
Sooth_QGen#bd6de77fb9bf	Will the Kalshi YES mid-market price for Cincinnati (Will Cincinnati win the Tampa Bay vs Cincinnati Pro Football game) land in the 80-90¢ bucket at game start (2026-09-13)?
Sooth_QGen#bd7222cf441b	Will the Kalshi YES mid-market price for San Francisco (San Francisco vs Chicago C) land in the 40-50¢ bucket at game start (2026-06-05)?
Sooth_QGen#bd77a09f5bec	Will the Kalshi YES mid-market price for Baltimore (Seattle vs Baltimore) land in the 0-10¢ bucket at game start (2026-06-10)?
Sooth_QGen#bd77b571a34f	Will the Kalshi YES mid-market price for Seattle (New York M vs Seattle) land in the 50-60¢ bucket at game start (2026-06-03)?
Sooth_QGen#bd7c8c0c6e96	Will the Kalshi YES mid-market price for New York M (New York M vs San Diego) land in the 20-30¢ bucket at game start (2026-06-07)?
Sooth_QGen#bd802b0336ee	Will the Kalshi YES mid-market price for St. Louis (St. Louis vs Minnesota) land in the 80-90¢ bucket at game start (2026-06-14)?
Sooth_QGen#bd88f5ee20e7	Will the Kalshi YES mid-market price for Green Bay (Will Green Bay win the Green Bay vs Minnesota Pro Football game) land in the 20-30¢ bucket at game start (2026-09-13)?
Sooth_QGen#bd8c5b1d49b7	Will the Kalshi YES mid-market price for Kansas City (Texas vs Kansas City) land in the 40-50¢ bucket at game start (2026-06-10)?
Sooth_QGen#bd9f09020df7	Will the Kalshi YES mid-market price for Washington (San Diego vs Washington) land in the 40-50¢ bucket at game start (2026-05-30)?
Sooth_QGen#bda9f8374680	Will the Kalshi YES mid-market price for Toronto (Baltimore vs Toronto) land in the 60-70¢ bucket at game start (2026-06-05)?
Sooth_QGen#bdb0d064b6b7	Will the Kalshi YES mid-market price for New York Y (Boston vs New York Y) land in the 80-90¢ bucket at game start (2026-06-06)?
Sooth_QGen#bdb1b5ad9b65	Will the Kalshi YES mid-market price for Detroit (Detroit vs Cleveland) land in the 30-40¢ bucket at game start (2026-06-12)?
Sooth_QGen#bdc6a835e329	Will the Kalshi YES mid-market price for Toronto (Philadelphia vs Toronto) land in the 0-10¢ bucket at game start (2026-06-08)?
Sooth_QGen#bdc9f9797da4	Will the Kalshi YES mid-market price for Detroit (Detroit vs Tampa Bay) land in the 30-40¢ bucket at game start (2026-06-02)?
Sooth_QGen#bddc499d5dbe	Will the Kalshi YES mid-market price for A's (A's vs Chicago C) land in the 10-20¢ bucket at game start (2026-06-05)?
Sooth_QGen#bde015030098	Will the Kalshi YES mid-market price for Milwaukee (San Francisco vs Milwaukee) land in the 20-30¢ bucket at game start (2026-06-02)?
Sooth_QGen#bde701e2b42d	Will the Kalshi YES mid-market price for Philadelphia (Philadelphia vs San Diego) land in the 20-30¢ bucket at game start (2026-05-27)?
Sooth_QGen#bdf1d0bcfd38	Will the Kalshi YES mid-market price for CAR Hurricanes (Game 6: Carolina at Vegas) land in the 20-30¢ bucket at game start (2026-06-15)?
Sooth_QGen#bdf485337b73	Will the Kalshi YES mid-market price for Cleveland (Boston vs Cleveland) land in the 20-30¢ bucket at game start (2026-05-30)?
Sooth_QGen#bdff9d36d22a	Will the Kalshi YES mid-market price for Los Angeles D (Los Angeles D vs Pittsburgh) land in the 40-50¢ bucket at game start (2026-06-10)?
Sooth_QGen#be09d2b1db4a	Will the Kalshi YES mid-market price for Colorado (Milwaukee vs Colorado) land in the 90-100¢ bucket at game start (2026-06-07)?
Sooth_QGen#be0da07b0036	Will the Kalshi YES mid-market price for Los Angeles A (Tampa Bay vs Los Angeles A) land in the 90-100¢ bucket at game start (2026-06-14)?
Sooth_QGen#be2d98a7c1cb	Will the Kalshi YES mid-market price for Seattle (Seattle vs Detroit) land in the 10-20¢ bucket at game start (2026-06-05)?
Sooth_QGen#be3a8d5d81ef	Will the Kalshi YES mid-market price for Miami (Tampa Bay vs Miami) land in the 20-30¢ bucket at game start (2026-06-07)?
Sooth_QGen#be4a0a61f921	Will the Kalshi YES mid-market price for San Francisco (Washington vs San Francisco) land in the 40-50¢ bucket at game start (2026-06-10)?
Sooth_QGen#be4df1a124cc	Will the Kalshi YES mid-market price for Miami (Will Miami win the Miami vs Las Vegas Pro Football game) land in the 30-40¢ bucket at game start (2026-09-13)?
Sooth_QGen#be5f2b2cd6ea	Will the Kalshi YES mid-market price for Milwaukee (Philadelphia vs Milwaukee) land in the 10-20¢ bucket at game start (2026-06-12)?
Sooth_QGen#be6677faf82a	Will the Kalshi YES mid-market price for A's (A's vs Houston) land in the 30-40¢ bucket at game start (2026-06-06)?
Sooth_QGen#be8ee0e4c68d	Will the Kalshi YES mid-market price for Atlanta (Pittsburgh vs Atlanta) land in the 40-50¢ bucket at game start (2026-06-07)?
Sooth_QGen#bea4bbb89247	Will the Kalshi YES mid-market price for Miami (Miami vs Washington) land in the 30-40¢ bucket at game start (2026-06-03)?
Sooth_QGen#beb094e7888a	Will the Kalshi YES mid-market price for Cincinnati (Cincinnati vs San Diego) land in the 10-20¢ bucket at game start (2026-06-09)?
Sooth_QGen#beb0959e709a	Will the Kalshi YES mid-market price for Carolina (Will Carolina win the Chicago vs Carolina Pro Football game) land in the 80-90¢ bucket at game start (2026-09-13)?
Sooth_QGen#becc94cca43c	Will the Kalshi YES mid-market price for Seattle (Seattle vs Baltimore) land in the 80-90¢ bucket at game start (2026-06-08)?
Sooth_QGen#befd67742849	Will the Kalshi YES mid-market price for Baltimore (Baltimore vs Toronto) land in the 10-20¢ bucket at game start (2026-06-06)?
Sooth_QGen#bf00fccb73ce	Will the Kalshi YES mid-market price for Miami (Tampa Bay vs Miami) land in the 60-70¢ bucket at game start (2026-06-07)?
Sooth_QGen#bf0129e765de	Will the Kalshi YES mid-market price for Kansas City (Kansas City vs Texas) land in the 60-70¢ bucket at game start (2026-05-31)?
Sooth_QGen#bf0d6b448b1b	Will the Kalshi YES mid-market price for Minnesota (Kansas City vs Minnesota) land in the 10-20¢ bucket at game start (2026-06-07)?
Sooth_QGen#bf0f770f0e30	Will the Kalshi YES mid-market price for Cleveland (Cleveland vs New York Y) land in the 80-90¢ bucket at game start (2026-06-04)?
Sooth_QGen#bf179aa657ad	Will the Kalshi YES mid-market price for New York (Game 4: San Antonio at New York) land in the 50-60¢ bucket at game start (2026-06-11)?
Sooth_QGen#bf239c2362a6	Will the Kalshi YES mid-market price for Houston (Houston vs Los Angeles A) land in the 60-70¢ bucket at game start (2026-06-11)?
Sooth_QGen#bf3a887aaf77	Will the Kalshi YES mid-market price for Toronto (Baltimore vs Toronto) land in the 60-70¢ bucket at game start (2026-06-07)?
Sooth_QGen#bf408fbb3363	Will the Kalshi YES mid-market price for Minnesota (Minnesota vs Detroit) land in the 30-40¢ bucket at game start (2026-06-09)?
Sooth_QGen#bf454ede78f6	Will the Kalshi YES mid-market price for Cleveland (New York Y vs Cleveland) land in the 30-40¢ bucket at game start (2026-06-08)?
Sooth_QGen#bf4ff7264349	Will the Kalshi YES mid-market price for Minnesota (St. Louis vs Minnesota) land in the 60-70¢ bucket at game start (2026-06-13)?
Sooth_QGen#bf65040c1f8e	Will the Kalshi YES mid-market price for Texas (Texas vs Boston) land in the 20-30¢ bucket at game start (2026-06-14)?
Sooth_QGen#bf69a58f597d	Will the Kalshi YES mid-market price for Atlanta (Toronto vs Atlanta) land in the 40-50¢ bucket at game start (2026-06-03)?
Sooth_QGen#bf8929e85460	Will the Kalshi YES mid-market price for Cincinnati (Cincinnati vs St. Louis) land in the 20-30¢ bucket at game start (2026-06-07)?
Sooth_QGen#bf8f852be8e1	Will the Kalshi YES mid-market price for Seattle (Seattle vs Baltimore) land in the 20-30¢ bucket at game start (2026-06-10)?
Sooth_QGen#bfac1a1d2019	Will the Kalshi YES mid-market price for Chicago WS (Detroit vs Chicago WS) land in the 20-30¢ bucket at game start (2026-05-30)?
Sooth_QGen#bfb05e439985	Will the Kalshi YES mid-market price for Boston (Texas vs Boston) land in the 80-90¢ bucket at game start (2026-06-13)?
Sooth_QGen#bfbb77695be2	Will the Kalshi YES mid-market price for Chicago C (A's vs Chicago C) land in the 80-90¢ bucket at game start (2026-06-03)?
Sooth_QGen#bfd658b9f2ef	Will the Kalshi YES mid-market price for Cincinnati (Cincinnati vs San Diego) land in the 40-50¢ bucket at game start (2026-06-10)?
Sooth_QGen#bfea68f5379c	Will the Kalshi YES mid-market price for Pittsburgh (Pittsburgh vs Atlanta) land in the 20-30¢ bucket at game start (2026-06-05)?
Sooth_QGen#bffc9e4647af	Will the Kalshi YES mid-market price for Los Angeles A (Los Angeles A vs Los Angeles D) land in the 80-90¢ bucket at game start (2026-06-06)?
Sooth_QGen#c0060a232029	Will the Kalshi YES mid-market price for Detroit (Detroit vs Chicago WS) land in the 10-20¢ bucket at game start (2026-05-30)?
Sooth_QGen#c021b649a951	Will the Kalshi YES mid-market price for Miami (Will Miami win the Miami vs Las Vegas Pro Football game) land in the 70-80¢ bucket at game start (2026-09-13)?
Sooth_QGen#c0292cb2814f	Will the Kalshi YES mid-market price for Boston (Texas vs Boston) land in the 0-10¢ bucket at game start (2026-06-13)?
Sooth_QGen#c034135498fa	Will the Kalshi YES mid-market price for Kansas City (Kansas City vs Texas) land in the 60-70¢ bucket at game start (2026-05-30)?
Sooth_QGen#c03e9f055550	Will the Kalshi YES mid-market price for Washington (Seattle vs Washington) land in the 10-20¢ bucket at game start (2026-06-14)?
Sooth_QGen#c041fbb2eafc	Will the Kalshi YES mid-market price for Miami (Miami vs Washington) land in the 90-100¢ bucket at game start (2026-06-01)?
Sooth_QGen#c0493900bbb7	Will the Kalshi YES mid-market price for Pittsburgh (Pittsburgh vs A's) land in the 20-30¢ bucket at game start (2026-06-16)?
Sooth_QGen#c055c4e9ccfa	Will the Kalshi YES mid-market price for Milwaukee (Milwaukee vs Houston) land in the 30-40¢ bucket at game start (2026-05-30)?
Sooth_QGen#c06cdd5d0508	Will the Kalshi YES mid-market price for San Diego (San Diego vs Baltimore) land in the 40-50¢ bucket at game start (2026-06-12)?
Sooth_QGen#c06fd9ee0b3f	Will the Kalshi YES mid-market price for Baltimore (San Diego vs Baltimore) land in the 20-30¢ bucket at game start (2026-06-12)?
Sooth_QGen#c07f65bbd224	Will the Kalshi YES mid-market price for Washington (Miami vs Washington) land in the 40-50¢ bucket at game start (2026-06-02)?
Sooth_QGen#c08a50f71e2a	Will the Kalshi YES mid-market price for Cleveland (Cleveland vs Texas) land in the 70-80¢ bucket at game start (2026-06-07)?
Sooth_QGen#c08c7d1f3f04	Will the Kalshi YES mid-market price for Atlanta (Toronto vs Atlanta) land in the 90-100¢ bucket at game start (2026-06-03)?
Sooth_QGen#c08ee2294330	Will the Kalshi YES mid-market price for Arizona (Arizona vs Cincinnati) land in the 50-60¢ bucket at game start (2026-06-12)?
Sooth_QGen#c091e536957c	Will the Kalshi YES mid-market price for Detroit (Detroit vs Tampa Bay) land in the 40-50¢ bucket at game start (2026-06-01)?
Sooth_QGen#c096abcca274	Will the Kalshi YES mid-market price for Arizona (Los Angeles D vs Arizona) land in the 10-20¢ bucket at game start (2026-06-05)?
Sooth_QGen#c0b3e2b251cb	Will the Kalshi YES mid-market price for Detroit (Detroit vs Tampa Bay) land in the 50-60¢ bucket at game start (2026-06-01)?
Sooth_QGen#c0c7577242bb	Will the Kalshi YES mid-market price for Houston (Pittsburgh vs Houston) land in the 20-30¢ bucket at game start (2026-06-05)?
Sooth_QGen#c0cec4bdba54	Will the Kalshi YES mid-market price for Cincinnati (Kansas City vs Cincinnati) land in the 90-100¢ bucket at game start (2026-06-03)?
Sooth_QGen#c0d65f7ca1c0	Will the Kalshi YES mid-market price for Los Angeles A (Colorado vs Los Angeles A) land in the 80-90¢ bucket at game start (2026-06-03)?
Sooth_QGen#c0e0464ba31c	Will the Kalshi YES mid-market price for Washington (Miami vs Washington) land in the 30-40¢ bucket at game start (2026-06-02)?
Sooth_QGen#c0ecadfbc131	Will the Kalshi YES mid-market price for Minnesota (St. Louis vs Minnesota) land in the 0-10¢ bucket at game start (2026-06-13)?
Sooth_QGen#c1288c055f06	Will the Kalshi YES mid-market price for Toronto (Philadelphia vs Toronto) land in the 80-90¢ bucket at game start (2026-06-09)?
Sooth_QGen#c12bfcb8a035	Will the Kalshi YES mid-market price for St. Louis (St. Louis vs New York M) land in the 0-10¢ bucket at game start (2026-06-10)?
Sooth_QGen#c12ca1d9e053	Will the Kalshi YES mid-market price for Washington (Seattle vs Washington) land in the 20-30¢ bucket at game start (2026-06-13)?
Sooth_QGen#c145ecbe5468	Will the Kalshi YES mid-market price for Miami (Miami vs Philadelphia) land in the 40-50¢ bucket at game start (2026-06-15)?
Sooth_QGen#c159840e486b	Will the Kalshi YES mid-market price for San Francisco (San Francisco vs Colorado) land in the 20-30¢ bucket at game start (2026-05-31)?
Sooth_QGen#c166e1864a27	Will the Kalshi YES mid-market price for Las Vegas (Will Las Vegas win the Miami vs Las Vegas Pro Football game) land in the 70-80¢ bucket at game start (2026-09-13)?
Sooth_QGen#c16ca36215ad	Will the Kalshi YES mid-market price for Texas (Kansas City vs Texas) land in the 10-20¢ bucket at game start (2026-05-30)?
Sooth_QGen#c18aae3cf415	Will the Kalshi YES mid-market price for Jacksonville (Will Jacksonville win the Cleveland vs Jacksonville Pro Football game) land in the 20-30¢ bucket at game start (2026-09-13)?
Sooth_QGen#c19746623e46	Will the Kalshi YES mid-market price for Atlanta (Atlanta vs Chicago WS) land in the 0-10¢ bucket at game start (2026-06-09)?
Sooth_QGen#c1dabd77aec9	Will the Kalshi YES mid-market price for Seattle (Seattle vs Detroit) land in the 10-20¢ bucket at game start (2026-06-07)?
Sooth_QGen#c1e854d32328	Will the Kalshi YES mid-market price for Detroit (Will Detroit win the New Orleans vs Detroit Pro Football game) land in the 20-30¢ bucket at game start (2026-09-13)?
Sooth_QGen#c1ec7e2e67e6	Will the Kalshi YES mid-market price for Seattle (Seattle vs Detroit) land in the 30-40¢ bucket at game start (2026-06-05)?
Sooth_QGen#c1f3a2b2ffb2	Will the Kalshi YES mid-market price for Washington (Miami vs Washington) land in the 40-50¢ bucket at game start (2026-06-03)?
Sooth_QGen#c1f9c81d1f89	Will the Kalshi YES mid-market price for New York M (New York M vs Seattle) land in the 0-10¢ bucket at game start (2026-06-03)?
Sooth_QGen#c1fbc6319ad2	Will the Kalshi YES mid-market price for Tampa Bay (Tampa Bay vs Miami) land in the 80-90¢ bucket at game start (2026-06-07)?
Sooth_QGen#c20652a40ffb	Will the Kalshi YES mid-market price for New York M (St. Louis vs New York M) land in the 60-70¢ bucket at game start (2026-06-10)?
Sooth_QGen#c20907c74877	Will the Kalshi YES mid-market price for Chicago C (Chicago C vs Colorado) land in the 70-80¢ bucket at game start (2026-06-11)?
Sooth_QGen#c221563d6542	Will the Kalshi YES mid-market price for Buffalo (Will Buffalo win the Buffalo vs Houston Pro Football game) land in the 50-60¢ bucket at game start (2026-09-13)?
Sooth_QGen#c2310d6a7838	Will the Kalshi YES mid-market price for New York Y (Boston vs New York Y) land in the 20-30¢ bucket at game start (2026-06-07)?
Sooth_QGen#c232df527190	Will the Kalshi YES mid-market price for Pittsburgh (Pittsburgh vs Atlanta) land in the 70-80¢ bucket at game start (2026-06-05)?
Sooth_QGen#c249fc91303c	Will the Kalshi YES mid-market price for Pittsburgh (Miami vs Pittsburgh) land in the 0-10¢ bucket at game start (2026-06-13)?
Sooth_QGen#c24d5a9cd39a	Will the Kalshi YES mid-market price for Los Angeles A (Houston vs Los Angeles A) land in the 50-60¢ bucket at game start (2026-06-09)?
Sooth_QGen#c251c0cf4b2e	Will the Kalshi YES mid-market price for Cleveland (Cleveland vs New York Y) land in the 90-100¢ bucket at game start (2026-06-02)?
Sooth_QGen#c25d20b73986	Will the Kalshi YES mid-market price for San Diego (San Diego vs Washington) land in the 40-50¢ bucket at game start (2026-05-29)?
Sooth_QGen#c25d3dac20da	Will the Kalshi YES mid-market price for Cincinnati (Kansas City vs Cincinnati) land in the 10-20¢ bucket at game start (2026-06-03)?
Sooth_QGen#c2729df5da6b	Will the Kalshi YES mid-market price for San Diego (San Diego vs Baltimore) land in the 70-80¢ bucket at game start (2026-06-14)?
Sooth_QGen#c27ee4772deb	Will the Kalshi YES mid-market price for Washington (Seattle vs Washington) land in the 10-20¢ bucket at game start (2026-06-13)?
Sooth_QGen#c28f14ad389c	Will the Kalshi YES mid-market price for St. Louis (Texas vs St. Louis) land in the 60-70¢ bucket at game start (2026-06-01)?
Sooth_QGen#c29a532169f2	Will the Kalshi YES mid-market price for Kansas City (Houston vs Kansas City) land in the 40-50¢ bucket at game start (2026-06-13)?
Sooth_QGen#c2a56bba892b	Will the Kalshi YES mid-market price for St. Louis (St. Louis vs Minnesota) land in the 30-40¢ bucket at game start (2026-06-13)?
Sooth_QGen#c2aa0c073684	Will the Kalshi YES mid-market price for Detroit (Detroit vs Chicago WS) land in the 40-50¢ bucket at game start (2026-05-30)?
Sooth_QGen#c2ba90e87261	Will the Kalshi YES mid-market price for Arizona (Arizona vs Cincinnati) land in the 10-20¢ bucket at game start (2026-06-14)?
Sooth_QGen#c2bbfbcc6dfe	Will the Kalshi YES mid-market price for Washington (Miami vs Washington) land in the 60-70¢ bucket at game start (2026-06-03)?
Sooth_QGen#c2c9ddc52187	Will the Kalshi YES mid-market price for Washington (Miami vs Washington) land in the 0-10¢ bucket at game start (2026-06-03)?
Sooth_QGen#c2d0dcbd1fbb	Will the Kalshi YES mid-market price for St. Louis (St. Louis vs Minnesota) land in the 40-50¢ bucket at game start (2026-06-14)?
Sooth_QGen#c2d6997b10b8	Will the Kalshi YES mid-market price for New York Y (New York Y vs A's) land in the 10-20¢ bucket at game start (2026-05-31)?
Sooth_QGen#c2fdf4461e66	Will the Kalshi YES mid-market price for St. Louis (St. Louis vs New York M) land in the 10-20¢ bucket at game start (2026-06-10)?
Sooth_QGen#c303770e0ba2	Will the Kalshi YES mid-market price for Minnesota (St. Louis vs Minnesota) land in the 50-60¢ bucket at game start (2026-06-13)?
Sooth_QGen#c30d2a4bd25c	Will the Kalshi YES mid-market price for Pittsburgh (Los Angeles D vs Pittsburgh) land in the 50-60¢ bucket at game start (2026-06-11)?
Sooth_QGen#c3127ecc93bf	Will the Kalshi YES mid-market price for Cincinnati (Cincinnati vs St. Louis) land in the 10-20¢ bucket at game start (2026-06-06)?
Sooth_QGen#c3236a4a4584	Will the Kalshi YES mid-market price for Arizona (Arizona vs Miami) land in the 40-50¢ bucket at game start (2026-06-09)?
Sooth_QGen#c32e1b13dd82	Will the Kalshi YES mid-market price for Chicago C (A's vs Chicago C) land in the 90-100¢ bucket at game start (2026-06-04)?
Sooth_QGen#c330d1433d9b	Will the Kalshi YES mid-market price for San Diego (New York M vs San Diego) land in the 40-50¢ bucket at game start (2026-06-07)?
Sooth_QGen#c350e9302a8c	Will the Kalshi YES mid-market price for Pittsburgh (Minnesota vs Pittsburgh) land in the 70-80¢ bucket at game start (2026-05-31)?
Sooth_QGen#c35632c62264	Will the Kalshi YES mid-market price for Detroit (Minnesota vs Detroit) land in the 80-90¢ bucket at game start (2026-06-09)?
Sooth_QGen#c35b19829cb5	Will the Kalshi YES mid-market price for Cleveland (New York Y vs Cleveland) land in the 10-20¢ bucket at game start (2026-06-08)?
Sooth_QGen#c35ea8ecbb15	Will the Kalshi YES mid-market price for Chicago C (Chicago C vs St. Louis) land in the 30-40¢ bucket at game start (2026-05-30)?
Sooth_QGen#c36190bb2a16	Will the Kalshi YES mid-market price for Los Angeles D (Los Angeles D vs Pittsburgh) land in the 30-40¢ bucket at game start (2026-06-11)?
Sooth_QGen#c362c150735e	Will the Kalshi YES mid-market price for St. Louis (Cincinnati vs St. Louis) land in the 90-100¢ bucket at game start (2026-06-06)?
Sooth_QGen#c373a73a75f3	Will the Kalshi YES mid-market price for New York Y (New York Y vs Toronto) land in the 50-60¢ bucket at game start (2026-06-14)?
Sooth_QGen#c374f0ea60b7	Will the Kalshi YES mid-market price for Houston (Milwaukee vs Houston) land in the 0-10¢ bucket at game start (2026-05-30)?
Sooth_QGen#c38b2c8fd5f5	Will the Kalshi YES mid-market price for New York Y (New York Y vs Toronto) land in the 40-50¢ bucket at game start (2026-06-12)?
Sooth_QGen#c38c95a19ad2	Will the Kalshi YES mid-market price for Chicago WS (Los Angeles D vs Chicago WS) land in the 90-100¢ bucket at game start (2026-06-12)?
Sooth_QGen#c393dbe978f8	Will the Kalshi YES mid-market price for New York Y (New York Y vs Toronto) land in the 90-100¢ bucket at game start (2026-06-14)?
Sooth_QGen#c397d4329ef8	Will the Kalshi YES mid-market price for San Diego (New York M vs San Diego) land in the 30-40¢ bucket at game start (2026-06-06)?
Sooth_QGen#c39ec0bee6a4	Will the Kalshi YES mid-market price for Cleveland (Will Cleveland win the Cleveland vs Jacksonville Pro Football game) land in the 80-90¢ bucket at game start (2026-09-13)?
Sooth_QGen#c3e4e3f9ee6d	Will the Kalshi YES mid-market price for Seattle (Seattle vs A's) land in the 70-80¢ bucket at game start (2026-05-27)?
Sooth_QGen#c407eaa700b4	Will the Kalshi YES mid-market price for San Francisco (Chicago C vs San Francisco) land in the 20-30¢ bucket at game start (2026-06-14)?
Sooth_QGen#c40ade860640	Will the Kalshi YES mid-market price for Seattle (Seattle vs Detroit) land in the 20-30¢ bucket at game start (2026-06-05)?
Sooth_QGen#c41f33ff2779	Will the Kalshi YES mid-market price for Arizona (Arizona vs Cincinnati) land in the 0-10¢ bucket at game start (2026-06-14)?
Sooth_QGen#c440dd3cff73	Will the Kalshi YES mid-market price for Miami (Tampa Bay vs Miami) land in the 50-60¢ bucket at game start (2026-06-06)?
Sooth_QGen#c4511b8c7b5b	Will the Kalshi YES mid-market price for Philadelphia (San Diego vs Philadelphia) land in the 0-10¢ bucket at game start (2026-06-02)?
Sooth_QGen#c45e7962502d	Will the Kalshi YES mid-market price for Seattle (Seattle vs Baltimore) land in the 20-30¢ bucket at game start (2026-06-08)?
Sooth_QGen#c46e3d9abd8e	Will the Kalshi YES mid-market price for Texas (Texas vs Kansas City) land in the 0-10¢ bucket at game start (2026-06-10)?
Sooth_QGen#c474e7ba70ab	Will the Kalshi YES mid-market price for Colorado (Chicago C vs Colorado) land in the 30-40¢ bucket at game start (2026-06-11)?
Sooth_QGen#c485664acfc2	Will the Kalshi YES mid-market price for Washington (Kansas City vs Washington) land in the 40-50¢ bucket at game start (2026-06-15)?
Sooth_QGen#c49f2cb61417	Will the Kalshi YES mid-market price for A's (New York Y vs A's) land in the 50-60¢ bucket at game start (2026-05-31)?
Sooth_QGen#c4a603412293	Will the Kalshi YES mid-market price for Los Angeles A (Houston vs Los Angeles A) land in the 10-20¢ bucket at game start (2026-06-10)?
Sooth_QGen#c4a91d178196	Will the Kalshi YES mid-market price for Los Angeles D (Los Angeles D vs Arizona) land in the 20-30¢ bucket at game start (2026-06-03)?
Sooth_QGen#c4b165956687	Will the Kalshi YES mid-market price for Miami (Miami vs Pittsburgh) land in the 10-20¢ bucket at game start (2026-06-13)?
Sooth_QGen#c4b3e774fcf5	Will the Kalshi YES mid-market price for Houston (Pittsburgh vs Houston) land in the 40-50¢ bucket at game start (2026-06-05)?
Sooth_QGen#c4b91b4e5c94	Will the Kalshi YES mid-market price for San Diego (San Diego vs Washington) land in the 70-80¢ bucket at game start (2026-05-30)?
Sooth_QGen#c4cda1e292fd	Will the Kalshi YES mid-market price for San Francisco (San Francisco vs Milwaukee) land in the 40-50¢ bucket at game start (2026-06-04)?
Sooth_QGen#c4ce8dd7de32	Will the Kalshi YES mid-market price for San Francisco (San Francisco vs Milwaukee) land in the 30-40¢ bucket at game start (2026-06-03)?
Sooth_QGen#c4d051bdb613	Will the Kalshi YES mid-market price for Chicago C (Chicago C vs San Francisco) land in the 90-100¢ bucket at game start (2026-06-13)?
Sooth_QGen#c4d9ebccdd74	Will the Kalshi YES mid-market price for Milwaukee (San Francisco vs Milwaukee) land in the 0-10¢ bucket at game start (2026-06-01)?
Sooth_QGen#c4e0acbe9dd5	Will the Kalshi YES mid-market price for New York M (New York M vs San Diego) land in the 20-30¢ bucket at game start (2026-06-07)?
Sooth_QGen#c4e6560eec26	Will the Kalshi YES mid-market price for Chicago C (Colorado vs Chicago C) land in the 80-90¢ bucket at game start (2026-06-16)?
Sooth_QGen#c5027c5777d1	Will the Kalshi YES mid-market price for Arizona (Los Angeles D vs Arizona) land in the 0-10¢ bucket at game start (2026-06-05)?
Sooth_QGen#c512c49d9ce9	Will the Kalshi YES mid-market price for Washington (Kansas City vs Washington) land in the 70-80¢ bucket at game start (2026-06-15)?
Sooth_QGen#c51311cce805	Will the Kalshi YES mid-market price for New York Y (Boston vs New York Y) land in the 10-20¢ bucket at game start (2026-06-05)?
Sooth_QGen#c51916c3c0d0	Will the Kalshi YES mid-market price for San Francisco (San Francisco vs Colorado) land in the 10-20¢ bucket at game start (2026-05-30)?
Sooth_QGen#c5201d68f314	Will the Kalshi YES mid-market price for Los Angeles D (Los Angeles D vs Arizona) land in the 30-40¢ bucket at game start (2026-06-02)?
Sooth_QGen#c52cfbad0daa	Will the Kalshi YES mid-market price for Texas (Kansas City vs Texas) land in the 60-70¢ bucket at game start (2026-05-30)?
Sooth_QGen#c5318030e824	Will the Kalshi YES mid-market price for Chicago C (A's vs Chicago C) land in the 90-100¢ bucket at game start (2026-06-03)?
Sooth_QGen#c53304de46bd	Will the Kalshi YES mid-market price for Pittsburgh (Miami vs Pittsburgh) land in the 70-80¢ bucket at game start (2026-06-13)?
Sooth_QGen#c5335de9b1ff	Will the Kalshi YES mid-market price for Cincinnati (Will Cincinnati win the Tampa Bay vs Cincinnati Pro Football game) land in the 0-10¢ bucket at game start (2026-09-13)?
Sooth_QGen#c535dc29a5f3	Will the Kalshi YES mid-market price for Miami (Miami vs New York M) land in the 80-90¢ bucket at game start (2026-05-30)?
Sooth_QGen#c536d1becae6	Will the Kalshi YES mid-market price for Cleveland (Boston vs Cleveland) land in the 90-100¢ bucket at game start (2026-05-29)?
Sooth_QGen#c54173c4e7d0	Will the Kalshi YES mid-market price for Houston (Houston vs Kansas City) land in the 30-40¢ bucket at game start (2026-06-14)?
Sooth_QGen#c5429415f46b	Will the Kalshi YES mid-market price for St. Louis (Chicago C vs St. Louis) land in the 10-20¢ bucket at game start (2026-05-29)?
Sooth_QGen#c54df426a6a2	Will the Kalshi YES mid-market price for Miami (Miami vs Pittsburgh) land in the 50-60¢ bucket at game start (2026-06-14)?
Sooth_QGen#c54e37a269bb	Will the Kalshi YES mid-market price for Boston (Boston vs New York Y) land in the 40-50¢ bucket at game start (2026-06-06)?
Sooth_QGen#c574a0a51e2b	Will the Kalshi YES mid-market price for Minnesota (Kansas City vs Minnesota) land in the 20-30¢ bucket at game start (2026-06-04)?
Sooth_QGen#c5765d85cb55	Will the Kalshi YES mid-market price for New York (Game 4: San Antonio at New York) land in the 60-70¢ bucket at game start (2026-06-11)?
Sooth_QGen#c579c12f72b1	Will the Kalshi YES mid-market price for San Francisco (Chicago C vs San Francisco) land in the 20-30¢ bucket at game start (2026-06-14)?
Sooth_QGen#c5a1f645d593	Will the Kalshi YES mid-market price for Kansas City (Houston vs Kansas City) land in the 10-20¢ bucket at game start (2026-06-13)?
Sooth_QGen#c5a2d9b32ac1	Will the Kalshi YES mid-market price for Minnesota (Kansas City vs Minnesota) land in the 90-100¢ bucket at game start (2026-06-06)?
Sooth_QGen#c5a60e264637	Will the Kalshi YES mid-market price for Tampa Bay (Tampa Bay vs Miami) land in the 30-40¢ bucket at game start (2026-06-06)?
Sooth_QGen#c5aecc32850d	Will the Kalshi YES mid-market price for New York M (New York M vs San Diego) land in the 40-50¢ bucket at game start (2026-06-06)?
Sooth_QGen#c5d395eb38b9	Will the Kalshi YES mid-market price for Los Angeles D (Philadelphia vs Los Angeles D) land in the 30-40¢ bucket at game start (2026-05-30)?
Sooth_QGen#c5f827550eec	Will the Kalshi YES mid-market price for Detroit (Detroit vs Cleveland) land in the 90-100¢ bucket at game start (2026-06-13)?
Sooth_QGen#c60c0885768f	Will the Kalshi YES mid-market price for Cleveland (Boston vs Cleveland) land in the 30-40¢ bucket at game start (2026-05-29)?
Sooth_QGen#c61440b71104	Will the Kalshi YES mid-market price for Milwaukee (Milwaukee vs Houston) land in the 30-40¢ bucket at game start (2026-05-31)?
Sooth_QGen#c61a6594deac	Will the Kalshi YES mid-market price for Chicago WS (Chicago WS vs Minnesota) land in the 50-60¢ bucket at game start (2026-06-01)?
Sooth_QGen#c63ba4a51d73	Will the Kalshi YES mid-market price for Washington (San Diego vs Washington) land in the 90-100¢ bucket at game start (2026-05-30)?
Sooth_QGen#c6512ae348ce	Will the Kalshi YES mid-market price for Toronto (Philadelphia vs Toronto) land in the 30-40¢ bucket at game start (2026-06-09)?
Sooth_QGen#c68ebffbda2a	Will the Kalshi YES mid-market price for A's (Seattle vs A's) land in the 20-30¢ bucket at game start (2026-05-27)?
Sooth_QGen#c6abdaace404	Will the Kalshi YES mid-market price for Minnesota (Kansas City vs Minnesota) land in the 70-80¢ bucket at game start (2026-06-04)?
Sooth_QGen#c6ddd200fbb0	Will the Kalshi YES mid-market price for Kansas City (Kansas City vs Minnesota) land in the 10-20¢ bucket at game start (2026-06-07)?
Sooth_QGen#c6e0a874994c	Will the Kalshi YES mid-market price for San Francisco (Washington vs San Francisco) land in the 10-20¢ bucket at game start (2026-06-09)?
Sooth_QGen#c6e1b7a1217f	Will the Kalshi YES mid-market price for Alexander Zverev (Will Alexander Zverev win the Mensik vs Zverev: Semifinal match) land in the 70-80¢ bucket at game start (2026-06-05)?
Sooth_QGen#c7036f14344d	Will the Kalshi YES mid-market price for Houston (Houston vs Los Angeles A) land in the 70-80¢ bucket at game start (2026-06-10)?
Sooth_QGen#c7048dafd0ad	Will the Kalshi YES mid-market price for Miami (Tampa Bay vs Miami) land in the 10-20¢ bucket at game start (2026-06-05)?
Sooth_QGen#c708a7c66817	Will the Kalshi YES mid-market price for Green Bay (Will Green Bay win the Green Bay vs Minnesota Pro Football game) land in the 10-20¢ bucket at game start (2026-09-13)?
Sooth_QGen#c7131bd0df97	Will the Kalshi YES mid-market price for Arizona (Washington vs Arizona) land in the 60-70¢ bucket at game start (2026-06-06)?
Sooth_QGen#c7152e8aebfa	Will the Kalshi YES mid-market price for Miami (Miami vs Philadelphia) land in the 70-80¢ bucket at game start (2026-06-15)?
Sooth_QGen#c72fee600062	Will the Kalshi YES mid-market price for Washington (Seattle vs Washington) land in the 30-40¢ bucket at game start (2026-06-12)?
Sooth_QGen#c736e19b58f7	Will the Kalshi YES mid-market price for Seattle (Seattle vs Detroit) land in the 60-70¢ bucket at game start (2026-06-06)?
Sooth_QGen#c7539d5435f5	Will the Kalshi YES mid-market price for Arizona (Washington vs Arizona) land in the 60-70¢ bucket at game start (2026-06-06)?
Sooth_QGen#c75af537c9a6	Will the Kalshi YES mid-market price for Pittsburgh (Miami vs Pittsburgh) land in the 90-100¢ bucket at game start (2026-06-12)?
Sooth_QGen#c775a80f9f5e	Will the Kalshi YES mid-market price for New York Y (Boston vs New York Y) land in the 60-70¢ bucket at game start (2026-06-05)?
Sooth_QGen#c7790b83fc26	Will the Kalshi YES mid-market price for Minnesota (St. Louis vs Minnesota) land in the 90-100¢ bucket at game start (2026-06-13)?
Sooth_QGen#c79bcc441ea0	Will the Kalshi YES mid-market price for Cincinnati (Arizona vs Cincinnati) land in the 90-100¢ bucket at game start (2026-06-14)?
Sooth_QGen#c7a6cfc59bb5	Will the Kalshi YES mid-market price for Boston (Baltimore vs Boston) land in the 30-40¢ bucket at game start (2026-06-04)?
Sooth_QGen#c7a9c7724b84	Will the Kalshi YES mid-market price for Pittsburgh (Minnesota vs Pittsburgh) land in the 0-10¢ bucket at game start (2026-05-31)?
Sooth_QGen#c7bd48113373	Will the Kalshi YES mid-market price for Detroit (Detroit vs Tampa Bay) land in the 40-50¢ bucket at game start (2026-06-02)?
Sooth_QGen#c7ce1e9419c6	Will the Kalshi YES mid-market price for San Francisco (Arizona vs San Francisco) land in the 10-20¢ bucket at game start (2026-05-27)?
Sooth_QGen#c7e81ffafe93	Will the Kalshi YES mid-market price for Baltimore (Seattle vs Baltimore) land in the 60-70¢ bucket at game start (2026-06-08)?
Sooth_QGen#c7ea8aa8b5d9	Will the Kalshi YES mid-market price for Kansas City (Houston vs Kansas City) land in the 70-80¢ bucket at game start (2026-06-13)?
Sooth_QGen#c7ff9abcb7d4	Will the Kalshi YES mid-market price for Detroit (Will Detroit win the New Orleans vs Detroit Pro Football game) land in the 10-20¢ bucket at game start (2026-09-13)?
Sooth_QGen#c809840e3a5d	Will the Kalshi YES mid-market price for Los Angeles D (Los Angeles D vs Arizona) land in the 60-70¢ bucket at game start (2026-06-05)?
Sooth_QGen#c8156798310a	Will the Kalshi YES mid-market price for Philadelphia (Philadelphia vs Toronto) land in the 40-50¢ bucket at game start (2026-06-09)?
Sooth_QGen#c823f2f1f2c0	Will the Kalshi YES mid-market price for Houston (Pittsburgh vs Houston) land in the 60-70¢ bucket at game start (2026-06-03)?
Sooth_QGen#c830985a1cd5	Will the Kalshi YES mid-market price for Minnesota (Kansas City vs Minnesota) land in the 60-70¢ bucket at game start (2026-06-04)?
Sooth_QGen#c838b2176955	Will the Kalshi YES mid-market price for New York M (Miami vs New York M) land in the 50-60¢ bucket at game start (2026-05-31)?
Sooth_QGen#c8470de9aa3c	Will the Kalshi YES mid-market price for Houston (Houston vs Los Angeles A) land in the 60-70¢ bucket at game start (2026-06-10)?
Sooth_QGen#c847a97d58ff	Will the Kalshi YES mid-market price for Minnesota (St. Louis vs Minnesota) land in the 10-20¢ bucket at game start (2026-06-13)?
Sooth_QGen#c8520d20ddd6	Will the Kalshi YES mid-market price for San Diego (Cincinnati vs San Diego) land in the 90-100¢ bucket at game start (2026-06-10)?
Sooth_QGen#c85a5cee93bd	Will the Kalshi YES mid-market price for San Diego (San Diego vs Philadelphia) land in the 0-10¢ bucket at game start (2026-06-02)?
Sooth_QGen#c8661a8ee5b8	Will the Kalshi YES mid-market price for New York J (Will New York J win the New York J vs Tennessee Pro Football game) land in the 10-20¢ bucket at game start (2026-09-13)?
Sooth_QGen#c87aa86c19f9	Will the Kalshi YES mid-market price for Detroit (Seattle vs Detroit) land in the 40-50¢ bucket at game start (2026-06-07)?
Sooth_QGen#c87b3d7bc3f3	Will the Kalshi YES mid-market price for Philadelphia (Philadelphia vs Los Angeles D) land in the 80-90¢ bucket at game start (2026-05-30)?
Sooth_QGen#c87e0fc5796c	Will the Kalshi YES mid-market price for Milwaukee (Milwaukee vs A's) land in the 10-20¢ bucket at game start (2026-06-10)?
Sooth_QGen#c8927ebeff4c	Will the Kalshi YES mid-market price for San Diego (Cincinnati vs San Diego) land in the 40-50¢ bucket at game start (2026-06-10)?
Sooth_QGen#c8a10eabc051	Will the Kalshi YES mid-market price for San Antonio (Game 2: New York at San Antonio) land in the 20-30¢ bucket at game start (2026-06-06)?
Sooth_QGen#c8a964f63665	Will the Kalshi YES mid-market price for Alexander Zverev (Will Alexander Zverev win the Mensik vs Zverev: Semifinal match) land in the 10-20¢ bucket at game start (2026-06-05)?
Sooth_QGen#c8ae5750ed54	Will the Kalshi YES mid-market price for Miami (Arizona vs Miami) land in the 20-30¢ bucket at game start (2026-06-09)?
Sooth_QGen#c8b8d2728f49	Will the Kalshi YES mid-market price for Kansas City (Houston vs Kansas City) land in the 50-60¢ bucket at game start (2026-06-14)?
Sooth_QGen#c8b93d4ce0a2	Will the Kalshi YES mid-market price for Houston (Milwaukee vs Houston) land in the 60-70¢ bucket at game start (2026-05-30)?
Sooth_QGen#c8ccb81be5ec	Will the Kalshi YES mid-market price for Milwaukee (San Francisco vs Milwaukee) land in the 0-10¢ bucket at game start (2026-06-02)?
Sooth_QGen#c8e021f5211a	Will the Kalshi YES mid-market price for San Francisco (San Francisco vs Colorado) land in the 20-30¢ bucket at game start (2026-05-30)?
Sooth_QGen#c8f997962919	Will the Kalshi YES mid-market price for San Francisco (San Francisco vs Chicago C) land in the 10-20¢ bucket at game start (2026-06-08)?
Sooth_QGen#c901b06313c1	Will the Kalshi YES mid-market price for VGK Golden Knights (Game 3: Carolina at Vegas) land in the 30-40¢ bucket at game start (2026-06-07)?
Sooth_QGen#c90b5baf2872	Will the Kalshi YES mid-market price for New York M (Miami vs New York M) land in the 70-80¢ bucket at game start (2026-05-31)?
Sooth_QGen#c917ba3250cd	Will the Kalshi YES mid-market price for Toronto (Miami vs Toronto) land in the 90-100¢ bucket at game start (2026-05-27)?
Sooth_QGen#c920a157ebf0	Will the Kalshi YES mid-market price for Pittsburgh (Pittsburgh vs Atlanta) land in the 50-60¢ bucket at game start (2026-06-06)?
Sooth_QGen#c926ed64b083	Will the Kalshi YES mid-market price for Los Angeles A (Houston vs Los Angeles A) land in the 0-10¢ bucket at game start (2026-06-09)?
Sooth_QGen#c92bf3dae982	Will the Kalshi YES mid-market price for St. Louis (St. Louis vs Milwaukee) land in the 50-60¢ bucket at game start (2026-05-27)?
Sooth_QGen#c92dcb048968	Will the Kalshi YES mid-market price for San Antonio (Game 3: San Antonio at New York) land in the 0-10¢ bucket at game start (2026-06-09)?
Sooth_QGen#c9335e7ad414	Will the Kalshi YES mid-market price for Pittsburgh (Pittsburgh vs A's) land in the 0-10¢ bucket at game start (2026-06-16)?
Sooth_QGen#c934720f84af	Will the Kalshi YES mid-market price for Kansas City (Kansas City vs Texas) land in the 70-80¢ bucket at game start (2026-05-30)?
Sooth_QGen#c93e7ee90d11	Will the Kalshi YES mid-market price for San Antonio (Game 1: New York at San Antonio) land in the 0-10¢ bucket at game start (2026-06-04)?
Sooth_QGen#c9433554afb6	Will the Kalshi YES mid-market price for Los Angeles D (Tampa Bay vs Los Angeles D) land in the 10-20¢ bucket at game start (2026-06-16)?
Sooth_QGen#c9456b60ab6b	Will the Kalshi YES mid-market price for Washington (Kansas City vs Washington) land in the 20-30¢ bucket at game start (2026-06-15)?
Sooth_QGen#c948577740e0	Will the Kalshi YES mid-market price for San Francisco (Washington vs San Francisco) land in the 20-30¢ bucket at game start (2026-06-10)?
Sooth_QGen#c950afae0479	Will the Kalshi YES mid-market price for Seattle (New York M vs Seattle) land in the 80-90¢ bucket at game start (2026-06-03)?
Sooth_QGen#c95243b09083	Will the Kalshi YES mid-market price for Tampa Bay (Los Angeles A vs Tampa Bay) land in the 60-70¢ bucket at game start (2026-05-31)?
Sooth_QGen#c95719e183df	Will the Kalshi YES mid-market price for Milwaukee (Milwaukee vs Houston) land in the 0-10¢ bucket at game start (2026-05-30)?
Sooth_QGen#c95e27401705	Will the Kalshi YES mid-market price for San Francisco (San Francisco vs Colorado) land in the 70-80¢ bucket at game start (2026-05-31)?
Sooth_QGen#c9628130209f	Will the Kalshi YES mid-market price for Los Angeles D (Los Angeles D vs Pittsburgh) land in the 90-100¢ bucket at game start (2026-06-10)?
Sooth_QGen#c96799554fc7	Will the Kalshi YES mid-market price for New York M (New York M vs San Diego) land in the 30-40¢ bucket at game start (2026-06-06)?
Sooth_QGen#c9692dc8604d	Will the Kalshi YES mid-market price for Houston (Pittsburgh vs Houston) land in the 20-30¢ bucket at game start (2026-06-04)?
Sooth_QGen#c976c4dfe372	Will the Kalshi YES mid-market price for New York J (Will New York J win the New York J vs Tennessee Pro Football game) land in the 20-30¢ bucket at game start (2026-09-13)?
Sooth_QGen#c98cc0e1f253	Will the Kalshi YES mid-market price for Tampa Bay (Tampa Bay vs Miami) land in the 70-80¢ bucket at game start (2026-06-05)?
Sooth_QGen#c99d569b5fc9	Will the Kalshi YES mid-market price for Tennessee (Will Tennessee win the New York J vs Tennessee Pro Football game) land in the 0-10¢ bucket at game start (2026-09-13)?
Sooth_QGen#c9a1085fa846	Will the Kalshi YES mid-market price for Detroit (Seattle vs Detroit) land in the 10-20¢ bucket at game start (2026-06-06)?
Sooth_QGen#c9a2686cfee1	Will the Kalshi YES mid-market price for New York Y (New York Y vs Toronto) land in the 70-80¢ bucket at game start (2026-06-14)?
Sooth_QGen#c9c9039f9ce5	Will the Kalshi YES mid-market price for St. Louis (Cincinnati vs St. Louis) land in the 20-30¢ bucket at game start (2026-06-07)?
Sooth_QGen#c9d0faafa8d5	Will the Kalshi YES mid-market price for Chicago WS (Chicago WS vs Minnesota) land in the 60-70¢ bucket at game start (2026-06-03)?
Sooth_QGen#c9dedde0b5dc	Will the Kalshi YES mid-market price for New York (Game 2: New York at San Antonio) land in the 10-20¢ bucket at game start (2026-06-06)?
Sooth_QGen#c9f893e25bbc	Will the Kalshi YES mid-market price for Atlanta (Atlanta vs New York M) land in the 80-90¢ bucket at game start (2026-06-12)?
Sooth_QGen#ca03a8c576f1	Will the Kalshi YES mid-market price for San Francisco (San Francisco vs Chicago C) land in the 20-30¢ bucket at game start (2026-06-08)?
Sooth_QGen#ca05aacbbc37	Will the Kalshi YES mid-market price for Colorado (Chicago C vs Colorado) land in the 60-70¢ bucket at game start (2026-06-11)?
Sooth_QGen#ca090a12739c	Will the Kalshi YES mid-market price for Philadelphia (Chicago WS vs Philadelphia) land in the 60-70¢ bucket at game start (2026-06-06)?
Sooth_QGen#ca19f789841c	Will the Kalshi YES mid-market price for Los Angeles A (Los Angeles A vs Los Angeles D) land in the 70-80¢ bucket at game start (2026-06-06)?
Sooth_QGen#ca3d8ff3d4b6	Will the Kalshi YES mid-market price for Detroit (Will Detroit win the New Orleans vs Detroit Pro Football game) land in the 40-50¢ bucket at game start (2026-09-13)?
Sooth_QGen#ca3dbd4ca08f	Will the Kalshi YES mid-market price for Cincinnati (Will Cincinnati win the Tampa Bay vs Cincinnati Pro Football game) land in the 50-60¢ bucket at game start (2026-09-13)?
Sooth_QGen#ca423510efa9	Will the Kalshi YES mid-market price for Miami (Miami vs Toronto) land in the 70-80¢ bucket at game start (2026-05-27)?
Sooth_QGen#ca54b172f087	Will the Kalshi YES mid-market price for Houston (Milwaukee vs Houston) land in the 10-20¢ bucket at game start (2026-05-30)?
Sooth_QGen#ca54f68806dc	Will the Kalshi YES mid-market price for CAR Hurricanes (Game 4: Carolina at Vegas) land in the 20-30¢ bucket at game start (2026-06-10)?
Sooth_QGen#ca5dc4c5ee46	Will the Kalshi YES mid-market price for Milwaukee (San Francisco vs Milwaukee) land in the 70-80¢ bucket at game start (2026-06-01)?
Sooth_QGen#ca6b208a75ba	Will the Kalshi YES mid-market price for A's (Milwaukee vs A's) land in the 20-30¢ bucket at game start (2026-06-11)?
Sooth_QGen#ca909391ee7e	Will the Kalshi YES mid-market price for Houston (Houston vs Los Angeles A) land in the 10-20¢ bucket at game start (2026-06-10)?
Sooth_QGen#ca94b183a8fa	Will the Kalshi YES mid-market price for Philadelphia (Philadelphia vs Toronto) land in the 60-70¢ bucket at game start (2026-06-10)?
Sooth_QGen#ca9822e6763a	Will the Kalshi YES mid-market price for Arizona (Arizona vs Seattle) land in the 50-60¢ bucket at game start (2026-05-31)?
Sooth_QGen#caadbdaa7c86	Will the Kalshi YES mid-market price for Baltimore (Seattle vs Baltimore) land in the 90-100¢ bucket at game start (2026-06-08)?
Sooth_QGen#cab9a760de7a	Will the Kalshi YES mid-market price for Los Angeles A (Los Angeles A vs Los Angeles D) land in the 10-20¢ bucket at game start (2026-06-06)?
Sooth_QGen#cab9ee190913	Will the Kalshi YES mid-market price for Cincinnati (Cincinnati vs San Diego) land in the 30-40¢ bucket at game start (2026-06-10)?
Sooth_QGen#caca0c68bd3f	Will the Kalshi YES mid-market price for Washington (Washington vs San Francisco) land in the 30-40¢ bucket at game start (2026-06-10)?
Sooth_QGen#cadbe2faa3dd	Will the Kalshi YES mid-market price for Atlanta (Atlanta vs Chicago WS) land in the 30-40¢ bucket at game start (2026-06-09)?
Sooth_QGen#cae3ebd8de2b	Will the Kalshi YES mid-market price for Tampa Bay (Detroit vs Tampa Bay) land in the 80-90¢ bucket at game start (2026-06-01)?
Sooth_QGen#caec6644efaf	Will the Kalshi YES mid-market price for Atlanta (Atlanta vs New York M) land in the 90-100¢ bucket at game start (2026-06-14)?
Sooth_QGen#caf0f9f5e91a	Will the Kalshi YES mid-market price for Cincinnati (Kansas City vs Cincinnati) land in the 50-60¢ bucket at game start (2026-06-01)?
Sooth_QGen#cafaac765097	Will the Kalshi YES mid-market price for Chicago C (San Francisco vs Chicago C) land in the 80-90¢ bucket at game start (2026-06-06)?
Sooth_QGen#cb02bacacf1e	Will the Kalshi YES mid-market price for Toronto (Baltimore vs Toronto) land in the 20-30¢ bucket at game start (2026-06-07)?
Sooth_QGen#cb03e8c9f0a2	Will the Kalshi YES mid-market price for Chicago WS (Chicago WS vs Philadelphia) land in the 70-80¢ bucket at game start (2026-06-07)?
Sooth_QGen#cb0779d472b9	Will the Kalshi YES mid-market price for San Diego (New York M vs San Diego) land in the 90-100¢ bucket at game start (2026-06-07)?
Sooth_QGen#cb13d20e3eb6	Will the Kalshi YES mid-market price for Chicago WS (Atlanta vs Chicago WS) land in the 90-100¢ bucket at game start (2026-06-09)?
Sooth_QGen#cb2ad32fe7d8	Will the Kalshi YES mid-market price for Pittsburgh (Minnesota vs Pittsburgh) land in the 10-20¢ bucket at game start (2026-05-29)?
Sooth_QGen#cb2b9eab8b39	Will the Kalshi YES mid-market price for Miami (Miami vs Washington) land in the 0-10¢ bucket at game start (2026-06-01)?
Sooth_QGen#cb2f525449a5	Will the Kalshi YES mid-market price for Colorado (Chicago C vs Colorado) land in the 60-70¢ bucket at game start (2026-06-10)?
Sooth_QGen#cb51111b0cfa	Will the Kalshi YES mid-market price for New York (Game 5: New York at San Antonio) land in the 30-40¢ bucket at game start (2026-06-14)?
Sooth_QGen#cb51ccbef423	Will the Kalshi YES mid-market price for Chicago C (San Francisco vs Chicago C) land in the 40-50¢ bucket at game start (2026-06-08)?
Sooth_QGen#cb54a428ed16	Will the Kalshi YES mid-market price for Tampa Bay (Will Tampa Bay win the Tampa Bay vs Cincinnati Pro Football game) land in the 60-70¢ bucket at game start (2026-09-13)?
Sooth_QGen#cb551c3edfab	Will the Kalshi YES mid-market price for St. Louis (Chicago C vs St. Louis) land in the 80-90¢ bucket at game start (2026-05-30)?
Sooth_QGen#cb62d46ac10c	Will the Kalshi YES mid-market price for St. Louis (Chicago C vs St. Louis) land in the 60-70¢ bucket at game start (2026-05-30)?
Sooth_QGen#cba482331f35	Will the Kalshi YES mid-market price for Milwaukee (Philadelphia vs Milwaukee) land in the 70-80¢ bucket at game start (2026-06-12)?
Sooth_QGen#cba9d40ee64a	Will the Kalshi YES mid-market price for Arizona (Will Arizona win the Arizona vs Los Angeles C Pro Football game) land in the 0-10¢ bucket at game start (2026-09-13)?
Sooth_QGen#cbbabaa47a27	Will the Kalshi YES mid-market price for New York M (New York M vs Cincinnati) land in the 90-100¢ bucket at game start (2026-06-15)?
Sooth_QGen#cbc0330a4380	Will the Kalshi YES mid-market price for A's (A's vs Chicago C) land in the 90-100¢ bucket at game start (2026-06-03)?
Sooth_QGen#cbc1a9ec6393	Will the Kalshi YES mid-market price for Pittsburgh (Will Pittsburgh win the Atlanta vs Pittsburgh Pro Football game) land in the 40-50¢ bucket at game start (2026-09-13)?
Sooth_QGen#cbec7179da72	Will the Kalshi YES mid-market price for Los Angeles D (Los Angeles D vs Chicago WS) land in the 30-40¢ bucket at game start (2026-06-12)?
Sooth_QGen#cbee0f220af4	Will the Kalshi YES mid-market price for Detroit (Detroit vs Chicago WS) land in the 60-70¢ bucket at game start (2026-05-29)?
Sooth_QGen#cbf2a284f5e8	Will the Kalshi YES mid-market price for Atlanta (Will Atlanta win the Atlanta vs Pittsburgh Pro Football game) land in the 60-70¢ bucket at game start (2026-09-13)?
Sooth_QGen#cbf2f190cfd4	Will the Kalshi YES mid-market price for Cincinnati (Arizona vs Cincinnati) land in the 70-80¢ bucket at game start (2026-06-14)?
Sooth_QGen#cc00ebbc59ac	Will the Kalshi YES mid-market price for Cleveland (Will Cleveland win the Cleveland vs Jacksonville Pro Football game) land in the 70-80¢ bucket at game start (2026-09-13)?
Sooth_QGen#cc27ec5f8ae0	Will the Kalshi YES mid-market price for Philadelphia (San Diego vs Philadelphia) land in the 90-100¢ bucket at game start (2026-06-02)?
Sooth_QGen#cc2a5e5df220	Will the Kalshi YES mid-market price for Boston (Texas vs Boston) land in the 60-70¢ bucket at game start (2026-06-14)?
Sooth_QGen#cc2ccc876992	Will the Kalshi YES mid-market price for Los Angeles C (Will Los Angeles C win the Arizona vs Los Angeles C Pro Football game) land in the 60-70¢ bucket at game start (2026-09-13)?
Sooth_QGen#cc3798910167	Will the Kalshi YES mid-market price for St. Louis (Texas vs St. Louis) land in the 90-100¢ bucket at game start (2026-06-02)?
Sooth_QGen#cc382edb6889	Will the Kalshi YES mid-market price for Chicago C (A's vs Chicago C) land in the 50-60¢ bucket at game start (2026-06-04)?
Sooth_QGen#cc3ba2a65372	Will the Kalshi YES mid-market price for San Diego (San Diego vs Washington) land in the 0-10¢ bucket at game start (2026-05-31)?
Sooth_QGen#cc40c8a0c562	Will the Kalshi YES mid-market price for VGK Golden Knights (Game 1: Vegas at Carolina) land in the 10-20¢ bucket at game start (2026-06-03)?
Sooth_QGen#cc47ee94ce86	Will the Kalshi YES mid-market price for San Francisco (San Francisco vs Chicago C) land in the 30-40¢ bucket at game start (2026-06-05)?
Sooth_QGen#cc496582eeb3	Will the Kalshi YES mid-market price for Philadelphia (Philadelphia vs Toronto) land in the 80-90¢ bucket at game start (2026-06-10)?
Sooth_QGen#cc563b1e6a5f	Will the Kalshi YES mid-market price for Cincinnati (Cincinnati vs St. Louis) land in the 80-90¢ bucket at game start (2026-06-07)?
Sooth_QGen#cc6958dae028	Will the Kalshi YES mid-market price for A's (A's vs Houston) land in the 60-70¢ bucket at game start (2026-06-06)?
Sooth_QGen#cc71b7ac8941	Will the Kalshi YES mid-market price for Philadelphia (Chicago WS vs Philadelphia) land in the 20-30¢ bucket at game start (2026-06-06)?
Sooth_QGen#cc86e43ced0e	Will the Kalshi YES mid-market price for Seattle (Arizona vs Seattle) land in the 90-100¢ bucket at game start (2026-05-30)?
Sooth_QGen#cc928c49a9ef	Will the Kalshi YES mid-market price for Philadelphia (Philadelphia vs San Diego) land in the 70-80¢ bucket at game start (2026-05-27)?
Sooth_QGen#cc9cc5d13b99	Will the Kalshi YES mid-market price for Chicago C (Chicago C vs San Francisco) land in the 50-60¢ bucket at game start (2026-06-14)?
Sooth_QGen#cca5c3e6c2df	Will the Kalshi YES mid-market price for Atlanta (Pittsburgh vs Atlanta) land in the 70-80¢ bucket at game start (2026-06-07)?
Sooth_QGen#ccac1b3b31cc	Will the Kalshi YES mid-market price for Minnesota (Chicago WS vs Minnesota) land in the 0-10¢ bucket at game start (2026-06-03)?
Sooth_QGen#ccb1317c7c17	Will the Kalshi YES mid-market price for Chicago WS (Chicago WS vs Philadelphia) land in the 10-20¢ bucket at game start (2026-06-06)?
Sooth_QGen#ccb55d13f354	Will White House employee Gabriel Perez be fired or resign amid the Kalshi insider-trading investigation by July 27, 2026?
Sooth_QGen#ccc0dd0be802	Will the Kalshi YES mid-market price for Indianapolis (Will Indianapolis win the Baltimore vs Indianapolis Pro Football game) land in the 0-10¢ bucket at game start (2026-09-13)?
Sooth_QGen#ccc8c5000c8d	Will the Kalshi YES mid-market price for Chicago WS (Atlanta vs Chicago WS) land in the 80-90¢ bucket at game start (2026-06-11)?
Sooth_QGen#cccaa2f581b8	Will the Kalshi YES mid-market price for Baltimore (Seattle vs Baltimore) land in the 30-40¢ bucket at game start (2026-06-11)?
Sooth_QGen#ccd638563043	Will the Kalshi YES mid-market price for San Francisco (San Francisco vs Chicago C) land in the 20-30¢ bucket at game start (2026-06-05)?
Sooth_QGen#ccdb08111dc4	Will the Kalshi YES mid-market price for Minnesota (Minnesota vs Pittsburgh) land in the 0-10¢ bucket at game start (2026-05-29)?
Sooth_QGen#cce0721ec5aa	Will the Kalshi YES mid-market price for VGK Golden Knights (Game 6: Carolina at Vegas) land in the 20-30¢ bucket at game start (2026-06-15)?
Sooth_QGen#cce5ba268b7b	Will the Kalshi YES mid-market price for St. Louis (Texas vs St. Louis) land in the 10-20¢ bucket at game start (2026-06-01)?
Sooth_QGen#cd037ca765fd	Will the Kalshi YES mid-market price for Milwaukee (Philadelphia vs Milwaukee) land in the 80-90¢ bucket at game start (2026-06-14)?
Sooth_QGen#cd071e06c156	Will the Kalshi YES mid-market price for Cincinnati (Will Cincinnati win the Tampa Bay vs Cincinnati Pro Football game) land in the 30-40¢ bucket at game start (2026-09-13)?
Sooth_QGen#cd210259012c	Will the Kalshi YES mid-market price for Philadelphia (Chicago WS vs Philadelphia) land in the 10-20¢ bucket at game start (2026-06-06)?
Sooth_QGen#cd46eae266d8	Will the Kalshi YES mid-market price for Baltimore (Baltimore vs Boston) land in the 20-30¢ bucket at game start (2026-06-04)?
Sooth_QGen#cd4c46abab6a	Will the Kalshi YES mid-market price for Houston (Houston vs Los Angeles A) land in the 70-80¢ bucket at game start (2026-06-09)?
Sooth_QGen#cd4e912512af	Will the Kalshi YES mid-market price for San Antonio (Game 2: New York at San Antonio) land in the 80-90¢ bucket at game start (2026-06-06)?
Sooth_QGen#cd540cbe10c2	Will the Kalshi YES mid-market price for Tampa Bay (Tampa Bay vs Miami) land in the 60-70¢ bucket at game start (2026-06-07)?
Sooth_QGen#cd6ccb953417	Will the Kalshi YES mid-market price for Minnesota (Minnesota vs Detroit) land in the 20-30¢ bucket at game start (2026-06-09)?
Sooth_QGen#cd923ea0300d	Will the Kalshi YES mid-market price for Philadelphia (Chicago WS vs Philadelphia) land in the 50-60¢ bucket at game start (2026-06-07)?
Sooth_QGen#cd9fdb36d288	Will the Kalshi YES mid-market price for Boston (Boston vs Cleveland) land in the 20-30¢ bucket at game start (2026-05-31)?
Sooth_QGen#cda04b19c1eb	Will the Kalshi YES mid-market price for Atlanta (Atlanta vs New York M) land in the 90-100¢ bucket at game start (2026-06-13)?
Sooth_QGen#cda3c1e08bc6	Will the Kalshi YES mid-market price for Detroit (Detroit vs Houston) land in the 50-60¢ bucket at game start (2026-06-16)?
Sooth_QGen#cdac2ffe265c	Will the Kalshi YES mid-market price for Arizona (Arizona vs Miami) land in the 0-10¢ bucket at game start (2026-06-10)?
Sooth_QGen#cdac4ae39a39	Will the Kalshi YES mid-market price for Los Angeles D (Los Angeles A vs Los Angeles D) land in the 40-50¢ bucket at game start (2026-06-07)?
Sooth_QGen#cdb17ca0c69b	Will the Kalshi YES mid-market price for Washington (Washington vs Cleveland) land in the 70-80¢ bucket at game start (2026-05-27)?
Sooth_QGen#cdb28dca109c	Will the Kalshi YES mid-market price for Chicago WS (Los Angeles D vs Chicago WS) land in the 30-40¢ bucket at game start (2026-06-14)?
Sooth_QGen#cdbdfee96b9f	Will the Kalshi YES mid-market price for Miami (Miami vs New York M) land in the 60-70¢ bucket at game start (2026-05-30)?
Sooth_QGen#cdcc9c1db54f	Will the Kalshi YES mid-market price for Baltimore (Seattle vs Baltimore) land in the 70-80¢ bucket at game start (2026-06-10)?
Sooth_QGen#cdcd2e75536d	Will the Kalshi YES mid-market price for Boston (Boston vs Tampa Bay) land in the 20-30¢ bucket at game start (2026-06-10)?
Sooth_QGen#cde6062ccfb3	Will the Kalshi YES mid-market price for Cleveland (Detroit vs Cleveland) land in the 20-30¢ bucket at game start (2026-06-13)?
Sooth_QGen#cde6aaed1c6f	Will the Kalshi YES mid-market price for Chicago WS (Chicago WS vs Philadelphia) land in the 30-40¢ bucket at game start (2026-06-06)?
Sooth_QGen#cde7104514fd	Will the Kalshi YES mid-market price for New York Y (New York Y vs Cleveland) land in the 20-30¢ bucket at game start (2026-06-08)?
Sooth_QGen#cdee8b2c6587	Will the Kalshi YES mid-market price for Washington (San Diego vs Washington) land in the 0-10¢ bucket at game start (2026-05-30)?
Sooth_QGen#cdff5fe60d8d	Will the Kalshi YES mid-market price for Seattle (Arizona vs Seattle) land in the 70-80¢ bucket at game start (2026-05-31)?
Sooth_QGen#ce044b992798	Will the Kalshi YES mid-market price for San Diego (San Diego vs Washington) land in the 30-40¢ bucket at game start (2026-05-30)?
Sooth_QGen#ce0fb7760d98	Will the Kalshi YES mid-market price for Los Angeles R (Will Los Angeles R win the San Francisco vs Los Angeles R Pro Football game) land in the 20-30¢ bucket at game start (2026-09-11)?
Sooth_QGen#ce17054fb05f	Will the Kalshi YES mid-market price for Baltimore (San Diego vs Baltimore) land in the 50-60¢ bucket at game start (2026-06-13)?
Sooth_QGen#ce233482829c	Will the Kalshi YES mid-market price for Philadelphia (Miami vs Philadelphia) land in the 30-40¢ bucket at game start (2026-06-15)?
Sooth_QGen#ce26b233c79b	Will the Kalshi YES mid-market price for Green Bay (Will Green Bay win the Green Bay vs Minnesota Pro Football game) land in the 90-100¢ bucket at game start (2026-09-13)?
Sooth_QGen#ce30a55d9558	Will the Kalshi YES mid-market price for Chicago C (Chicago C vs San Francisco) land in the 30-40¢ bucket at game start (2026-06-14)?
Sooth_QGen#ce4a89ba4f3c	Will the Kalshi YES mid-market price for Boston (Boston vs New York Y) land in the 10-20¢ bucket at game start (2026-06-06)?
Sooth_QGen#ce50c5027529	Will the Kalshi YES mid-market price for Seattle (Seattle vs Detroit) land in the 50-60¢ bucket at game start (2026-06-05)?
Sooth_QGen#ce7048bc6e2b	Will the Kalshi YES mid-market price for St. Louis (Chicago C vs St. Louis) land in the 50-60¢ bucket at game start (2026-05-30)?
Sooth_QGen#ce8c26ae123d	Will the Kalshi YES mid-market price for Chicago C (A's vs Chicago C) land in the 40-50¢ bucket at game start (2026-06-05)?
Sooth_QGen#ce90782e65c4	Will the Kalshi YES mid-market price for A's (Seattle vs A's) land in the 0-10¢ bucket at game start (2026-05-27)?
Sooth_QGen#ceb2c497b13a	Will the Kalshi YES mid-market price for San Francisco (Washington vs San Francisco) land in the 70-80¢ bucket at game start (2026-06-10)?
Sooth_QGen#cece136544f6	Will the Kalshi YES mid-market price for New York Y (New York Y vs Toronto) land in the 80-90¢ bucket at game start (2026-06-12)?
Sooth_QGen#ced9293f7f11	Will the Kalshi YES mid-market price for San Antonio (Game 4: San Antonio at New York) land in the 30-40¢ bucket at game start (2026-06-11)?
Sooth_QGen#ceda2644299c	Will the Kalshi YES mid-market price for Tennessee (Will Tennessee win the New York J vs Tennessee Pro Football game) land in the 60-70¢ bucket at game start (2026-09-13)?
Sooth_QGen#cee517647132	Will the Kalshi YES mid-market price for Cleveland (Boston vs Cleveland) land in the 40-50¢ bucket at game start (2026-05-29)?
Sooth_QGen#cef0167e666b	Will the Kalshi YES mid-market price for Seattle (Seattle vs Detroit) land in the 70-80¢ bucket at game start (2026-06-06)?
Sooth_QGen#cef9d7c4b238	Will the Kalshi YES mid-market price for Tampa Bay (Boston vs Tampa Bay) land in the 40-50¢ bucket at game start (2026-06-10)?
Sooth_QGen#cf0dbdb3a8b9	Will the Kalshi YES mid-market price for Cincinnati (Cincinnati vs San Diego) land in the 50-60¢ bucket at game start (2026-06-09)?
Sooth_QGen#cf2da343eb04	Will the Kalshi YES mid-market price for Cincinnati (Kansas City vs Cincinnati) land in the 20-30¢ bucket at game start (2026-06-03)?
Sooth_QGen#cf2f22e4c885	Will the Kalshi YES mid-market price for San Antonio (Game 4: San Antonio at New York) land in the 0-10¢ bucket at game start (2026-06-11)?
Sooth_QGen#cf3455305538	Will the Kalshi YES mid-market price for Los Angeles D (Los Angeles D vs Arizona) land in the 10-20¢ bucket at game start (2026-06-05)?
Sooth_QGen#cf3736b527c4	Will the Kalshi YES mid-market price for Cincinnati (Cincinnati vs San Diego) land in the 70-80¢ bucket at game start (2026-06-10)?
Sooth_QGen#cf386ac7b403	Will the Kalshi YES mid-market price for Minnesota (Kansas City vs Minnesota) land in the 0-10¢ bucket at game start (2026-06-06)?
Sooth_QGen#cf389e6a5cf2	Will the Kalshi YES mid-market price for Boston (Baltimore vs Boston) land in the 60-70¢ bucket at game start (2026-06-02)?
Sooth_QGen#cf45b0a8aa01	Will the Kalshi YES mid-market price for Miami (Tampa Bay vs Miami) land in the 30-40¢ bucket at game start (2026-06-05)?
Sooth_QGen#cf56e2832872	Will the Kalshi YES mid-market price for Minnesota (Minnesota vs Detroit) land in the 40-50¢ bucket at game start (2026-06-09)?
Sooth_QGen#cf5ad6fcf0f6	Will the Kalshi YES mid-market price for Philadelphia (Philadelphia vs Toronto) land in the 70-80¢ bucket at game start (2026-06-09)?
Sooth_QGen#cf5dad130cdd	Will the Kalshi YES mid-market price for Houston (Houston vs Los Angeles A) land in the 40-50¢ bucket at game start (2026-06-09)?
Sooth_QGen#cf6924e83f25	Will the Kalshi YES mid-market price for St. Louis (St. Louis vs Minnesota) land in the 80-90¢ bucket at game start (2026-06-13)?
Sooth_QGen#cf6edbd53ce9	Will the Kalshi YES mid-market price for Cleveland (Will Cleveland win the Cleveland vs Jacksonville Pro Football game) land in the 10-20¢ bucket at game start (2026-09-13)?
Sooth_QGen#cf720fcd3bf8	Will the Kalshi YES mid-market price for Los Angeles D (Los Angeles D vs Chicago WS) land in the 90-100¢ bucket at game start (2026-06-13)?
Sooth_QGen#cf775753cba1	Will the Kalshi YES mid-market price for Baltimore (San Diego vs Baltimore) land in the 50-60¢ bucket at game start (2026-06-14)?
Sooth_QGen#cf8a23d5d7da	Will the Kalshi YES mid-market price for Milwaukee (San Francisco vs Milwaukee) land in the 90-100¢ bucket at game start (2026-06-01)?
Sooth_QGen#cf8f5afec126	Will the Kalshi YES mid-market price for New England (Will New England win the New England vs Seattle Pro Football game) land in the 40-50¢ bucket at game start (2026-09-09)?
Sooth_QGen#cf937c8b0413	Will the Kalshi YES mid-market price for San Antonio (Game 4: San Antonio at New York) land in the 10-20¢ bucket at game start (2026-06-11)?
Sooth_QGen#cfa72bf8f4fe	Will the Kalshi YES mid-market price for Los Angeles D (Los Angeles D vs Arizona) land in the 20-30¢ bucket at game start (2026-06-04)?
Sooth_QGen#cfd751d467cd	Will the Kalshi YES mid-market price for Texas (Texas vs Kansas City) land in the 30-40¢ bucket at game start (2026-06-11)?
Sooth_QGen#cfda7b8171b7	Will the Kalshi YES mid-market price for Seattle (New York M vs Seattle) land in the 40-50¢ bucket at game start (2026-06-03)?
Sooth_QGen#cfdb30e254a5	Will the Kalshi YES mid-market price for Minnesota (Minnesota vs Detroit) land in the 70-80¢ bucket at game start (2026-06-10)?
Sooth_QGen#cfede4729b57	Will the Kalshi YES mid-market price for St. Louis (St. Louis vs New York M) land in the 50-60¢ bucket at game start (2026-06-10)?
Sooth_QGen#d0014904407e	Will the Kalshi YES mid-market price for New York Y (New York Y vs Cleveland) land in the 50-60¢ bucket at game start (2026-06-10)?
Sooth_QGen#d00cdb4feaae	Will the Kalshi YES mid-market price for Toronto (New York Y vs Toronto) land in the 40-50¢ bucket at game start (2026-06-12)?
Sooth_QGen#d012dcdc6183	Will the Kalshi YES mid-market price for A's (Colorado vs A's) land in the 80-90¢ bucket at game start (2026-06-14)?
Sooth_QGen#d01a74b934f5	Will the Kalshi YES mid-market price for New York (Game 5: New York at San Antonio) land in the 60-70¢ bucket at game start (2026-06-14)?
Sooth_QGen#d028869941e1	Will the Kalshi YES mid-market price for San Francisco (San Francisco vs Milwaukee) land in the 0-10¢ bucket at game start (2026-06-03)?
Sooth_QGen#d02bec0671c9	Will the Kalshi YES mid-market price for Philadelphia (Philadelphia vs Toronto) land in the 50-60¢ bucket at game start (2026-06-08)?
Sooth_QGen#d0321e07770a	Will the Kalshi YES mid-market price for Arizona (Arizona vs Seattle) land in the 20-30¢ bucket at game start (2026-05-31)?
Sooth_QGen#d0345333a1dd	Will the Kalshi YES mid-market price for Detroit (Detroit vs Cleveland) land in the 10-20¢ bucket at game start (2026-06-13)?
Sooth_QGen#d0363dec3cc3	Will the Kalshi YES mid-market price for Los Angeles D (Los Angeles D vs Chicago WS) land in the 60-70¢ bucket at game start (2026-06-12)?
Sooth_QGen#d0479192c7b1	Will the Kalshi YES mid-market price for Los Angeles D (Los Angeles D vs Chicago WS) land in the 80-90¢ bucket at game start (2026-06-13)?
Sooth_QGen#d04dc1cc7c09	Will the Kalshi YES mid-market price for VGK Golden Knights (Game 5: Vegas at Carolina) land in the 0-10¢ bucket at game start (2026-06-12)?
Sooth_QGen#d0565c0b7265	Will the Kalshi YES mid-market price for Texas (Texas vs St. Louis) land in the 80-90¢ bucket at game start (2026-06-01)?
Sooth_QGen#d05e4a2a366d	Will the Kalshi YES mid-market price for Milwaukee (St. Louis vs Milwaukee) land in the 0-10¢ bucket at game start (2026-05-27)?
Sooth_QGen#d065b742db4d	Will the Kalshi YES mid-market price for Chicago WS (Chicago WS vs Minnesota) land in the 60-70¢ bucket at game start (2026-06-02)?
Sooth_QGen#d06d092bc9b1	Will the Kalshi YES mid-market price for San Francisco (Chicago C vs San Francisco) land in the 10-20¢ bucket at game start (2026-06-13)?
Sooth_QGen#d071f1e1f104	Will the Kalshi YES mid-market price for Seattle (Will Seattle win the New England vs Seattle Pro Football game) land in the 80-90¢ bucket at game start (2026-09-09)?
Sooth_QGen#d08ce00a537b	Will the Kalshi YES mid-market price for Washington (Washington vs San Francisco) land in the 60-70¢ bucket at game start (2026-06-09)?
Sooth_QGen#d09085d0ad6c	Will the Kalshi YES mid-market price for St. Louis (Chicago C vs St. Louis) land in the 50-60¢ bucket at game start (2026-05-31)?
Sooth_QGen#d09c5e63c326	Will the Kalshi YES mid-market price for Los Angeles A (Los Angeles A vs Tampa Bay) land in the 0-10¢ bucket at game start (2026-05-29)?
Sooth_QGen#d0a05ec9683d	Will the Kalshi YES mid-market price for San Diego (Cincinnati vs San Diego) land in the 70-80¢ bucket at game start (2026-06-10)?
Sooth_QGen#d0ac5bea7467	Will the Kalshi YES mid-market price for Minnesota (Will Minnesota win the Green Bay vs Minnesota Pro Football game) land in the 30-40¢ bucket at game start (2026-09-13)?
Sooth_QGen#d0adf813187a	Will the Kalshi YES mid-market price for Colorado (Milwaukee vs Colorado) land in the 40-50¢ bucket at game start (2026-06-07)?
Sooth_QGen#d0bba052448b	Will the Kalshi YES mid-market price for San Francisco (San Francisco vs Milwaukee) land in the 20-30¢ bucket at game start (2026-06-02)?
Sooth_QGen#d0be67297860	Will the Kalshi YES mid-market price for Texas (Texas vs Kansas City) land in the 10-20¢ bucket at game start (2026-06-09)?
Sooth_QGen#d0c2628cadec	Will the Kalshi YES mid-market price for VGK Golden Knights (Game 5: Vegas at Carolina) land in the 30-40¢ bucket at game start (2026-06-12)?
Sooth_QGen#d0ec5273b5b8	Will the Kalshi YES mid-market price for Tampa Bay (Tampa Bay vs Los Angeles D) land in the 40-50¢ bucket at game start (2026-06-16)?
Sooth_QGen#d0ed508873b9	Will the Kalshi YES mid-market price for Tampa Bay (Will Tampa Bay win the Tampa Bay vs Cincinnati Pro Football game) land in the 30-40¢ bucket at game start (2026-09-13)?
Sooth_QGen#d0f5e3d0c032	Will the Kalshi YES mid-market price for New York Y (New York Y vs A's) land in the 40-50¢ bucket at game start (2026-05-31)?
Sooth_QGen#d1087ed79954	Will the Kalshi YES mid-market price for Arizona (Los Angeles A vs Arizona) land in the 0-10¢ bucket at game start (2026-06-16)?
Sooth_QGen#d112bf86161e	Will the Kalshi YES mid-market price for New York M (New York M vs Seattle) land in the 20-30¢ bucket at game start (2026-06-02)?
Sooth_QGen#d115d9a7b183	Will the Kalshi YES mid-market price for VGK Golden Knights (Game 2: Vegas at Carolina) land in the 30-40¢ bucket at game start (2026-06-05)?
Sooth_QGen#d11b7b2da6ad	Will the Kalshi YES mid-market price for Tampa Bay (Detroit vs Tampa Bay) land in the 20-30¢ bucket at game start (2026-06-02)?
Sooth_QGen#d11d77dd4fed	Will the Kalshi YES mid-market price for Pittsburgh (Pittsburgh vs Houston) land in the 50-60¢ bucket at game start (2026-06-03)?
Sooth_QGen#d1381553526f	Will the Kalshi YES mid-market price for Philadelphia (San Diego vs Philadelphia) land in the 90-100¢ bucket at game start (2026-06-04)?
Sooth_QGen#d1483667b34a	Will the Kalshi YES mid-market price for New York M (Atlanta vs New York M) land in the 70-80¢ bucket at game start (2026-06-13)?
Sooth_QGen#d157b9a93275	Will the Kalshi YES mid-market price for A's (A's vs Houston) land in the 70-80¢ bucket at game start (2026-06-06)?
Sooth_QGen#d15b428c5080	Will the Kalshi YES mid-market price for A's (Milwaukee vs A's) land in the 60-70¢ bucket at game start (2026-06-09)?
Sooth_QGen#d15fe3982ddf	Will the Kalshi YES mid-market price for Texas (Cleveland vs Texas) land in the 10-20¢ bucket at game start (2026-06-07)?
Sooth_QGen#d162a24c6269	Will the Kalshi YES mid-market price for New York Y (Cleveland vs New York Y) land in the 90-100¢ bucket at game start (2026-06-02)?
Sooth_QGen#d16680aab255	Will the Kalshi YES mid-market price for San Diego (San Diego vs Philadelphia) land in the 10-20¢ bucket at game start (2026-06-03)?
Sooth_QGen#d172e5c7f6df	Will the Kalshi YES mid-market price for A's (Milwaukee vs A's) land in the 30-40¢ bucket at game start (2026-06-10)?
Sooth_QGen#d17cc9bcdf15	Will the Kalshi YES mid-market price for Milwaukee (Milwaukee vs Houston) land in the 80-90¢ bucket at game start (2026-05-30)?
Sooth_QGen#d18c9d8394b8	Will the Kalshi YES mid-market price for Washington (San Diego vs Washington) land in the 40-50¢ bucket at game start (2026-05-29)?
Sooth_QGen#d1911d6f5331	Will the Kalshi YES mid-market price for Arizona (Arizona vs San Francisco) land in the 10-20¢ bucket at game start (2026-05-27)?
Sooth_QGen#d195909ef2a9	Will the Kalshi YES mid-market price for Philadelphia (Philadelphia vs Milwaukee) land in the 0-10¢ bucket at game start (2026-06-12)?
Sooth_QGen#d1a599a64d29	Will the Kalshi YES mid-market price for VGK Golden Knights (Game 2: Vegas at Carolina) land in the 10-20¢ bucket at game start (2026-06-05)?
Sooth_QGen#d1ad41b0235e	Will the Kalshi YES mid-market price for Washington (Miami vs Washington) land in the 60-70¢ bucket at game start (2026-06-02)?
Sooth_QGen#d1b27e09fb90	Will the Kalshi YES mid-market price for Pittsburgh (Will Pittsburgh win the Atlanta vs Pittsburgh Pro Football game) land in the 60-70¢ bucket at game start (2026-09-13)?
Sooth_QGen#d1b284eb3f6f	Will the Kalshi YES mid-market price for Los Angeles R (Will Los Angeles R win the San Francisco vs Los Angeles R Pro Football game) land in the 90-100¢ bucket at game start (2026-09-11)?
Sooth_QGen#d1c71b46822e	Will the Kalshi YES mid-market price for Cleveland (Washington vs Cleveland) land in the 60-70¢ bucket at game start (2026-05-27)?
Sooth_QGen#d1c765a3ace8	Will the Kalshi YES mid-market price for Cleveland (Detroit vs Cleveland) land in the 10-20¢ bucket at game start (2026-06-12)?
Sooth_QGen#d1cb368b6605	Will the Kalshi YES mid-market price for Detroit (Seattle vs Detroit) land in the 30-40¢ bucket at game start (2026-06-06)?
Sooth_QGen#d1dc6ab82141	Will the Kalshi YES mid-market price for Chicago WS (Chicago WS vs Minnesota) land in the 90-100¢ bucket at game start (2026-06-02)?
Sooth_QGen#d1df905a0c21	Will the Kalshi YES mid-market price for San Diego (Cincinnati vs San Diego) land in the 90-100¢ bucket at game start (2026-06-09)?
Sooth_QGen#d1e8551a32e3	Will the Kalshi YES mid-market price for CAR Hurricanes (Game 6: Carolina at Vegas) land in the 0-10¢ bucket at game start (2026-06-15)?
Sooth_QGen#d20f654ed93b	Will the Kalshi YES mid-market price for Minnesota (Chicago WS vs Minnesota) land in the 60-70¢ bucket at game start (2026-06-02)?
Sooth_QGen#d22090dc4cfd	Will the Kalshi YES mid-market price for Seattle (New York M vs Seattle) land in the 0-10¢ bucket at game start (2026-06-02)?
Sooth_QGen#d22bb8dc2781	Will the Kalshi YES mid-market price for Baltimore (Seattle vs Baltimore) land in the 40-50¢ bucket at game start (2026-06-09)?
Sooth_QGen#d22f8a5aa47e	Will the Kalshi YES mid-market price for Texas (Kansas City vs Texas) land in the 70-80¢ bucket at game start (2026-05-31)?
Sooth_QGen#d244919c109e	Will the Kalshi YES mid-market price for A's (Milwaukee vs A's) land in the 30-40¢ bucket at game start (2026-06-11)?
Sooth_QGen#d252bb40ccbe	Will the Kalshi YES mid-market price for Colorado (Colorado vs Los Angeles A) land in the 70-80¢ bucket at game start (2026-06-04)?
Sooth_QGen#d25a01ab591d	Will the Kalshi YES mid-market price for A's (A's vs Chicago C) land in the 10-20¢ bucket at game start (2026-06-04)?
Sooth_QGen#d25a0ee1505f	Will the Kalshi YES mid-market price for St. Louis (St. Louis vs New York M) land in the 40-50¢ bucket at game start (2026-06-10)?
Sooth_QGen#d267f9a2ae38	Will the Kalshi YES mid-market price for Minnesota (Minnesota vs Pittsburgh) land in the 0-10¢ bucket at game start (2026-05-31)?
Sooth_QGen#d279986b750a	Will the Kalshi YES mid-market price for Tampa Bay (Tampa Bay vs Los Angeles A) land in the 50-60¢ bucket at game start (2026-06-14)?
Sooth_QGen#d27b49bb5af3	Will the Kalshi YES mid-market price for Miami (Miami vs Philadelphia) land in the 0-10¢ bucket at game start (2026-06-15)?
Sooth_QGen#d29e9acaff14	Will the Kalshi YES mid-market price for Colorado (San Francisco vs Colorado) land in the 40-50¢ bucket at game start (2026-05-31)?
Sooth_QGen#d29eb60d8564	Will the Kalshi YES mid-market price for Cleveland (Cleveland vs Texas) land in the 20-30¢ bucket at game start (2026-06-06)?
Sooth_QGen#d2a2e5121b6d	Will the Kalshi YES mid-market price for Toronto (Baltimore vs Toronto) land in the 80-90¢ bucket at game start (2026-06-06)?
Sooth_QGen#d2a485aa3e67	Will the Kalshi YES mid-market price for Minnesota (Chicago WS vs Minnesota) land in the 20-30¢ bucket at game start (2026-06-01)?
Sooth_QGen#d2a63c7f3407	Will the Kalshi YES mid-market price for Texas (Cleveland vs Texas) land in the 0-10¢ bucket at game start (2026-06-06)?
Sooth_QGen#d2a973914c88	Will the Kalshi YES mid-market price for Cincinnati (Atlanta vs Cincinnati) land in the 30-40¢ bucket at game start (2026-05-29)?
Sooth_QGen#d2adbbeac507	Will the Kalshi YES mid-market price for New York M (New York M vs San Diego) land in the 90-100¢ bucket at game start (2026-06-06)?
Sooth_QGen#d2b3b91b7cd9	Will the Kalshi YES mid-market price for Baltimore (Baltimore vs Boston) land in the 40-50¢ bucket at game start (2026-06-02)?
Sooth_QGen#d2b761b5056e	Will the Kalshi YES mid-market price for Milwaukee (Milwaukee vs Colorado) land in the 60-70¢ bucket at game start (2026-06-07)?
Sooth_QGen#d2cf6d88951e	Will the Kalshi YES mid-market price for Washington (Seattle vs Washington) land in the 0-10¢ bucket at game start (2026-06-12)?
Sooth_QGen#d2df447c5cf4	Will the Kalshi YES mid-market price for Los Angeles D (Los Angeles D vs Arizona) land in the 40-50¢ bucket at game start (2026-06-03)?
Sooth_QGen#d3116f82c2bc	Will the Kalshi YES mid-market price for Seattle (Arizona vs Seattle) land in the 50-60¢ bucket at game start (2026-05-31)?
Sooth_QGen#d311d00eb73c	Will the Kalshi YES mid-market price for Los Angeles D (Philadelphia vs Los Angeles D) land in the 60-70¢ bucket at game start (2026-05-31)?
Sooth_QGen#d31ea3a73bf9	Will the Kalshi YES mid-market price for Chicago WS (Chicago WS vs Philadelphia) land in the 20-30¢ bucket at game start (2026-06-05)?
Sooth_QGen#d32c964e01e0	Will the Kalshi YES mid-market price for New York M (New York M vs San Diego) land in the 60-70¢ bucket at game start (2026-06-07)?
Sooth_QGen#d32f07b0d6cf	Will the Kalshi YES mid-market price for Washington (Washington vs Arizona) land in the 60-70¢ bucket at game start (2026-06-07)?
Sooth_QGen#d366326c2d26	Will the Kalshi YES mid-market price for Texas (Cleveland vs Texas) land in the 70-80¢ bucket at game start (2026-06-06)?
Sooth_QGen#d36740740332	Will the Kalshi YES mid-market price for Miami (Will Miami win the Miami vs Las Vegas Pro Football game) land in the 10-20¢ bucket at game start (2026-09-13)?
Sooth_QGen#d36b63cf6f41	Will the Kalshi YES mid-market price for Detroit (Detroit vs Tampa Bay) land in the 60-70¢ bucket at game start (2026-06-01)?
Sooth_QGen#d3a0bc5fb127	Will the Kalshi YES mid-market price for Seattle (New York M vs Seattle) land in the 70-80¢ bucket at game start (2026-06-02)?
Sooth_QGen#d3a661b1d71c	Will the Kalshi YES mid-market price for San Antonio (Game 2: New York at San Antonio) land in the 60-70¢ bucket at game start (2026-06-06)?
Sooth_QGen#d3a92534dec1	Will the Kalshi YES mid-market price for Seattle (Will Seattle win the New England vs Seattle Pro Football game) land in the 90-100¢ bucket at game start (2026-09-09)?
Sooth_QGen#d3c8956cead5	Will the Kalshi YES mid-market price for San Francisco (Washington vs San Francisco) land in the 20-30¢ bucket at game start (2026-06-09)?
Sooth_QGen#d3d0199e011d	Will the Kalshi YES mid-market price for St. Louis (St. Louis vs New York M) land in the 50-60¢ bucket at game start (2026-06-09)?
Sooth_QGen#d3de19d14965	Will the Kalshi YES mid-market price for Colorado (Colorado vs Los Angeles A) land in the 80-90¢ bucket at game start (2026-06-03)?
Sooth_QGen#d3e1c5d5c486	Will the Kalshi YES mid-market price for Miami (Miami vs Pittsburgh) land in the 60-70¢ bucket at game start (2026-06-12)?
Sooth_QGen#d3f5df4dadb3	Will the Kalshi YES mid-market price for Philadelphia (San Diego vs Philadelphia) land in the 30-40¢ bucket at game start (2026-06-03)?
Sooth_QGen#d400fd2252d5	Will the Kalshi YES mid-market price for Milwaukee (Philadelphia vs Milwaukee) land in the 30-40¢ bucket at game start (2026-06-14)?
Sooth_QGen#d4148fd5a034	Will the Kalshi YES mid-market price for Philadelphia (Philadelphia vs Milwaukee) land in the 10-20¢ bucket at game start (2026-06-14)?
Sooth_QGen#d41727653481	Will the Kalshi YES mid-market price for Miami (Miami vs New York M) land in the 40-50¢ bucket at game start (2026-05-30)?
Sooth_QGen#d41781f9dee1	Will the Kalshi YES mid-market price for Atlanta (Toronto vs Atlanta) land in the 0-10¢ bucket at game start (2026-06-04)?
Sooth_QGen#d419e6c6e0b5	Will the Kalshi YES mid-market price for Tampa Bay (Tampa Bay vs Miami) land in the 0-10¢ bucket at game start (2026-06-05)?
Sooth_QGen#d426fe3beb47	Will the Kalshi YES mid-market price for New York Y (Cleveland vs New York Y) land in the 0-10¢ bucket at game start (2026-06-03)?
Sooth_QGen#d42a6f0dd1b1	Will the Kalshi YES mid-market price for San Francisco (San Francisco vs Milwaukee) land in the 30-40¢ bucket at game start (2026-06-02)?
Sooth_QGen#d444fec200e0	Will the Kalshi YES mid-market price for New York Y (New York Y vs Cleveland) land in the 10-20¢ bucket at game start (2026-06-08)?
Sooth_QGen#d447ef06c71c	Will the Kalshi YES mid-market price for Cincinnati (Atlanta vs Cincinnati) land in the 90-100¢ bucket at game start (2026-05-31)?
Sooth_QGen#d44af0c1787e	Will the Kalshi YES mid-market price for Seattle (Seattle vs Detroit) land in the 0-10¢ bucket at game start (2026-06-05)?
Sooth_QGen#d450dbb28316	Will the Kalshi YES mid-market price for Los Angeles A (Los Angeles A vs Tampa Bay) land in the 60-70¢ bucket at game start (2026-05-29)?
Sooth_QGen#d45adeee64cb	Will the Kalshi YES mid-market price for Seattle (Arizona vs Seattle) land in the 30-40¢ bucket at game start (2026-05-30)?
Sooth_QGen#d45d310ea8c6	Will the Kalshi YES mid-market price for VGK Golden Knights (Game 1: Vegas at Carolina) land in the 50-60¢ bucket at game start (2026-06-03)?
Sooth_QGen#d4601d9fff80	Will the Kalshi YES mid-market price for Tampa Bay (Los Angeles A vs Tampa Bay) land in the 50-60¢ bucket at game start (2026-05-29)?
Sooth_QGen#d463f70429ea	Will the Kalshi YES mid-market price for New York M (New York M vs Cincinnati) land in the 70-80¢ bucket at game start (2026-06-15)?
Sooth_QGen#d469459772d0	Will the Kalshi YES mid-market price for Colorado (Colorado vs Los Angeles A) land in the 20-30¢ bucket at game start (2026-06-04)?
Sooth_QGen#d469e95c90b8	Will the Kalshi YES mid-market price for Philadelphia (Philadelphia vs Toronto) land in the 70-80¢ bucket at game start (2026-06-08)?
Sooth_QGen#d48026612a53	Will the Kalshi YES mid-market price for Tampa Bay (Tampa Bay vs Miami) land in the 20-30¢ bucket at game start (2026-06-05)?
Sooth_QGen#d48637daff14	Will the Kalshi YES mid-market price for Minnesota (Minnesota vs Detroit) land in the 0-10¢ bucket at game start (2026-06-09)?
Sooth_QGen#d48e439eadbd	Will the Kalshi YES mid-market price for Boston (Boston vs Cleveland) land in the 40-50¢ bucket at game start (2026-05-29)?
Sooth_QGen#d492e4d0ab25	Will the Kalshi YES mid-market price for Boston (Boston vs New York Y) land in the 90-100¢ bucket at game start (2026-06-05)?
Sooth_QGen#d4991887efb1	Will the Kalshi YES mid-market price for Cleveland (Boston vs Cleveland) land in the 50-60¢ bucket at game start (2026-05-29)?
Sooth_QGen#d49a1a3afe69	Will the Kalshi YES mid-market price for Boston (Baltimore vs Boston) land in the 10-20¢ bucket at game start (2026-06-03)?
Sooth_QGen#d49ad746b6ec	Will the Kalshi YES mid-market price for A's (Colorado vs A's) land in the 30-40¢ bucket at game start (2026-06-13)?
Sooth_QGen#d4af2192cc87	Will the Kalshi YES mid-market price for San Francisco (San Francisco vs Milwaukee) land in the 0-10¢ bucket at game start (2026-06-02)?
Sooth_QGen#d4bc2b1b4843	Will the Kalshi YES mid-market price for New York M (New York M vs Seattle) land in the 20-30¢ bucket at game start (2026-06-03)?
Sooth_QGen#d4d93720f330	Will the Kalshi YES mid-market price for Minnesota (St. Louis vs Minnesota) land in the 20-30¢ bucket at game start (2026-06-14)?
Sooth_QGen#d4d9980d11b9	Will the Kalshi YES mid-market price for Toronto (Baltimore vs Toronto) land in the 90-100¢ bucket at game start (2026-06-07)?
Sooth_QGen#d4e885b7e3dc	Will the Kalshi YES mid-market price for Chicago WS (Detroit vs Chicago WS) land in the 40-50¢ bucket at game start (2026-05-29)?
Sooth_QGen#d50211cae7ff	Will the Kalshi YES mid-market price for Houston (Houston vs Los Angeles A) land in the 30-40¢ bucket at game start (2026-06-11)?
Sooth_QGen#d51203217b24	Will the Kalshi YES mid-market price for Milwaukee (San Francisco vs Milwaukee) land in the 0-10¢ bucket at game start (2026-06-04)?
Sooth_QGen#d5139e5ff938	Will the Kalshi YES mid-market price for Colorado (San Francisco vs Colorado) land in the 60-70¢ bucket at game start (2026-05-31)?
Sooth_QGen#d514d117cd21	Will the Kalshi YES mid-market price for Minnesota (Chicago WS vs Minnesota) land in the 70-80¢ bucket at game start (2026-06-01)?
Sooth_QGen#d519353b6e6d	Will the Kalshi YES mid-market price for Milwaukee (San Francisco vs Milwaukee) land in the 80-90¢ bucket at game start (2026-06-04)?
Sooth_QGen#d5256cbfa9c3	Will the Kalshi YES mid-market price for Cincinnati (Atlanta vs Cincinnati) land in the 20-30¢ bucket at game start (2026-05-29)?
Sooth_QGen#d528aa03cabe	Will the Kalshi YES mid-market price for Los Angeles A (Houston vs Los Angeles A) land in the 10-20¢ bucket at game start (2026-06-09)?
Sooth_QGen#d5326bc65fd1	Will the Kalshi YES mid-market price for Toronto (Baltimore vs Toronto) land in the 40-50¢ bucket at game start (2026-06-06)?
Sooth_QGen#d54390b0d2d6	Will the Kalshi YES mid-market price for Chicago C (Chicago C vs San Francisco) land in the 90-100¢ bucket at game start (2026-06-14)?
Sooth_QGen#d54d59ef7113	Will the Kalshi YES mid-market price for Tampa Bay (Will Tampa Bay win the Tampa Bay vs Cincinnati Pro Football game) land in the 70-80¢ bucket at game start (2026-09-13)?
Sooth_QGen#d55e041cc3f8	Will the Kalshi YES mid-market price for Seattle (Seattle vs Baltimore) land in the 0-10¢ bucket at game start (2026-06-09)?
Sooth_QGen#d58579fb4d7d	Will the Kalshi YES mid-market price for Washington (Will Washington win the Washington vs Philadelphia Pro Football game) land in the 80-90¢ bucket at game start (2026-09-13)?
Sooth_QGen#d58b50ed3764	Will the Kalshi YES mid-market price for Colorado (San Francisco vs Colorado) land in the 0-10¢ bucket at game start (2026-05-30)?
Sooth_QGen#d58ffb41fe11	Will the Kalshi YES mid-market price for New York M (Miami vs New York M) land in the 0-10¢ bucket at game start (2026-05-31)?
Sooth_QGen#d5a01e7a7ba6	Will the Kalshi YES mid-market price for Philadelphia (Chicago WS vs Philadelphia) land in the 10-20¢ bucket at game start (2026-06-07)?
Sooth_QGen#d5a8e417a30e	Will the Kalshi YES mid-market price for Baltimore (Baltimore vs Toronto) land in the 40-50¢ bucket at game start (2026-06-07)?
Sooth_QGen#d5e31934f9b1	Will the Kalshi YES mid-market price for Pittsburgh (Minnesota vs Pittsburgh) land in the 40-50¢ bucket at game start (2026-05-29)?
Sooth_QGen#d5e4d893d672	Will the Kalshi YES mid-market price for Philadelphia (Philadelphia vs Milwaukee) land in the 90-100¢ bucket at game start (2026-06-12)?
Sooth_QGen#d5ec9f7bbd50	Will the Kalshi YES mid-market price for Pittsburgh (Pittsburgh vs Atlanta) land in the 90-100¢ bucket at game start (2026-06-07)?
Sooth_QGen#d5f40ff9dcf0	Will the Kalshi YES mid-market price for San Diego (San Diego vs Philadelphia) land in the 80-90¢ bucket at game start (2026-06-04)?
Sooth_QGen#d5febdeb1dcb	Will the Kalshi YES mid-market price for Atlanta (Atlanta vs New York M) land in the 20-30¢ bucket at game start (2026-06-12)?
Sooth_QGen#d60089189038	Will the Kalshi YES mid-market price for San Diego (San Diego vs Philadelphia) land in the 90-100¢ bucket at game start (2026-06-04)?
Sooth_QGen#d619c353f5f6	Will the Kalshi YES mid-market price for Houston (Pittsburgh vs Houston) land in the 70-80¢ bucket at game start (2026-06-04)?
Sooth_QGen#d61fb83f9e0e	Will the Kalshi YES mid-market price for A's (New York Y vs A's) land in the 0-10¢ bucket at game start (2026-05-31)?
Sooth_QGen#d62239b732cb	Will the Kalshi YES mid-market price for CAR Hurricanes (Game 6: Carolina at Vegas) land in the 80-90¢ bucket at game start (2026-06-15)?
Sooth_QGen#d637ecf4ef02	Will the Kalshi YES mid-market price for San Francisco (San Francisco vs Milwaukee) land in the 40-50¢ bucket at game start (2026-06-03)?
Sooth_QGen#d6430cbaf091	Will the Kalshi YES mid-market price for Cleveland (Detroit vs Cleveland) land in the 60-70¢ bucket at game start (2026-06-12)?
Sooth_QGen#d6435721d855	Will the Kalshi YES mid-market price for San Francisco (San Francisco vs Milwaukee) land in the 70-80¢ bucket at game start (2026-06-03)?
Sooth_QGen#d647bf11e997	Will the Kalshi YES mid-market price for Baltimore (Seattle vs Baltimore) land in the 90-100¢ bucket at game start (2026-06-10)?
Sooth_QGen#d67948aa79d9	Will the Kalshi YES mid-market price for Chicago C (A's vs Chicago C) land in the 70-80¢ bucket at game start (2026-06-03)?
Sooth_QGen#d6879fc16260	Will the Kalshi YES mid-market price for Toronto (Baltimore vs Toronto) land in the 70-80¢ bucket at game start (2026-06-05)?
Sooth_QGen#d6887c5ef1ad	Will the Kalshi YES mid-market price for Arizona (Arizona vs Cincinnati) land in the 40-50¢ bucket at game start (2026-06-13)?
Sooth_QGen#d68d9e8bedbd	Will the Kalshi YES mid-market price for Kansas City (Kansas City vs Texas) land in the 20-30¢ bucket at game start (2026-05-30)?
Sooth_QGen#d696ff5e6647	Will the Kalshi YES mid-market price for Colorado (Colorado vs Los Angeles A) land in the 90-100¢ bucket at game start (2026-06-03)?
Sooth_QGen#d699222094e4	Will the Kalshi YES mid-market price for Texas (Texas vs Boston) land in the 70-80¢ bucket at game start (2026-06-13)?
Sooth_QGen#d6a3d96fc275	Will the Kalshi YES mid-market price for Detroit (Detroit vs Cleveland) land in the 0-10¢ bucket at game start (2026-06-14)?
Sooth_QGen#d6a4cd4a1d40	Will the Kalshi YES mid-market price for Chicago C (Chicago C vs Colorado) land in the 20-30¢ bucket at game start (2026-06-11)?
Sooth_QGen#d6a9d8dd3927	Will the Kalshi YES mid-market price for Kansas City (Kansas City vs Minnesota) land in the 50-60¢ bucket at game start (2026-06-06)?
Sooth_QGen#d6aec7ae7fe3	Will the Kalshi YES mid-market price for CAR Hurricanes (Game 1: Vegas at Carolina) land in the 70-80¢ bucket at game start (2026-06-03)?
Sooth_QGen#d6b0a78a38a6	Will the Kalshi YES mid-market price for Baltimore (Baltimore vs Boston) land in the 50-60¢ bucket at game start (2026-06-02)?
Sooth_QGen#d6c0ac68f8b3	Will the Kalshi YES mid-market price for San Diego (San Diego vs Baltimore) land in the 80-90¢ bucket at game start (2026-06-12)?
Sooth_QGen#d6cd8b3fd318	Will the Kalshi YES mid-market price for Chicago WS (Chicago WS vs Philadelphia) land in the 50-60¢ bucket at game start (2026-06-05)?
Sooth_QGen#d6ceda3d4d7b	Will the Kalshi YES mid-market price for New York Y (Cleveland vs New York Y) land in the 30-40¢ bucket at game start (2026-06-04)?
Sooth_QGen#d6e43e867ee5	Will the Kalshi YES mid-market price for Miami (Miami vs Toronto) land in the 10-20¢ bucket at game start (2026-05-27)?
Sooth_QGen#d6e769c05f01	Will the Kalshi YES mid-market price for Chicago WS (Atlanta vs Chicago WS) land in the 40-50¢ bucket at game start (2026-06-10)?
Sooth_QGen#d6e9b4a7ed57	Will the Kalshi YES mid-market price for Chicago C (Chicago C vs St. Louis) land in the 40-50¢ bucket at game start (2026-05-31)?
Sooth_QGen#d6ea765b7b5e	Will the Kalshi YES mid-market price for Milwaukee (Milwaukee vs Colorado) land in the 0-10¢ bucket at game start (2026-06-06)?
Sooth_QGen#d7045d0690da	Will the Kalshi YES mid-market price for Baltimore (Toronto vs Baltimore) land in the 40-50¢ bucket at game start (2026-05-29)?
Sooth_QGen#d70f823f4b18	Will the Kalshi YES mid-market price for Indianapolis (Will Indianapolis win the Baltimore vs Indianapolis Pro Football game) land in the 80-90¢ bucket at game start (2026-09-13)?
Sooth_QGen#d7280eee0cc1	Will the Kalshi YES mid-market price for Detroit (Minnesota vs Detroit) land in the 30-40¢ bucket at game start (2026-06-10)?
Sooth_QGen#d729d9cf4c45	Will the Kalshi YES mid-market price for Washington (Washington vs San Francisco) land in the 10-20¢ bucket at game start (2026-06-10)?
Sooth_QGen#d75526fc3cbf	Will the Kalshi YES mid-market price for Baltimore (San Diego vs Baltimore) land in the 90-100¢ bucket at game start (2026-06-12)?
Sooth_QGen#d76be65d6d9f	Will the Kalshi YES mid-market price for Detroit (Detroit vs Tampa Bay) land in the 10-20¢ bucket at game start (2026-06-03)?
Sooth_QGen#d7810df50fad	Will the Kalshi YES mid-market price for Seattle (New York M vs Seattle) land in the 10-20¢ bucket at game start (2026-06-03)?
Sooth_QGen#d7823ca1742e	Will the Kalshi YES mid-market price for Cleveland (Cleveland vs New York Y) land in the 0-10¢ bucket at game start (2026-06-04)?
Sooth_QGen#d7878d326ff6	Will the Kalshi YES mid-market price for Chicago C (Chicago C vs San Francisco) land in the 0-10¢ bucket at game start (2026-06-14)?
Sooth_QGen#d7a758443fc6	Will the Kalshi YES mid-market price for Cleveland (Washington vs Cleveland) land in the 40-50¢ bucket at game start (2026-05-27)?
Sooth_QGen#d7c9f875ecc6	Will the Kalshi YES mid-market price for A's (New York Y vs A's) land in the 70-80¢ bucket at game start (2026-05-30)?
Sooth_QGen#d7d1a5e9a606	Will the Kalshi YES mid-market price for CAR Hurricanes (Game 2: Vegas at Carolina) land in the 50-60¢ bucket at game start (2026-06-05)?
Sooth_QGen#d7e628682e39	Will the Kalshi YES mid-market price for Houston (Houston vs Kansas City) land in the 80-90¢ bucket at game start (2026-06-14)?
Sooth_QGen#d7f5e15d30f4	Will the Kalshi YES mid-market price for Seattle (Seattle vs A's) land in the 40-50¢ bucket at game start (2026-05-27)?
Sooth_QGen#d80fd1353207	Will the Kalshi YES mid-market price for New York M (New York M vs San Diego) land in the 70-80¢ bucket at game start (2026-06-06)?
Sooth_QGen#d8133e26f735	Will the Kalshi YES mid-market price for San Diego (San Diego vs Baltimore) land in the 0-10¢ bucket at game start (2026-06-13)?
Sooth_QGen#d83bc9dcc3fa	Will the Kalshi YES mid-market price for Boston (Baltimore vs Boston) land in the 40-50¢ bucket at game start (2026-06-04)?
Sooth_QGen#d8633d05dd44	Will the Kalshi YES mid-market price for Los Angeles D (Tampa Bay vs Los Angeles D) land in the 60-70¢ bucket at game start (2026-06-16)?
Sooth_QGen#d87340a6037d	Will the Kalshi YES mid-market price for Philadelphia (San Diego vs Philadelphia) land in the 0-10¢ bucket at game start (2026-06-03)?
Sooth_QGen#d886ed3a0b3e	Will the Kalshi YES mid-market price for Houston (Milwaukee vs Houston) land in the 0-10¢ bucket at game start (2026-05-31)?
Sooth_QGen#d88b8edd928e	Will the Kalshi YES mid-market price for Colorado (Colorado vs Chicago C) land in the 10-20¢ bucket at game start (2026-06-16)?
Sooth_QGen#d88dc0672a59	Will the Kalshi YES mid-market price for Los Angeles D (Philadelphia vs Los Angeles D) land in the 30-40¢ bucket at game start (2026-05-31)?
Sooth_QGen#d899c70f39bd	Will the Kalshi YES mid-market price for Milwaukee (San Francisco vs Milwaukee) land in the 90-100¢ bucket at game start (2026-06-02)?
Sooth_QGen#d8b465ddaac4	Will the Kalshi YES mid-market price for Arizona (Los Angeles D vs Arizona) land in the 10-20¢ bucket at game start (2026-06-04)?
Sooth_QGen#d8dececb3da2	Will the Kalshi YES mid-market price for Washington (Washington vs San Francisco) land in the 10-20¢ bucket at game start (2026-06-09)?
Sooth_QGen#d8f91eeb0370	Will the Kalshi YES mid-market price for Cleveland (Detroit vs Cleveland) land in the 50-60¢ bucket at game start (2026-06-12)?
Sooth_QGen#d8fadc65152c	Will the Kalshi YES mid-market price for Detroit (Seattle vs Detroit) land in the 20-30¢ bucket at game start (2026-06-07)?
Sooth_QGen#d8fd485c45c4	Will the Kalshi YES mid-market price for Detroit (Seattle vs Detroit) land in the 60-70¢ bucket at game start (2026-06-07)?
Sooth_QGen#d90aba28d3ca	Will the Kalshi YES mid-market price for Colorado (Colorado vs A's) land in the 10-20¢ bucket at game start (2026-06-13)?
Sooth_QGen#d9125bcc97ac	Will the Kalshi YES mid-market price for Miami (Miami vs Washington) land in the 50-60¢ bucket at game start (2026-06-03)?
Sooth_QGen#d9244e8b984c	Will the Kalshi YES mid-market price for Minnesota (Minnesota vs Pittsburgh) land in the 60-70¢ bucket at game start (2026-05-29)?
Sooth_QGen#d9296adb5f3f	Will the Kalshi YES mid-market price for Kansas City (Texas vs Kansas City) land in the 0-10¢ bucket at game start (2026-06-10)?
Sooth_QGen#d92a94162dcc	Will the Kalshi YES mid-market price for Kansas City (Kansas City vs Texas) land in the 90-100¢ bucket at game start (2026-05-31)?
Sooth_QGen#d92e3ca3f617	Will the Kalshi YES mid-market price for Detroit (Minnesota vs Detroit) land in the 20-30¢ bucket at game start (2026-06-11)?
Sooth_QGen#d94ca23f81e9	Will the Kalshi YES mid-market price for Cleveland (Cleveland vs Texas) land in the 60-70¢ bucket at game start (2026-06-06)?
Sooth_QGen#d97a4686b1cb	Will the Kalshi YES mid-market price for A's (Milwaukee vs A's) land in the 60-70¢ bucket at game start (2026-06-10)?
Sooth_QGen#d9937b79ce08	Will the Kalshi YES mid-market price for Seattle (Seattle vs Detroit) land in the 0-10¢ bucket at game start (2026-06-07)?
Sooth_QGen#d99df626573d	Will the Kalshi YES mid-market price for A's (New York Y vs A's) land in the 70-80¢ bucket at game start (2026-05-31)?
Sooth_QGen#d9bab16693dc	Will the Kalshi YES mid-market price for Cincinnati (Cincinnati vs San Diego) land in the 20-30¢ bucket at game start (2026-06-09)?
Sooth_QGen#d9ce612fe13d	Will the Kalshi YES mid-market price for Cleveland (Cleveland vs Texas) land in the 80-90¢ bucket at game start (2026-06-06)?
Sooth_QGen#da073e68e657	Will the Kalshi YES mid-market price for Seattle (Seattle vs Baltimore) land in the 80-90¢ bucket at game start (2026-06-10)?
Sooth_QGen#da11dca684bf	Will the Kalshi YES mid-market price for A's (Seattle vs A's) land in the 10-20¢ bucket at game start (2026-05-27)?
Sooth_QGen#da4bbc807262	Will the Kalshi YES mid-market price for Atlanta (Atlanta vs New York M) land in the 50-60¢ bucket at game start (2026-06-14)?
Sooth_QGen#da5905c63163	Will the Kalshi YES mid-market price for Miami (Miami vs New York M) land in the 0-10¢ bucket at game start (2026-05-31)?
Sooth_QGen#da5a6ee94cba	Will the Kalshi YES mid-market price for Pittsburgh (Miami vs Pittsburgh) land in the 30-40¢ bucket at game start (2026-06-14)?
Sooth_QGen#da6092ed7c37	Will the Kalshi YES mid-market price for Miami (Tampa Bay vs Miami) land in the 20-30¢ bucket at game start (2026-06-06)?
Sooth_QGen#da684f9806d5	Will the Kalshi YES mid-market price for Boston (Baltimore vs Boston) land in the 10-20¢ bucket at game start (2026-06-04)?
Sooth_QGen#da694d6e6cd8	Will the Kalshi YES mid-market price for Washington (Seattle vs Washington) land in the 10-20¢ bucket at game start (2026-06-12)?
Sooth_QGen#da697c7c363a	Will the Kalshi YES mid-market price for Milwaukee (San Francisco vs Milwaukee) land in the 80-90¢ bucket at game start (2026-06-01)?
Sooth_QGen#da8faab87ff3	Will the Kalshi YES mid-market price for Kansas City (Texas vs Kansas City) land in the 20-30¢ bucket at game start (2026-06-09)?
Sooth_QGen#daa5029f4b0e	Will the Kalshi YES mid-market price for New York Y (New York Y vs A's) land in the 10-20¢ bucket at game start (2026-05-31)?
Sooth_QGen#daacf0f00512	Will the Kalshi YES mid-market price for A's (Milwaukee vs A's) land in the 50-60¢ bucket at game start (2026-06-11)?
Sooth_QGen#dace12268d43	Will the Kalshi YES mid-market price for Washington (Washington vs San Francisco) land in the 50-60¢ bucket at game start (2026-06-10)?
Sooth_QGen#dad5dc496f79	Will the Kalshi YES mid-market price for Toronto (New York Y vs Toronto) land in the 60-70¢ bucket at game start (2026-06-13)?
Sooth_QGen#daecc98c5aee	Will the Kalshi YES mid-market price for Kansas City (Texas vs Kansas City) land in the 20-30¢ bucket at game start (2026-06-10)?
Sooth_QGen#daf547dc6eda	Will the Kalshi YES mid-market price for Los Angeles D (Los Angeles D vs Pittsburgh) land in the 70-80¢ bucket at game start (2026-06-09)?
Sooth_QGen#daf6f98b5410	Will the Kalshi YES mid-market price for Cincinnati (Cincinnati vs St. Louis) land in the 50-60¢ bucket at game start (2026-06-07)?
Sooth_QGen#db0644320cdf	Will the Kalshi YES mid-market price for Washington (Seattle vs Washington) land in the 60-70¢ bucket at game start (2026-06-12)?
Sooth_QGen#db10f423cccb	Will the Kalshi YES mid-market price for Philadelphia (Chicago WS vs Philadelphia) land in the 20-30¢ bucket at game start (2026-06-05)?
Sooth_QGen#db179ee0147a	Will the Kalshi YES mid-market price for New York M (New York M vs Seattle) land in the 80-90¢ bucket at game start (2026-06-03)?
Sooth_QGen#db42ca74c61f	Will the Kalshi YES mid-market price for Kansas City (Kansas City vs Minnesota) land in the 0-10¢ bucket at game start (2026-06-04)?
Sooth_QGen#db46ae5a3bbe	Will the Kalshi YES mid-market price for Pittsburgh (Minnesota vs Pittsburgh) land in the 40-50¢ bucket at game start (2026-05-31)?
Sooth_QGen#db481a85e8e0	Will the Kalshi YES mid-market price for Houston (Pittsburgh vs Houston) land in the 60-70¢ bucket at game start (2026-06-05)?
Sooth_QGen#db4fe837235d	Will the Kalshi YES mid-market price for Pittsburgh (Pittsburgh vs Atlanta) land in the 70-80¢ bucket at game start (2026-06-07)?
Sooth_QGen#db5925970900	Will the Kalshi YES mid-market price for Arizona (Arizona vs Miami) land in the 20-30¢ bucket at game start (2026-06-10)?
Sooth_QGen#db6540d04ad4	Will the Kalshi YES mid-market price for Chicago WS (Los Angeles D vs Chicago WS) land in the 30-40¢ bucket at game start (2026-06-12)?
Sooth_QGen#db66b437ecf2	Will the Kalshi YES mid-market price for Minnesota (Minnesota vs Pittsburgh) land in the 80-90¢ bucket at game start (2026-05-30)?
Sooth_QGen#db7c24241464	Will the Kalshi YES mid-market price for Chicago C (San Francisco vs Chicago C) land in the 80-90¢ bucket at game start (2026-06-08)?
Sooth_QGen#dba04855edfd	Will the Kalshi YES mid-market price for Chicago WS (Detroit vs Chicago WS) land in the 30-40¢ bucket at game start (2026-05-30)?
Sooth_QGen#dbafb6945d1c	Will the Kalshi YES mid-market price for New York M (Atlanta vs New York M) land in the 10-20¢ bucket at game start (2026-06-12)?
Sooth_QGen#dbbad700d1e8	Will the Kalshi YES mid-market price for San Diego (Philadelphia vs San Diego) land in the 90-100¢ bucket at game start (2026-05-27)?
Sooth_QGen#dbbe1e93444e	Will the Kalshi YES mid-market price for Los Angeles A (Houston vs Los Angeles A) land in the 70-80¢ bucket at game start (2026-06-10)?
Sooth_QGen#dbc7ef78cdd2	Will the Kalshi YES mid-market price for New York Y (New York Y vs A's) land in the 80-90¢ bucket at game start (2026-05-31)?
Sooth_QGen#dbcf9ef310d3	Will the Kalshi YES mid-market price for San Diego (San Diego vs Baltimore) land in the 90-100¢ bucket at game start (2026-06-14)?
Sooth_QGen#dbdd8509032b	Will the Kalshi YES mid-market price for Seattle (Arizona vs Seattle) land in the 80-90¢ bucket at game start (2026-05-30)?
Sooth_QGen#dbe30aa5df9b	Will the Kalshi YES mid-market price for Alexander Zverev (Will Alexander Zverev win the Mensik vs Zverev: Semifinal match) land in the 50-60¢ bucket at game start (2026-06-05)?
Sooth_QGen#dbe6c73d4a04	Will the Kalshi YES mid-market price for Toronto (Philadelphia vs Toronto) land in the 80-90¢ bucket at game start (2026-06-10)?
Sooth_QGen#dbebd2e47dbf	Will the Kalshi YES mid-market price for Los Angeles D (Los Angeles D vs Arizona) land in the 20-30¢ bucket at game start (2026-06-05)?
Sooth_QGen#dbed94c1ed64	Will the Kalshi YES mid-market price for Colorado (Chicago C vs Colorado) land in the 50-60¢ bucket at game start (2026-06-11)?
Sooth_QGen#dbf99d0ac5ce	Will the Kalshi YES mid-market price for Chicago C (Colorado vs Chicago C) land in the 50-60¢ bucket at game start (2026-06-16)?
Sooth_QGen#dc00896aeca7	Will the Kalshi YES mid-market price for Toronto (Baltimore vs Toronto) land in the 0-10¢ bucket at game start (2026-06-06)?
Sooth_QGen#dc020b2f8c85	Will the Kalshi YES mid-market price for Houston (Detroit vs Houston) land in the 30-40¢ bucket at game start (2026-06-16)?
Sooth_QGen#dc1d119b3f90	Will the Kalshi YES mid-market price for Texas (Texas vs St. Louis) land in the 30-40¢ bucket at game start (2026-06-03)?
Sooth_QGen#dc2c6688d407	Will the Kalshi YES mid-market price for Philadelphia (Philadelphia vs San Diego) land in the 10-20¢ bucket at game start (2026-05-27)?
Sooth_QGen#dc5c45aed029	Will the Kalshi YES mid-market price for Los Angeles D (Los Angeles A vs Los Angeles D) land in the 10-20¢ bucket at game start (2026-06-07)?
Sooth_QGen#dc6fee12f778	Will the Kalshi YES mid-market price for Cleveland (Boston vs Cleveland) land in the 10-20¢ bucket at game start (2026-05-29)?
Sooth_QGen#dc728540ac42	Will the Kalshi YES mid-market price for New York M (Miami vs New York M) land in the 20-30¢ bucket at game start (2026-05-30)?
Sooth_QGen#dc728fb5eb0e	Will the Kalshi YES mid-market price for Jakub Mensik (Will Jakub Mensik win the Mensik vs Zverev: Semifinal match) land in the 20-30¢ bucket at game start (2026-06-05)?
Sooth_QGen#dc7d3e29893a	Will the Kalshi YES mid-market price for Cincinnati (Cincinnati vs San Diego) land in the 0-10¢ bucket at game start (2026-06-09)?
Sooth_QGen#dc827027e22d	Will the Kalshi YES mid-market price for A's (New York Y vs A's) land in the 90-100¢ bucket at game start (2026-05-31)?
Sooth_QGen#dc8dee4bced0	Will the Kalshi YES mid-market price for Cleveland (New York Y vs Cleveland) land in the 40-50¢ bucket at game start (2026-06-08)?
Sooth_QGen#dc915602c57f	Will the Kalshi YES mid-market price for Atlanta (Toronto vs Atlanta) land in the 50-60¢ bucket at game start (2026-06-02)?
Sooth_QGen#dcaad92a2298	Will the Kalshi YES mid-market price for St. Louis (Texas vs St. Louis) land in the 70-80¢ bucket at game start (2026-06-01)?
Sooth_QGen#dcb30fb6d6a2	Will the Kalshi YES mid-market price for New York M (Atlanta vs New York M) land in the 90-100¢ bucket at game start (2026-06-14)?
Sooth_QGen#dcb77209a2b2	Will the Kalshi YES mid-market price for Seattle (Seattle vs A's) land in the 20-30¢ bucket at game start (2026-05-27)?
Sooth_QGen#dcb9faa25433	Will the Kalshi YES mid-market price for San Antonio (Game 2: New York at San Antonio) land in the 0-10¢ bucket at game start (2026-06-06)?
Sooth_QGen#dcd73aa65e1a	Will the Kalshi YES mid-market price for San Diego (Cincinnati vs San Diego) land in the 40-50¢ bucket at game start (2026-06-10)?
Sooth_QGen#dcf62e838265	Will the Kalshi YES mid-market price for Miami (Miami vs Philadelphia) land in the 20-30¢ bucket at game start (2026-06-15)?
Sooth_QGen#dd03bb88df47	Will the Kalshi YES mid-market price for Pittsburgh (Pittsburgh vs Houston) land in the 80-90¢ bucket at game start (2026-06-04)?
Sooth_QGen#dd0929da49a7	Will the Kalshi YES mid-market price for San Francisco (San Francisco vs Milwaukee) land in the 50-60¢ bucket at game start (2026-06-01)?
Sooth_QGen#dd33d4ebf47b	Will the Kalshi YES mid-market price for Philadelphia (San Diego vs Philadelphia) land in the 70-80¢ bucket at game start (2026-06-02)?
Sooth_QGen#dd445434a394	Will the Kalshi YES mid-market price for Kansas City (Texas vs Kansas City) land in the 90-100¢ bucket at game start (2026-06-10)?
Sooth_QGen#dd4cff24ab61	Will the Kalshi YES mid-market price for Miami (Miami vs Philadelphia) land in the 10-20¢ bucket at game start (2026-06-15)?
Sooth_QGen#dd6861216da5	Will the Kalshi YES mid-market price for Washington (San Diego vs Washington) land in the 10-20¢ bucket at game start (2026-05-30)?
Sooth_QGen#dd6d827ef18c	Will the Kalshi YES mid-market price for A's (Colorado vs A's) land in the 60-70¢ bucket at game start (2026-06-14)?
Sooth_QGen#dd71406d7196	Will the Kalshi YES mid-market price for Colorado (Colorado vs Los Angeles A) land in the 90-100¢ bucket at game start (2026-06-04)?
Sooth_QGen#dd83ca4cf58e	Will the Kalshi YES mid-market price for Toronto (Toronto vs Baltimore) land in the 20-30¢ bucket at game start (2026-05-29)?
Sooth_QGen#dda7d2754761	Will the Kalshi YES mid-market price for Toronto (Philadelphia vs Toronto) land in the 80-90¢ bucket at game start (2026-06-08)?
Sooth_QGen#dda7d6f29ad5	Will the Kalshi YES mid-market price for New York M (New York M vs Seattle) land in the 90-100¢ bucket at game start (2026-06-03)?
Sooth_QGen#ddc153797e98	Will the Kalshi YES mid-market price for Texas (Texas vs St. Louis) land in the 80-90¢ bucket at game start (2026-06-02)?
Sooth_QGen#ddc87b21330c	Will the Kalshi YES mid-market price for Seattle (Seattle vs Detroit) land in the 90-100¢ bucket at game start (2026-06-05)?
Sooth_QGen#ddf8c4156f43	Will the Kalshi YES mid-market price for Cincinnati (Atlanta vs Cincinnati) land in the 50-60¢ bucket at game start (2026-05-30)?
Sooth_QGen#de102bbcf5b3	Will the Kalshi YES mid-market price for Baltimore (Baltimore vs Toronto) land in the 30-40¢ bucket at game start (2026-06-06)?
Sooth_QGen#de1f8cec67be	Will the Kalshi YES mid-market price for Cleveland (Cleveland vs Texas) land in the 0-10¢ bucket at game start (2026-06-06)?
Sooth_QGen#de264dbb4f1f	Will the Kalshi YES mid-market price for Texas (Texas vs Boston) land in the 70-80¢ bucket at game start (2026-06-14)?
Sooth_QGen#de2fa668ed55	Will the Kalshi YES mid-market price for New York (Game 5: New York at San Antonio) land in the 40-50¢ bucket at game start (2026-06-14)?
Sooth_QGen#de5db1d268d9	Will the Kalshi YES mid-market price for Minnesota (Chicago WS vs Minnesota) land in the 90-100¢ bucket at game start (2026-06-01)?
Sooth_QGen#de5df03a09a3	Will the Kalshi YES mid-market price for San Francisco (Chicago C vs San Francisco) land in the 10-20¢ bucket at game start (2026-06-14)?
Sooth_QGen#de5f334a3297	Will the Kalshi YES mid-market price for Colorado (Colorado vs Chicago C) land in the 90-100¢ bucket at game start (2026-06-16)?
Sooth_QGen#de62aa65f879	Will the Kalshi YES mid-market price for Baltimore (Toronto vs Baltimore) land in the 30-40¢ bucket at game start (2026-05-29)?
Sooth_QGen#de78f93e8388	Will the Kalshi YES mid-market price for Minnesota (Chicago WS vs Minnesota) land in the 10-20¢ bucket at game start (2026-06-03)?
Sooth_QGen#de7dcb648f1c	Will the Kalshi YES mid-market price for San Francisco (San Francisco vs Colorado) land in the 30-40¢ bucket at game start (2026-05-30)?
Sooth_QGen#de83f480b0a1	Will the Kalshi YES mid-market price for Colorado (Chicago C vs Colorado) land in the 50-60¢ bucket at game start (2026-06-11)?
Sooth_QGen#de855b13b049	Will the Kalshi YES mid-market price for A's (Colorado vs A's) land in the 70-80¢ bucket at game start (2026-06-13)?
Sooth_QGen#deaa4fa16918	Will the Kalshi YES mid-market price for Colorado (Milwaukee vs Colorado) land in the 20-30¢ bucket at game start (2026-06-07)?
Sooth_QGen#deb758953091	Will the Kalshi YES mid-market price for Chicago WS (Detroit vs Chicago WS) land in the 0-10¢ bucket at game start (2026-05-29)?
Sooth_QGen#deb8372df775	Will the Kalshi YES mid-market price for Baltimore (Seattle vs Baltimore) land in the 90-100¢ bucket at game start (2026-06-09)?
Sooth_QGen#dee4bb3bfdca	Will the Kalshi YES mid-market price for Cincinnati (Arizona vs Cincinnati) land in the 50-60¢ bucket at game start (2026-06-13)?
Sooth_QGen#df1062b72a83	Will the Kalshi YES mid-market price for CAR Hurricanes (Game 5: Vegas at Carolina) land in the 0-10¢ bucket at game start (2026-06-12)?
Sooth_QGen#df35fc6dcb1e	Will the Kalshi YES mid-market price for Arizona (Los Angeles A vs Arizona) land in the 70-80¢ bucket at game start (2026-06-16)?
Sooth_QGen#df3a3e9bb963	Will the Kalshi YES mid-market price for Boston (Boston vs Tampa Bay) land in the 20-30¢ bucket at game start (2026-06-08)?
Sooth_QGen#df3d3d9118bd	Will the Kalshi YES mid-market price for Detroit (Seattle vs Detroit) land in the 50-60¢ bucket at game start (2026-06-07)?
Sooth_QGen#df4447fd6ec1	Will the Kalshi YES mid-market price for Los Angeles A (Los Angeles A vs Tampa Bay) land in the 70-80¢ bucket at game start (2026-05-31)?
Sooth_QGen#df611323f514	Will the Kalshi YES mid-market price for Houston (A's vs Houston) land in the 30-40¢ bucket at game start (2026-06-06)?
Sooth_QGen#df647b9b9a8e	Will the Kalshi YES mid-market price for Kansas City (Kansas City vs Washington) land in the 40-50¢ bucket at game start (2026-06-15)?
Sooth_QGen#df7471faf9f3	Will the Kalshi YES mid-market price for San Diego (Cincinnati vs San Diego) land in the 70-80¢ bucket at game start (2026-06-09)?
Sooth_QGen#df88d38520ea	Will the Kalshi YES mid-market price for Detroit (Detroit vs Houston) land in the 60-70¢ bucket at game start (2026-06-16)?
Sooth_QGen#dfd178f885f1	Will the Kalshi YES mid-market price for St. Louis (St. Louis vs Minnesota) land in the 40-50¢ bucket at game start (2026-06-13)?
Sooth_QGen#dfe4345a877f	Will the Kalshi YES mid-market price for Los Angeles D (Los Angeles D vs Pittsburgh) land in the 20-30¢ bucket at game start (2026-06-09)?
Sooth_QGen#e007d7c20e9e	Will the Kalshi YES mid-market price for Cincinnati (Cincinnati vs St. Louis) land in the 10-20¢ bucket at game start (2026-06-07)?
Sooth_QGen#e0224e857078	Will the Kalshi YES mid-market price for Baltimore (Toronto vs Baltimore) land in the 70-80¢ bucket at game start (2026-05-30)?
Sooth_QGen#e027abdc017f	Will the Kalshi YES mid-market price for San Antonio (Game 2: New York at San Antonio) land in the 50-60¢ bucket at game start (2026-06-06)?
Sooth_QGen#e027b2d82c0f	Will the Kalshi YES mid-market price for Colorado (Colorado vs Los Angeles A) land in the 20-30¢ bucket at game start (2026-06-02)?
Sooth_QGen#e0283a92816f	Will the Kalshi YES mid-market price for Los Angeles D (Los Angeles D vs Chicago WS) land in the 40-50¢ bucket at game start (2026-06-12)?
Sooth_QGen#e0340426da62	Will the Kalshi YES mid-market price for Baltimore (Baltimore vs Boston) land in the 30-40¢ bucket at game start (2026-06-03)?
Sooth_QGen#e04e31eb0ad2	Will the Kalshi YES mid-market price for Arizona (Arizona vs Seattle) land in the 30-40¢ bucket at game start (2026-05-31)?
Sooth_QGen#e0562e714907	Will the Kalshi YES mid-market price for Arizona (Washington vs Arizona) land in the 90-100¢ bucket at game start (2026-06-06)?
Sooth_QGen#e0688562bd20	Will the Kalshi YES mid-market price for Pittsburgh (Minnesota vs Pittsburgh) land in the 80-90¢ bucket at game start (2026-05-31)?
Sooth_QGen#e068d5abd5b6	Will the Kalshi YES mid-market price for Chicago WS (Detroit vs Chicago WS) land in the 70-80¢ bucket at game start (2026-05-30)?
Sooth_QGen#e06da499b642	Will the Kalshi YES mid-market price for San Francisco (San Francisco vs Milwaukee) land in the 50-60¢ bucket at game start (2026-06-03)?
Sooth_QGen#e06e045df8e4	Will the Kalshi YES mid-market price for VGK Golden Knights (Game 4: Carolina at Vegas) land in the 80-90¢ bucket at game start (2026-06-10)?
Sooth_QGen#e07eecc2076f	Will the Kalshi YES mid-market price for Boston (Boston vs New York Y) land in the 70-80¢ bucket at game start (2026-06-06)?
Sooth_QGen#e07f2ec2d488	Will the Kalshi YES mid-market price for St. Louis (St. Louis vs Minnesota) land in the 60-70¢ bucket at game start (2026-06-13)?
Sooth_QGen#e083e3449053	Will the Kalshi YES mid-market price for San Antonio (Game 1: New York at San Antonio) land in the 90-100¢ bucket at game start (2026-06-04)?
Sooth_QGen#e0888b41cb0b	Will the Kalshi YES mid-market price for Las Vegas (Will Las Vegas win the Miami vs Las Vegas Pro Football game) land in the 50-60¢ bucket at game start (2026-09-13)?
Sooth_QGen#e08ebbff58cb	Will the Kalshi YES mid-market price for San Diego (Cincinnati vs San Diego) land in the 60-70¢ bucket at game start (2026-06-09)?
Sooth_QGen#e09213d086fd	Will the Kalshi YES mid-market price for Cincinnati (Arizona vs Cincinnati) land in the 20-30¢ bucket at game start (2026-06-12)?
Sooth_QGen#e09a61ad7024	Will the Kalshi YES mid-market price for Los Angeles A (Houston vs Los Angeles A) land in the 40-50¢ bucket at game start (2026-06-10)?
Sooth_QGen#e0a7d7ba96d0	Will the Kalshi YES mid-market price for St. Louis (Chicago C vs St. Louis) land in the 70-80¢ bucket at game start (2026-05-29)?
Sooth_QGen#e0ca729fa16e	Will the Kalshi YES mid-market price for Chicago WS (Detroit vs Chicago WS) land in the 50-60¢ bucket at game start (2026-05-29)?
Sooth_QGen#e0e16437cd51	Will the Kalshi YES mid-market price for Houston (Houston vs Los Angeles A) land in the 30-40¢ bucket at game start (2026-06-09)?
Sooth_QGen#e0e60e5dc67a	Will the Kalshi YES mid-market price for Minnesota (Minnesota vs Texas) land in the 70-80¢ bucket at game start (2026-06-16)?
Sooth_QGen#e0f2c5da636d	Will the Kalshi YES mid-market price for Pittsburgh (Miami vs Pittsburgh) land in the 60-70¢ bucket at game start (2026-06-14)?
Sooth_QGen#e0f66dd6ac0b	Will the Kalshi YES mid-market price for New York M (New York M vs Seattle) land in the 50-60¢ bucket at game start (2026-06-03)?
Sooth_QGen#e12151731e3a	Will the Kalshi YES mid-market price for Pittsburgh (Pittsburgh vs Atlanta) land in the 70-80¢ bucket at game start (2026-06-06)?
Sooth_QGen#e124b0aad186	Will the Kalshi YES mid-market price for Toronto (Philadelphia vs Toronto) land in the 90-100¢ bucket at game start (2026-06-08)?
Sooth_QGen#e12d10df80b6	Will the Kalshi YES mid-market price for Boston (Boston vs Tampa Bay) land in the 60-70¢ bucket at game start (2026-06-09)?
Sooth_QGen#e1342895d7ce	Will the Kalshi YES mid-market price for Los Angeles D (Los Angeles A vs Los Angeles D) land in the 30-40¢ bucket at game start (2026-06-06)?
Sooth_QGen#e1368dc7b3b4	Will the Kalshi YES mid-market price for New York M (Atlanta vs New York M) land in the 40-50¢ bucket at game start (2026-06-14)?
Sooth_QGen#e13d26cb33e2	Will the Kalshi YES mid-market price for San Francisco (San Francisco vs Milwaukee) land in the 80-90¢ bucket at game start (2026-06-04)?
Sooth_QGen#e159519da47e	Will the Kalshi YES mid-market price for Baltimore (Toronto vs Baltimore) land in the 80-90¢ bucket at game start (2026-05-30)?
Sooth_QGen#e170e1dd4721	Will the Kalshi YES mid-market price for Pittsburgh (Los Angeles D vs Pittsburgh) land in the 50-60¢ bucket at game start (2026-06-09)?
Sooth_QGen#e174b2bf1945	Will the Kalshi YES mid-market price for Minnesota (Minnesota vs Detroit) land in the 70-80¢ bucket at game start (2026-06-11)?
Sooth_QGen#e179277dfb23	Will the Kalshi YES mid-market price for Arizona (Washington vs Arizona) land in the 50-60¢ bucket at game start (2026-06-06)?
Sooth_QGen#e18172aa57a8	Will the Kalshi YES mid-market price for Washington (Washington vs San Francisco) land in the 0-10¢ bucket at game start (2026-06-10)?
Sooth_QGen#e18b97bff3a5	Will the Kalshi YES mid-market price for San Diego (San Diego vs Washington) land in the 50-60¢ bucket at game start (2026-05-31)?
Sooth_QGen#e18c147b6a04	Will the Kalshi YES mid-market price for Detroit (Detroit vs Chicago WS) land in the 40-50¢ bucket at game start (2026-05-29)?
Sooth_QGen#e190386f3ca8	Will the Kalshi YES mid-market price for Jacksonville (Will Jacksonville win the Cleveland vs Jacksonville Pro Football game) land in the 0-10¢ bucket at game start (2026-09-13)?
Sooth_QGen#e1a5234ab373	Will the Kalshi YES mid-market price for A's (A's vs Chicago C) land in the 50-60¢ bucket at game start (2026-06-05)?
Sooth_QGen#e1ae7888b95f	Will the Kalshi YES mid-market price for Toronto (Toronto vs Atlanta) land in the 10-20¢ bucket at game start (2026-06-03)?
Sooth_QGen#e1b6c1a9568b	Will the Kalshi YES mid-market price for San Francisco (Washington vs San Francisco) land in the 70-80¢ bucket at game start (2026-06-10)?
Sooth_QGen#e1cf97172ec6	Will the Kalshi YES mid-market price for Baltimore (Baltimore vs Boston) land in the 70-80¢ bucket at game start (2026-06-04)?
Sooth_QGen#e1ddb2233daf	Will the Kalshi YES mid-market price for Texas (Cleveland vs Texas) land in the 80-90¢ bucket at game start (2026-06-07)?
Sooth_QGen#e1e14dc20e5d	Will the Kalshi YES mid-market price for Seattle (New York M vs Seattle) land in the 20-30¢ bucket at game start (2026-06-03)?
Sooth_QGen#e1e8ed411c71	Will the Kalshi YES mid-market price for Alexander Zverev (Will Alexander Zverev win the Mensik vs Zverev: Semifinal match) land in the 30-40¢ bucket at game start (2026-06-05)?
Sooth_QGen#e1ee4a0e7d90	Will the Kalshi YES mid-market price for Colorado (Colorado vs Los Angeles A) land in the 10-20¢ bucket at game start (2026-06-02)?
Sooth_QGen#e1fd9aa1cf11	Will the Kalshi YES mid-market price for Milwaukee (Milwaukee vs A's) land in the 30-40¢ bucket at game start (2026-06-11)?
Sooth_QGen#e20424ff44c6	Will the Polymarket YES price for 'Will the Senate pass a reconciliation bill by June 30, 2026?' be ≥ 75¢ at 12:00 UTC on June 2, 2026?
Sooth_QGen#e208fa795da1	Will the Kalshi YES mid-market price for A's (A's vs Chicago C) land in the 70-80¢ bucket at game start (2026-06-04)?
Sooth_QGen#e21827d14c93	Will the Kalshi YES mid-market price for San Francisco (Chicago C vs San Francisco) land in the 60-70¢ bucket at game start (2026-06-14)?
Sooth_QGen#e21baa8a9d49	Will the Kalshi YES mid-market price for New York (Game 3: San Antonio at New York) land in the 70-80¢ bucket at game start (2026-06-09)?
Sooth_QGen#e21d01888d8b	Will the Kalshi YES mid-market price for CAR Hurricanes (Game 3: Carolina at Vegas) land in the 10-20¢ bucket at game start (2026-06-07)?
Sooth_QGen#e225a6b5cca8	Will the Kalshi YES mid-market price for Detroit (Detroit vs Houston) land in the 90-100¢ bucket at game start (2026-06-16)?
Sooth_QGen#e239556fa5ae	Will the Kalshi YES mid-market price for Baltimore (Seattle vs Baltimore) land in the 20-30¢ bucket at game start (2026-06-11)?
Sooth_QGen#e25b97ea05c2	Will the Kalshi YES mid-market price for Minnesota (Minnesota vs Pittsburgh) land in the 40-50¢ bucket at game start (2026-05-30)?
Sooth_QGen#e27078f439a7	Will the Kalshi YES mid-market price for Houston (Milwaukee vs Houston) land in the 20-30¢ bucket at game start (2026-05-30)?
Sooth_QGen#e27ca79c82ed	Will the Kalshi YES mid-market price for New York M (New York M vs Seattle) land in the 30-40¢ bucket at game start (2026-06-03)?
Sooth_QGen#e28ec198cacc	Will the Kalshi YES mid-market price for Atlanta (Atlanta vs Cincinnati) land in the 0-10¢ bucket at game start (2026-05-30)?
Sooth_QGen#e299369b8fe6	Will the Kalshi YES mid-market price for St. Louis (St. Louis vs Minnesota) land in the 90-100¢ bucket at game start (2026-06-13)?
Sooth_QGen#e29a2f5b8319	Will the Kalshi YES mid-market price for Tampa Bay (Los Angeles A vs Tampa Bay) land in the 10-20¢ bucket at game start (2026-05-31)?
Sooth_QGen#e2b172972b28	Will the Kalshi YES mid-market price for Washington (Washington vs Arizona) land in the 60-70¢ bucket at game start (2026-06-06)?
Sooth_QGen#e2cedd20f8ba	Will the Kalshi YES mid-market price for Cincinnati (New York M vs Cincinnati) land in the 60-70¢ bucket at game start (2026-06-15)?
Sooth_QGen#e2dd7b1bfc64	Will the Kalshi YES mid-market price for Baltimore (Baltimore vs Boston) land in the 40-50¢ bucket at game start (2026-06-04)?
Sooth_QGen#e2edf6f0058f	Will the Kalshi YES mid-market price for Chicago WS (Chicago WS vs Philadelphia) land in the 10-20¢ bucket at game start (2026-06-07)?
Sooth_QGen#e313c632a0bb	Will the Kalshi YES mid-market price for Texas (Kansas City vs Texas) land in the 20-30¢ bucket at game start (2026-05-31)?
Sooth_QGen#e3378c0cfe0e	Will the Kalshi YES mid-market price for Boston (Baltimore vs Boston) land in the 50-60¢ bucket at game start (2026-06-03)?
Sooth_QGen#e348ff952502	Will the Kalshi YES mid-market price for Baltimore (Toronto vs Baltimore) land in the 70-80¢ bucket at game start (2026-05-31)?
Sooth_QGen#e3535a1cd6c5	Will the Kalshi YES mid-market price for Minnesota (Kansas City vs Minnesota) land in the 20-30¢ bucket at game start (2026-06-06)?
Sooth_QGen#e360f5d2659f	Will the Kalshi YES mid-market price for Houston (Houston vs Los Angeles A) land in the 0-10¢ bucket at game start (2026-06-10)?
Sooth_QGen#e3638a362627	Will the Kalshi YES mid-market price for Detroit (Minnesota vs Detroit) land in the 60-70¢ bucket at game start (2026-06-09)?
Sooth_QGen#e37b843b785e	Will the Kalshi YES mid-market price for Chicago WS (Detroit vs Chicago WS) land in the 60-70¢ bucket at game start (2026-05-31)?
Sooth_QGen#e37fe81afefb	Will the Kalshi YES mid-market price for Los Angeles D (Los Angeles D vs Arizona) land in the 70-80¢ bucket at game start (2026-06-04)?
Sooth_QGen#e3967132d738	Will the Kalshi YES mid-market price for Boston (Baltimore vs Boston) land in the 40-50¢ bucket at game start (2026-06-02)?
Sooth_QGen#e398d599b2a6	Will the Kalshi YES mid-market price for Seattle (Seattle vs Washington) land in the 0-10¢ bucket at game start (2026-06-14)?
Sooth_QGen#e399f437c439	Will the Kalshi YES mid-market price for Washington (Washington vs Arizona) land in the 60-70¢ bucket at game start (2026-06-06)?
Sooth_QGen#e39b78ad05b6	Will the Kalshi YES mid-market price for Colorado (Chicago C vs Colorado) land in the 70-80¢ bucket at game start (2026-06-10)?
Sooth_QGen#e3a237164b1a	Will the Kalshi YES mid-market price for Kansas City (Kansas City vs Cincinnati) land in the 50-60¢ bucket at game start (2026-06-01)?
Sooth_QGen#e3a68e6e28af	Will the Kalshi YES mid-market price for San Francisco (San Francisco vs Chicago C) land in the 70-80¢ bucket at game start (2026-06-08)?
Sooth_QGen#e3ab4cae7d1d	Will the Kalshi YES mid-market price for Kansas City (Kansas City vs Minnesota) land in the 60-70¢ bucket at game start (2026-06-06)?
Sooth_QGen#e3bc52a59ea0	Will the Kalshi YES mid-market price for New York Y (New York Y vs Cleveland) land in the 0-10¢ bucket at game start (2026-06-09)?
Sooth_QGen#e3cf7127e405	Will the Kalshi YES mid-market price for Baltimore (Baltimore vs Boston) land in the 0-10¢ bucket at game start (2026-06-02)?
Sooth_QGen#e3d173efdd2d	Will the Kalshi YES mid-market price for Houston (Pittsburgh vs Houston) land in the 30-40¢ bucket at game start (2026-06-04)?
Sooth_QGen#e3d3e82e009d	Will the Kalshi YES mid-market price for Detroit (Minnesota vs Detroit) land in the 50-60¢ bucket at game start (2026-06-09)?
Sooth_QGen#e3eb7aef2cd7	Will the Kalshi YES mid-market price for Baltimore (Baltimore vs Toronto) land in the 80-90¢ bucket at game start (2026-06-05)?
Sooth_QGen#e3f2c9e8bae5	Will the Kalshi YES mid-market price for Los Angeles A (Colorado vs Los Angeles A) land in the 50-60¢ bucket at game start (2026-06-03)?
Sooth_QGen#e404575e5265	Will the Kalshi YES mid-market price for Tampa Bay (Tampa Bay vs Miami) land in the 0-10¢ bucket at game start (2026-06-06)?
Sooth_QGen#e407cc6b8f41	Will the Kalshi YES mid-market price for Texas (Minnesota vs Texas) land in the 60-70¢ bucket at game start (2026-06-16)?
Sooth_QGen#e40c7a7c4cf2	Will the Kalshi YES mid-market price for Chicago C (San Francisco vs Chicago C) land in the 30-40¢ bucket at game start (2026-06-05)?
Sooth_QGen#e40ed658708a	Will the Kalshi YES mid-market price for A's (Seattle vs A's) land in the 70-80¢ bucket at game start (2026-05-27)?
Sooth_QGen#e413de8b18f9	Will the Kalshi YES mid-market price for San Antonio (Game 5: New York at San Antonio) land in the 80-90¢ bucket at game start (2026-06-14)?
Sooth_QGen#e417268b2ef0	Will the Kalshi YES mid-market price for Houston (Houston vs Los Angeles A) land in the 80-90¢ bucket at game start (2026-06-10)?
Sooth_QGen#e42508c10ed5	Will the Kalshi YES mid-market price for A's (A's vs Houston) land in the 10-20¢ bucket at game start (2026-06-06)?
Sooth_QGen#e42fb0a3a469	Will the Kalshi YES mid-market price for Colorado (Milwaukee vs Colorado) land in the 60-70¢ bucket at game start (2026-06-06)?
Sooth_QGen#e4503a349149	Will the Kalshi YES mid-market price for Detroit (Seattle vs Detroit) land in the 50-60¢ bucket at game start (2026-06-06)?
Sooth_QGen#e46b7873a480	Will the Kalshi YES mid-market price for Milwaukee (Philadelphia vs Milwaukee) land in the 40-50¢ bucket at game start (2026-06-14)?
Sooth_QGen#e46d4cb954d5	Will the Kalshi YES mid-market price for Arizona (Arizona vs Miami) land in the 90-100¢ bucket at game start (2026-06-10)?
Sooth_QGen#e47ec38b285b	Will the Kalshi YES mid-market price for Washington (Miami vs Washington) land in the 50-60¢ bucket at game start (2026-06-01)?
Sooth_QGen#e4822f22d244	Will the Kalshi YES mid-market price for Washington (Washington vs Arizona) land in the 0-10¢ bucket at game start (2026-06-07)?
Sooth_QGen#e48343890645	Will the Kalshi YES mid-market price for Colorado (San Francisco vs Colorado) land in the 0-10¢ bucket at game start (2026-05-31)?
Sooth_QGen#e485cb7b3ca4	Will the Kalshi YES mid-market price for San Diego (Cincinnati vs San Diego) land in the 30-40¢ bucket at game start (2026-06-10)?
Sooth_QGen#e49414b63b9e	Will the Kalshi YES mid-market price for Kansas City (Kansas City vs Minnesota) land in the 90-100¢ bucket at game start (2026-06-06)?
Sooth_QGen#e49be2da0e2f	Will the Kalshi YES mid-market price for New York Y (Boston vs New York Y) land in the 40-50¢ bucket at game start (2026-06-07)?
Sooth_QGen#e49edb92d131	Will the Kalshi YES mid-market price for Detroit (Detroit vs Cleveland) land in the 50-60¢ bucket at game start (2026-06-13)?
Sooth_QGen#e4a05e32e40c	Will the Kalshi YES mid-market price for Miami (Miami vs New York M) land in the 0-10¢ bucket at game start (2026-05-29)?
Sooth_QGen#e4adfa815079	Will the Kalshi YES mid-market price for Kansas City (Texas vs Kansas City) land in the 40-50¢ bucket at game start (2026-06-09)?
Sooth_QGen#e4b5ce665846	Will the Kalshi YES mid-market price for Milwaukee (Philadelphia vs Milwaukee) land in the 50-60¢ bucket at game start (2026-06-14)?
Sooth_QGen#e4ba8c779f00	Will the Kalshi YES mid-market price for Chicago C (Chicago C vs Colorado) land in the 10-20¢ bucket at game start (2026-06-11)?
Sooth_QGen#e4cacc041869	Will the Kalshi YES mid-market price for Chicago WS (Chicago WS vs Philadelphia) land in the 20-30¢ bucket at game start (2026-06-07)?
Sooth_QGen#e4cf3ee3b514	Will the Kalshi YES mid-market price for San Francisco (San Francisco vs Colorado) land in the 30-40¢ bucket at game start (2026-05-31)?
Sooth_QGen#e4d1a5248c1a	Will the Kalshi YES mid-market price for Texas (Texas vs St. Louis) land in the 90-100¢ bucket at game start (2026-06-01)?
Sooth_QGen#e4d52bba4efa	Will the Kalshi YES mid-market price for Los Angeles A (Los Angeles A vs Los Angeles D) land in the 60-70¢ bucket at game start (2026-06-06)?
Sooth_QGen#e4ded63da5f6	Will the Kalshi YES mid-market price for Milwaukee (Philadelphia vs Milwaukee) land in the 30-40¢ bucket at game start (2026-06-13)?
Sooth_QGen#e4ea8104088c	Will the Kalshi YES mid-market price for New York M (New York M vs San Diego) land in the 80-90¢ bucket at game start (2026-06-06)?
Sooth_QGen#e4ec8fa41ff5	Will the Kalshi YES mid-market price for Milwaukee (Milwaukee vs Houston) land in the 40-50¢ bucket at game start (2026-05-30)?
Sooth_QGen#e4fb75f5f9eb	Will the Kalshi YES mid-market price for Atlanta (Atlanta vs New York M) land in the 10-20¢ bucket at game start (2026-06-14)?
Sooth_QGen#e5015d011baa	Will the Kalshi YES mid-market price for Tampa Bay (Boston vs Tampa Bay) land in the 20-30¢ bucket at game start (2026-06-08)?
Sooth_QGen#e50320ea670f	Will the Kalshi YES mid-market price for Washington (Washington vs San Francisco) land in the 60-70¢ bucket at game start (2026-06-10)?
Sooth_QGen#e5033e3bc4f8	Will the Kalshi YES mid-market price for Chicago WS (Chicago WS vs Minnesota) land in the 40-50¢ bucket at game start (2026-06-01)?
Sooth_QGen#e5050c601e37	Will the Kalshi YES mid-market price for Arizona (Los Angeles D vs Arizona) land in the 10-20¢ bucket at game start (2026-06-03)?
Sooth_QGen#e5110076fe2f	Will the Kalshi YES mid-market price for New York J (Will New York J win the New York J vs Tennessee Pro Football game) land in the 40-50¢ bucket at game start (2026-09-13)?
Sooth_QGen#e5230e8c5e44	Will the Kalshi YES mid-market price for Miami (Arizona vs Miami) land in the 30-40¢ bucket at game start (2026-06-09)?
Sooth_QGen#e532183f0ca0	Will the Kalshi YES mid-market price for Tampa Bay (Tampa Bay vs Los Angeles A) land in the 30-40¢ bucket at game start (2026-06-14)?
Sooth_QGen#e53c9b474a61	Will the Kalshi YES mid-market price for San Francisco (San Francisco vs Chicago C) land in the 30-40¢ bucket at game start (2026-06-06)?
Sooth_QGen#e53d78c6b839	Will the Kalshi YES mid-market price for Miami (Miami vs Washington) land in the 90-100¢ bucket at game start (2026-06-03)?
Sooth_QGen#e542078a3cda	Will the Kalshi YES mid-market price for San Francisco (San Francisco vs Milwaukee) land in the 80-90¢ bucket at game start (2026-06-01)?
Sooth_QGen#e551981f4cc0	Will the Kalshi YES mid-market price for San Francisco (Chicago C vs San Francisco) land in the 50-60¢ bucket at game start (2026-06-13)?
Sooth_QGen#e55fe77436cf	Will the Kalshi YES mid-market price for Philadelphia (San Diego vs Philadelphia) land in the 80-90¢ bucket at game start (2026-06-04)?
Sooth_QGen#e5671948a03f	Will the Kalshi YES mid-market price for Milwaukee (Milwaukee vs Colorado) land in the 90-100¢ bucket at game start (2026-06-07)?
Sooth_QGen#e56bdeb3f6f5	Will the Kalshi YES mid-market price for Los Angeles A (Los Angeles A vs Los Angeles D) land in the 90-100¢ bucket at game start (2026-06-06)?
Sooth_QGen#e574ab6f7ee0	Will the Kalshi YES mid-market price for San Francisco (Washington vs San Francisco) land in the 0-10¢ bucket at game start (2026-06-10)?
Sooth_QGen#e58fe0a8b188	Will the Kalshi YES mid-market price for Philadelphia (Miami vs Philadelphia) land in the 80-90¢ bucket at game start (2026-06-15)?
Sooth_QGen#e5a7f261cd90	Will the Kalshi YES mid-market price for Detroit (Detroit vs Tampa Bay) land in the 80-90¢ bucket at game start (2026-06-03)?
Sooth_QGen#e5a7f7709c3a	Will the Kalshi YES mid-market price for Los Angeles C (Will Los Angeles C win the Arizona vs Los Angeles C Pro Football game) land in the 0-10¢ bucket at game start (2026-09-13)?
Sooth_QGen#e5addc283fd7	Will the Kalshi YES mid-market price for New York M (New York M vs Seattle) land in the 10-20¢ bucket at game start (2026-06-03)?
Sooth_QGen#e5b54b268305	Will the Kalshi YES mid-market price for Los Angeles A (Los Angeles A vs Los Angeles D) land in the 0-10¢ bucket at game start (2026-06-06)?
Sooth_QGen#e5bc9b7cef70	Will the Kalshi YES mid-market price for Tampa Bay (Tampa Bay vs Miami) land in the 0-10¢ bucket at game start (2026-06-07)?
Sooth_QGen#e5d5d0de8999	Will the Kalshi YES mid-market price for Arizona (Arizona vs Miami) land in the 30-40¢ bucket at game start (2026-06-10)?
Sooth_QGen#e5f0a8cfe7ab	Will the Kalshi YES mid-market price for Atlanta (Toronto vs Atlanta) land in the 20-30¢ bucket at game start (2026-06-02)?
Sooth_QGen#e5fc96d220fa	Will the Kalshi YES mid-market price for Miami (Arizona vs Miami) land in the 70-80¢ bucket at game start (2026-06-10)?
Sooth_QGen#e60a25e38061	Will the Kalshi YES mid-market price for Atlanta (Atlanta vs New York M) land in the 40-50¢ bucket at game start (2026-06-14)?
Sooth_QGen#e6181457f96c	Will the Kalshi YES mid-market price for Cleveland (Washington vs Cleveland) land in the 0-10¢ bucket at game start (2026-05-27)?
Sooth_QGen#e61c3c158da1	Will the Kalshi YES mid-market price for Los Angeles D (Los Angeles D vs Chicago WS) land in the 0-10¢ bucket at game start (2026-06-13)?
Sooth_QGen#e62d53aca0fa	Will the Kalshi YES mid-market price for Atlanta (Atlanta vs Chicago WS) land in the 70-80¢ bucket at game start (2026-06-09)?
Sooth_QGen#e64160d4bfe3	Will the Kalshi YES mid-market price for Tampa Bay (Detroit vs Tampa Bay) land in the 70-80¢ bucket at game start (2026-06-01)?
Sooth_QGen#e648a9968371	Will the Kalshi YES mid-market price for Philadelphia (Chicago WS vs Philadelphia) land in the 60-70¢ bucket at game start (2026-06-07)?
Sooth_QGen#e648dc6dd736	Will the Kalshi YES mid-market price for Boston (Texas vs Boston) land in the 0-10¢ bucket at game start (2026-06-12)?
Sooth_QGen#e64e5fba4fa8	Will the Kalshi YES mid-market price for Boston (Baltimore vs Boston) land in the 50-60¢ bucket at game start (2026-06-04)?
Sooth_QGen#e6620f25d6f9	Will the Kalshi YES mid-market price for Colorado (San Francisco vs Colorado) land in the 0-10¢ bucket at game start (2026-05-31)?
Sooth_QGen#e6641c77744e	Will the Kalshi YES mid-market price for A's (New York Y vs A's) land in the 10-20¢ bucket at game start (2026-05-31)?
Sooth_QGen#e69b4577593e	Will the Kalshi YES mid-market price for Atlanta (Atlanta vs Chicago WS) land in the 10-20¢ bucket at game start (2026-06-10)?
Sooth_QGen#e6ae9496a821	Will the Kalshi YES mid-market price for Tampa Bay (Boston vs Tampa Bay) land in the 50-60¢ bucket at game start (2026-06-08)?
Sooth_QGen#e6bf0a5091aa	Will the Kalshi YES mid-market price for Philadelphia (Philadelphia vs Toronto) land in the 10-20¢ bucket at game start (2026-06-10)?
Sooth_QGen#e6c7ef9191ae	Will the Kalshi YES mid-market price for New York Y (Boston vs New York Y) land in the 0-10¢ bucket at game start (2026-06-07)?
Sooth_QGen#e6ce03651ca3	Will the Kalshi YES mid-market price for Detroit (Will Detroit win the New Orleans vs Detroit Pro Football game) land in the 80-90¢ bucket at game start (2026-09-13)?
Sooth_QGen#e6d60074c16a	Will the Kalshi YES mid-market price for Los Angeles R (Will Los Angeles R win the San Francisco vs Los Angeles R Pro Football game) land in the 60-70¢ bucket at game start (2026-09-11)?
Sooth_QGen#e6fcead7b79b	Will the Kalshi YES mid-market price for Kansas City (Houston vs Kansas City) land in the 0-10¢ bucket at game start (2026-06-13)?
Sooth_QGen#e7078503a11d	Will the Kalshi YES mid-market price for Kansas City (Texas vs Kansas City) land in the 90-100¢ bucket at game start (2026-06-09)?
Sooth_QGen#e712af77f44d	Will the Kalshi YES mid-market price for Philadelphia (Philadelphia vs Los Angeles D) land in the 10-20¢ bucket at game start (2026-05-31)?
Sooth_QGen#e72f9c3b15e1	Will the Kalshi YES mid-market price for Tampa Bay (Tampa Bay vs Los Angeles A) land in the 10-20¢ bucket at game start (2026-06-14)?
Sooth_QGen#e730f05c05e8	Will the Kalshi YES mid-market price for Cincinnati (Cincinnati vs San Diego) land in the 50-60¢ bucket at game start (2026-06-10)?
Sooth_QGen#e73128407762	Will the Kalshi YES mid-market price for San Diego (Cincinnati vs San Diego) land in the 50-60¢ bucket at game start (2026-06-10)?
Sooth_QGen#e739966553a9	Will the Kalshi YES mid-market price for Philadelphia (San Diego vs Philadelphia) land in the 10-20¢ bucket at game start (2026-06-02)?
Sooth_QGen#e74ccb58cc0c	Will the Kalshi YES mid-market price for Seattle (Seattle vs Detroit) land in the 90-100¢ bucket at game start (2026-06-07)?
Sooth_QGen#e76996b4ec4b	Will the Kalshi YES mid-market price for Seattle (Seattle vs Washington) land in the 10-20¢ bucket at game start (2026-06-13)?
Sooth_QGen#e76bf94239e3	Will the Kalshi YES mid-market price for Pittsburgh (Los Angeles D vs Pittsburgh) land in the 70-80¢ bucket at game start (2026-06-11)?
Sooth_QGen#e79d371601ca	Will the Kalshi YES mid-market price for San Antonio (Game 4: San Antonio at New York) land in the 40-50¢ bucket at game start (2026-06-11)?
Sooth_QGen#e7a045b7a620	Will the Kalshi YES mid-market price for Detroit (Detroit vs Tampa Bay) land in the 70-80¢ bucket at game start (2026-06-02)?
Sooth_QGen#e7a36f32c272	Will the Kalshi YES mid-market price for A's (A's vs Houston) land in the 70-80¢ bucket at game start (2026-06-06)?
Sooth_QGen#e7a3aabecc71	Will the Kalshi YES mid-market price for Colorado (Colorado vs A's) land in the 30-40¢ bucket at game start (2026-06-13)?
Sooth_QGen#e7a93f5a4b45	Will the Kalshi YES mid-market price for Seattle (Seattle vs Baltimore) land in the 20-30¢ bucket at game start (2026-06-11)?
Sooth_QGen#e7c6dc483121	Will the Kalshi YES mid-market price for VGK Golden Knights (Game 5: Vegas at Carolina) land in the 80-90¢ bucket at game start (2026-06-12)?
Sooth_QGen#e7e2a459674b	Will the Kalshi YES mid-market price for Detroit (Detroit vs Houston) land in the 30-40¢ bucket at game start (2026-06-16)?
Sooth_QGen#e7f48d1dda49	Will the Kalshi YES mid-market price for Kansas City (Kansas City vs Minnesota) land in the 30-40¢ bucket at game start (2026-06-04)?
Sooth_QGen#e7f8707b6822	Will the Kalshi YES mid-market price for Pittsburgh (Pittsburgh vs Atlanta) land in the 40-50¢ bucket at game start (2026-06-07)?
Sooth_QGen#e806a48b33af	Will the Kalshi YES mid-market price for New York M (Atlanta vs New York M) land in the 50-60¢ bucket at game start (2026-06-12)?
Sooth_QGen#e80f2fdf768b	Will the Kalshi YES mid-market price for Seattle (Seattle vs Baltimore) land in the 0-10¢ bucket at game start (2026-06-10)?
Sooth_QGen#e839f6070293	Will the Kalshi YES mid-market price for Chicago C (Chicago C vs Colorado) land in the 0-10¢ bucket at game start (2026-06-11)?
Sooth_QGen#e83ea66cf0a2	Will the Kalshi YES mid-market price for Houston (A's vs Houston) land in the 70-80¢ bucket at game start (2026-06-07)?
Sooth_QGen#e84fb5842b88	Will the Kalshi YES mid-market price for San Diego (San Diego vs Philadelphia) land in the 90-100¢ bucket at game start (2026-06-03)?
Sooth_QGen#e8673f9f04ce	Will the Kalshi YES mid-market price for Los Angeles A (Tampa Bay vs Los Angeles A) land in the 30-40¢ bucket at game start (2026-06-13)?
Sooth_QGen#e8681691bee6	Will the Kalshi YES mid-market price for Detroit (Seattle vs Detroit) land in the 90-100¢ bucket at game start (2026-06-07)?
Sooth_QGen#e86b45dc5d84	Will the Kalshi YES mid-market price for Cincinnati (Cincinnati vs St. Louis) land in the 70-80¢ bucket at game start (2026-06-06)?
Sooth_QGen#e86cd5dfeada	Will the Kalshi YES mid-market price for San Diego (San Diego vs Washington) land in the 60-70¢ bucket at game start (2026-05-30)?
Sooth_QGen#e889d8e1d53e	Will the Kalshi YES mid-market price for Minnesota (Minnesota vs Detroit) land in the 70-80¢ bucket at game start (2026-06-09)?
Sooth_QGen#e88db6b7f80c	Will the Kalshi YES mid-market price for CAR Hurricanes (Game 3: Carolina at Vegas) land in the 30-40¢ bucket at game start (2026-06-07)?
Sooth_QGen#e8955bb62d28	Will the Kalshi YES mid-market price for Minnesota (Minnesota vs Texas) land in the 30-40¢ bucket at game start (2026-06-16)?
Sooth_QGen#e89d73ae8e45	Will the Kalshi YES mid-market price for Detroit (Detroit vs Chicago WS) land in the 40-50¢ bucket at game start (2026-05-31)?
Sooth_QGen#e8cd38e80d5a	Will the Kalshi YES mid-market price for Milwaukee (Milwaukee vs Houston) land in the 70-80¢ bucket at game start (2026-05-31)?
Sooth_QGen#e8dbf753dfeb	Will the Kalshi YES mid-market price for San Francisco (San Francisco vs Colorado) land in the 50-60¢ bucket at game start (2026-05-30)?
Sooth_QGen#e8e0209d5321	Will the Kalshi YES mid-market price for Detroit (Seattle vs Detroit) land in the 80-90¢ bucket at game start (2026-06-05)?
Sooth_QGen#e8f23ca65ea2	Will the Kalshi YES mid-market price for Pittsburgh (Minnesota vs Pittsburgh) land in the 40-50¢ bucket at game start (2026-05-30)?
Sooth_QGen#e8f3f0bec411	Will the Kalshi YES mid-market price for Baltimore (Baltimore vs Toronto) land in the 50-60¢ bucket at game start (2026-06-07)?
Sooth_QGen#e8f6b1dad811	Will the Kalshi YES mid-market price for New York (Game 4: San Antonio at New York) land in the 10-20¢ bucket at game start (2026-06-11)?
Sooth_QGen#e8f9b600b655	Will the Kalshi YES mid-market price for VGK Golden Knights (Game 2: Vegas at Carolina) land in the 20-30¢ bucket at game start (2026-06-05)?
Sooth_QGen#e91768ffe285	Will the Kalshi YES mid-market price for Washington (San Diego vs Washington) land in the 30-40¢ bucket at game start (2026-05-29)?
Sooth_QGen#e92cb3c5fcae	Will the Kalshi YES mid-market price for Washington (Kansas City vs Washington) land in the 0-10¢ bucket at game start (2026-06-15)?
Sooth_QGen#e93454b0fc85	Will the Kalshi YES mid-market price for Texas (Texas vs St. Louis) land in the 60-70¢ bucket at game start (2026-06-02)?
Sooth_QGen#e93ff26483e1	Will the Kalshi YES mid-market price for Cleveland (Cleveland vs New York Y) land in the 50-60¢ bucket at game start (2026-06-03)?
Sooth_QGen#e948d5107a53	Will the Kalshi YES mid-market price for Cleveland (Boston vs Cleveland) land in the 70-80¢ bucket at game start (2026-05-31)?
Sooth_QGen#e94cbbf3b84a	Will the Kalshi YES mid-market price for Houston (Houston vs Los Angeles A) land in the 40-50¢ bucket at game start (2026-06-10)?
Sooth_QGen#e955c9f30aff	Will the Kalshi YES mid-market price for Milwaukee (Philadelphia vs Milwaukee) land in the 20-30¢ bucket at game start (2026-06-13)?
Sooth_QGen#e96918f2f692	Will the Kalshi YES mid-market price for A's (A's vs Houston) land in the 10-20¢ bucket at game start (2026-06-07)?
Sooth_QGen#e99af3421eb0	Will the Kalshi YES mid-market price for Arizona (Arizona vs Miami) land in the 90-100¢ bucket at game start (2026-06-09)?
Sooth_QGen#e9a57839b5c7	Will the Kalshi YES mid-market price for Kansas City (Houston vs Kansas City) land in the 50-60¢ bucket at game start (2026-06-13)?
Sooth_QGen#e9b22245b4dc	Will the Kalshi YES mid-market price for Texas (Texas vs Kansas City) land in the 0-10¢ bucket at game start (2026-06-09)?
Sooth_QGen#e9b28dd14011	Will the Kalshi YES mid-market price for Toronto (Miami vs Toronto) land in the 0-10¢ bucket at game start (2026-05-27)?
Sooth_QGen#e9e3b9381f45	Will the Kalshi YES mid-market price for Buffalo (Will Buffalo win the Buffalo vs Houston Pro Football game) land in the 90-100¢ bucket at game start (2026-09-13)?
Sooth_QGen#e9e8b21f1e8e	Will the Kalshi YES mid-market price for Los Angeles D (Los Angeles D vs Arizona) land in the 50-60¢ bucket at game start (2026-06-04)?
Sooth_QGen#e9f51462ecf7	Will the Kalshi YES mid-market price for Texas (Cleveland vs Texas) land in the 30-40¢ bucket at game start (2026-06-07)?
Sooth_QGen#ea0aaa4205f6	Will the Kalshi YES mid-market price for Chicago WS (Atlanta vs Chicago WS) land in the 70-80¢ bucket at game start (2026-06-10)?
Sooth_QGen#ea26c218337c	Will the Kalshi YES mid-market price for Chicago WS (Detroit vs Chicago WS) land in the 0-10¢ bucket at game start (2026-05-30)?
Sooth_QGen#ea3a5a153006	Will the Kalshi YES mid-market price for Tampa Bay (Los Angeles A vs Tampa Bay) land in the 20-30¢ bucket at game start (2026-05-30)?
Sooth_QGen#ea3fb396fcd7	Will the Kalshi YES mid-market price for CAR Hurricanes (Game 2: Vegas at Carolina) land in the 70-80¢ bucket at game start (2026-06-05)?
Sooth_QGen#ea4282e1108b	Will the Kalshi YES mid-market price for Washington (San Diego vs Washington) land in the 20-30¢ bucket at game start (2026-05-29)?
Sooth_QGen#ea44cba338b6	Will the Kalshi YES mid-market price for Baltimore (Seattle vs Baltimore) land in the 20-30¢ bucket at game start (2026-06-09)?
Sooth_QGen#ea5e22887b11	Will the Kalshi YES mid-market price for New York M (New York M vs Seattle) land in the 40-50¢ bucket at game start (2026-06-02)?
Sooth_QGen#ea5f6b898f3d	Will the Kalshi YES mid-market price for Tampa Bay (Los Angeles A vs Tampa Bay) land in the 0-10¢ bucket at game start (2026-05-29)?
Sooth_QGen#ea6d96eb0c38	Will the Kalshi YES mid-market price for San Francisco (San Francisco vs Milwaukee) land in the 50-60¢ bucket at game start (2026-06-04)?
Sooth_QGen#ea6fc467c302	Will the Kalshi YES mid-market price for Philadelphia (Philadelphia vs Los Angeles D) land in the 20-30¢ bucket at game start (2026-05-31)?
Sooth_QGen#ea755d377121	Will the Kalshi YES mid-market price for Minnesota (Minnesota vs Pittsburgh) land in the 70-80¢ bucket at game start (2026-05-29)?
Sooth_QGen#ea96e6b13963	Will the Kalshi YES mid-market price for Cincinnati (Arizona vs Cincinnati) land in the 50-60¢ bucket at game start (2026-06-12)?
Sooth_QGen#eaa4c42843b3	Will the Kalshi YES mid-market price for New York (Game 1: New York at San Antonio) land in the 0-10¢ bucket at game start (2026-06-04)?
Sooth_QGen#eac1b4af1672	Will the Kalshi YES mid-market price for Toronto (Toronto vs Baltimore) land in the 80-90¢ bucket at game start (2026-05-30)?
Sooth_QGen#eac6c689c6c8	Will the Kalshi YES mid-market price for St. Louis (Cincinnati vs St. Louis) land in the 10-20¢ bucket at game start (2026-06-06)?
Sooth_QGen#eace37cb98f6	Will the Kalshi YES mid-market price for Kansas City (Houston vs Kansas City) land in the 80-90¢ bucket at game start (2026-06-13)?
Sooth_QGen#eafa8e62b370	Will the Kalshi YES mid-market price for Philadelphia (San Diego vs Philadelphia) land in the 20-30¢ bucket at game start (2026-06-04)?
Sooth_QGen#eb065fe974fb	Will the Kalshi YES mid-market price for San Antonio (Game 1: New York at San Antonio) land in the 10-20¢ bucket at game start (2026-06-04)?
Sooth_QGen#eb17833f739a	Will the Kalshi YES mid-market price for Las Vegas (Will Las Vegas win the Miami vs Las Vegas Pro Football game) land in the 40-50¢ bucket at game start (2026-09-13)?
Sooth_QGen#eb179923a214	Will the Kalshi YES mid-market price for Cleveland (Cleveland vs New York Y) land in the 10-20¢ bucket at game start (2026-06-04)?
Sooth_QGen#eb1cd621eaa3	Will the Kalshi YES mid-market price for A's (New York Y vs A's) land in the 50-60¢ bucket at game start (2026-05-30)?
Sooth_QGen#eb28451646fd	Will the Kalshi YES mid-market price for Toronto (New York Y vs Toronto) land in the 80-90¢ bucket at game start (2026-06-13)?
Sooth_QGen#eb2b393a64f7	Will the Kalshi YES mid-market price for Texas (Kansas City vs Texas) land in the 0-10¢ bucket at game start (2026-05-30)?
Sooth_QGen#eb2b5fe5c224	Will the Kalshi YES mid-market price for Washington (Washington vs Arizona) land in the 70-80¢ bucket at game start (2026-06-06)?
Sooth_QGen#eb2b9e91536a	Will the Kalshi YES mid-market price for Washington (Washington vs Arizona) land in the 10-20¢ bucket at game start (2026-06-06)?
Sooth_QGen#eb348ca4f1ae	Will the Kalshi YES mid-market price for Pittsburgh (Minnesota vs Pittsburgh) land in the 90-100¢ bucket at game start (2026-05-29)?
Sooth_QGen#eb385f782b02	Will the Kalshi YES mid-market price for New York M (New York M vs San Diego) land in the 40-50¢ bucket at game start (2026-06-07)?
Sooth_QGen#eb38cd6125a8	Will the Kalshi YES mid-market price for Los Angeles D (Los Angeles D vs Arizona) land in the 70-80¢ bucket at game start (2026-06-02)?
Sooth_QGen#eb40ac58f372	Will the Kalshi YES mid-market price for Miami (Miami vs New York M) land in the 70-80¢ bucket at game start (2026-05-29)?
Sooth_QGen#eb50a3160408	Will the Kalshi YES mid-market price for St. Louis (St. Louis vs New York M) land in the 80-90¢ bucket at game start (2026-06-09)?
Sooth_QGen#eb55cb063bbc	Will the Kalshi YES mid-market price for Los Angeles A (Los Angeles A vs Tampa Bay) land in the 80-90¢ bucket at game start (2026-05-30)?
Sooth_QGen#eb5ae4c05978	Will the Kalshi YES mid-market price for A's (Milwaukee vs A's) land in the 20-30¢ bucket at game start (2026-06-10)?
Sooth_QGen#eb653e1d7eb3	Will the Kalshi YES mid-market price for New York M (St. Louis vs New York M) land in the 0-10¢ bucket at game start (2026-06-11)?
Sooth_QGen#eb7248c8e327	Will the Kalshi YES mid-market price for Toronto (New York Y vs Toronto) land in the 30-40¢ bucket at game start (2026-06-14)?
Sooth_QGen#eb86f7abc7ac	Will the Kalshi YES mid-market price for Los Angeles A (Los Angeles A vs Tampa Bay) land in the 40-50¢ bucket at game start (2026-05-30)?
Sooth_QGen#eb882ca0c440	Will the Kalshi YES mid-market price for Kansas City (Kansas City vs Washington) land in the 50-60¢ bucket at game start (2026-06-15)?
Sooth_QGen#eba71dc0b3b1	Will the Kalshi YES mid-market price for Washington (San Diego vs Washington) land in the 90-100¢ bucket at game start (2026-05-31)?
Sooth_QGen#ebd41442a7ad	Will the Kalshi YES mid-market price for Toronto (Philadelphia vs Toronto) land in the 10-20¢ bucket at game start (2026-06-10)?
Sooth_QGen#ebd4433309c9	Will the Kalshi YES mid-market price for Washington (Seattle vs Washington) land in the 20-30¢ bucket at game start (2026-06-12)?
Sooth_QGen#ebd6aa016a45	Will Kalshi's Avalanche moneyline YES price be ≥ 60¢ at puck drop of NHL WCF Game 3 on May 24?
Sooth_QGen#ebde94b9224f	Will the Kalshi YES mid-market price for Seattle (Seattle vs Detroit) land in the 40-50¢ bucket at game start (2026-06-06)?
Sooth_QGen#ebdfd2f8cc92	Will the Kalshi YES mid-market price for Los Angeles D (Los Angeles D vs Pittsburgh) land in the 40-50¢ bucket at game start (2026-06-09)?
Sooth_QGen#ebe12e1e0111	Will the Kalshi YES mid-market price for Detroit (Detroit vs Chicago WS) land in the 50-60¢ bucket at game start (2026-05-31)?
Sooth_QGen#ebe74ecc4ea4	Will the Kalshi YES mid-market price for Minnesota (Kansas City vs Minnesota) land in the 50-60¢ bucket at game start (2026-06-07)?
Sooth_QGen#ebfab57c5f9e	Will the Kalshi YES mid-market price for San Diego (San Diego vs Philadelphia) land in the 50-60¢ bucket at game start (2026-06-04)?
Sooth_QGen#ebfdb4ad7202	Will the Kalshi YES mid-market price for Cleveland (Washington vs Cleveland) land in the 20-30¢ bucket at game start (2026-05-27)?
Sooth_QGen#ebff049365aa	Will the Kalshi YES mid-market price for CAR Hurricanes (Game 2: Vegas at Carolina) land in the 0-10¢ bucket at game start (2026-06-05)?
Sooth_QGen#ec09fc4e9674	Will the Kalshi YES mid-market price for Houston (Pittsburgh vs Houston) land in the 0-10¢ bucket at game start (2026-06-04)?
Sooth_QGen#ec0a76eb3e96	Will the Kalshi YES mid-market price for San Francisco (Washington vs San Francisco) land in the 80-90¢ bucket at game start (2026-06-09)?
Sooth_QGen#ec391b5b3219	Will the Kalshi YES mid-market price for Seattle (New York M vs Seattle) land in the 30-40¢ bucket at game start (2026-06-02)?
Sooth_QGen#ec3a6f79fe50	Will the Kalshi YES mid-market price for Switzerland to win their FIFA World Cup Group B match against Canada be at or above $0.47 at kickoff on June 24, 2026?
Sooth_QGen#ec40e67b9388	Will the Kalshi YES mid-market price for Boston (Boston vs Cleveland) land in the 90-100¢ bucket at game start (2026-05-29)?
Sooth_QGen#ec4f82f706ed	Will the Kalshi YES mid-market price for Chicago WS (Chicago WS vs Philadelphia) land in the 50-60¢ bucket at game start (2026-06-07)?
Sooth_QGen#ec59adede405	Will the Kalshi YES mid-market price for Kansas City (Kansas City vs Texas) land in the 0-10¢ bucket at game start (2026-05-30)?
Sooth_QGen#ec799f6a3db9	Will the Kalshi YES mid-market price for Chicago WS (Chicago WS vs Minnesota) land in the 40-50¢ bucket at game start (2026-06-02)?
Sooth_QGen#ec80a4628c8c	Will the Kalshi YES mid-market price for Atlanta (Pittsburgh vs Atlanta) land in the 60-70¢ bucket at game start (2026-06-07)?
Sooth_QGen#ec9160a927f9	Will the Kalshi YES mid-market price for Toronto (New York Y vs Toronto) land in the 90-100¢ bucket at game start (2026-06-12)?
Sooth_QGen#ec965243d8d1	Will the Kalshi YES mid-market price for A's (Pittsburgh vs A's) land in the 0-10¢ bucket at game start (2026-06-16)?
Sooth_QGen#ec98c6098bfb	Will the Kalshi YES mid-market price for A's (Colorado vs A's) land in the 0-10¢ bucket at game start (2026-06-14)?
Sooth_QGen#ec9c0e5dcd8f	Will the Kalshi YES mid-market price for New York M (Miami vs New York M) land in the 30-40¢ bucket at game start (2026-05-30)?
Sooth_QGen#ecaa26f77f64	Will the Kalshi YES mid-market price for Milwaukee (San Francisco vs Milwaukee) land in the 50-60¢ bucket at game start (2026-06-04)?
Sooth_QGen#ecb20a0be1c9	Will the Kalshi YES mid-market price for New York (Game 1: New York at San Antonio) land in the 80-90¢ bucket at game start (2026-06-04)?
Sooth_QGen#ecb243f4d1ad	Will the Kalshi YES mid-market price for Detroit (Detroit vs Cleveland) land in the 10-20¢ bucket at game start (2026-06-12)?
Sooth_QGen#ecb2dd963a65	Will the Kalshi YES mid-market price for Miami (Tampa Bay vs Miami) land in the 70-80¢ bucket at game start (2026-06-05)?
Sooth_QGen#ecba384eea11	Will the Kalshi YES mid-market price for Pittsburgh (Minnesota vs Pittsburgh) land in the 30-40¢ bucket at game start (2026-05-29)?
Sooth_QGen#ecbf2392b5d9	Will the Kalshi YES mid-market price for Houston (Pittsburgh vs Houston) land in the 20-30¢ bucket at game start (2026-06-03)?
Sooth_QGen#ecce78dcb984	Will the Kalshi YES mid-market price for Baltimore (Toronto vs Baltimore) land in the 10-20¢ bucket at game start (2026-05-31)?
Sooth_QGen#ecd4cb62dd12	Will the Kalshi YES mid-market price for Boston (Baltimore vs Boston) land in the 30-40¢ bucket at game start (2026-06-03)?
Sooth_QGen#ecdd039d3a9a	Will the Kalshi YES mid-market price for Houston (Houston vs Kansas City) land in the 40-50¢ bucket at game start (2026-06-13)?
Sooth_QGen#eceee33c3b0f	Will the Kalshi YES mid-market price for Washington (San Diego vs Washington) land in the 70-80¢ bucket at game start (2026-05-29)?
Sooth_QGen#ecf493e4397a	Will the Kalshi YES mid-market price for Tampa Bay (Tampa Bay vs Miami) land in the 40-50¢ bucket at game start (2026-06-07)?
Sooth_QGen#ed19b077e45b	Will the Kalshi YES mid-market price for Philadelphia (Will Philadelphia win the Washington vs Philadelphia Pro Football game) land in the 10-20¢ bucket at game start (2026-09-13)?
Sooth_QGen#ed1a7e0edee7	Will the Kalshi YES mid-market price for Chicago WS (Los Angeles D vs Chicago WS) land in the 50-60¢ bucket at game start (2026-06-14)?
Sooth_QGen#ed3182ee8ad5	Will the Kalshi YES mid-market price for Minnesota (Chicago WS vs Minnesota) land in the 10-20¢ bucket at game start (2026-06-01)?
Sooth_QGen#ed4d55fc766b	Will the Kalshi YES mid-market price for Washington (Miami vs Washington) land in the 20-30¢ bucket at game start (2026-06-03)?
Sooth_QGen#ed4e000d5ef0	Will the Kalshi YES mid-market price for Detroit (Seattle vs Detroit) land in the 40-50¢ bucket at game start (2026-06-05)?
Sooth_QGen#ed56d981fefe	Will the Kalshi YES mid-market price for Tennessee (Will Tennessee win the New York J vs Tennessee Pro Football game) land in the 40-50¢ bucket at game start (2026-09-13)?
Sooth_QGen#ed5b861277c6	Will the Kalshi YES mid-market price for Colorado (Colorado vs A's) land in the 10-20¢ bucket at game start (2026-06-14)?
Sooth_QGen#ed6d1bcae8dc	Will the Kalshi YES mid-market price for St. Louis (Cincinnati vs St. Louis) land in the 50-60¢ bucket at game start (2026-06-06)?
Sooth_QGen#ed7124253337	Will the Kalshi YES mid-market price for Philadelphia (Philadelphia vs Milwaukee) land in the 60-70¢ bucket at game start (2026-06-14)?
Sooth_QGen#ed7fbbf01751	Will the Kalshi YES mid-market price for Baltimore (Seattle vs Baltimore) land in the 40-50¢ bucket at game start (2026-06-10)?
Sooth_QGen#ed88ac70b98a	Will the Kalshi YES mid-market price for Cincinnati (Atlanta vs Cincinnati) land in the 10-20¢ bucket at game start (2026-05-31)?
Sooth_QGen#ed978d13b7b2	Will the Kalshi YES mid-market price for Texas (Texas vs St. Louis) land in the 10-20¢ bucket at game start (2026-06-01)?
Sooth_QGen#eda16bb59458	Will the Kalshi YES mid-market price for Cincinnati (Atlanta vs Cincinnati) land in the 60-70¢ bucket at game start (2026-05-30)?
Sooth_QGen#eda73d4d2ebb	Will the Kalshi YES mid-market price for Boston (Boston vs New York Y) land in the 50-60¢ bucket at game start (2026-06-05)?
Sooth_QGen#edb184e2b04c	Will the Kalshi YES mid-market price for Colorado (San Francisco vs Colorado) land in the 20-30¢ bucket at game start (2026-05-31)?
Sooth_QGen#edb87774c8bc	Will the Kalshi YES mid-market price for Washington (Miami vs Washington) land in the 80-90¢ bucket at game start (2026-06-02)?
Sooth_QGen#edc1fde54d15	Will the Kalshi YES mid-market price for A's (A's vs Chicago C) land in the 80-90¢ bucket at game start (2026-06-05)?
Sooth_QGen#edc2d73a980f	Will the Kalshi YES mid-market price for Los Angeles D (Philadelphia vs Los Angeles D) land in the 50-60¢ bucket at game start (2026-05-31)?
Sooth_QGen#edca2e88ce6d	Will the Kalshi YES mid-market price for Colorado (San Francisco vs Colorado) land in the 70-80¢ bucket at game start (2026-05-31)?
Sooth_QGen#ee12b8e3aa30	Will the Kalshi YES mid-market price for Boston (Boston vs Cleveland) land in the 30-40¢ bucket at game start (2026-05-30)?
Sooth_QGen#ee1d29b5c01e	Will the Kalshi YES mid-market price for Arizona (Arizona vs San Francisco) land in the 30-40¢ bucket at game start (2026-05-27)?
Sooth_QGen#ee23683631b9	Will the Kalshi YES mid-market price for Baltimore (Baltimore vs Boston) land in the 10-20¢ bucket at game start (2026-06-03)?
Sooth_QGen#ee61ac63b17e	Will the Kalshi YES mid-market price for Seattle (Seattle vs Detroit) land in the 10-20¢ bucket at game start (2026-06-06)?
Sooth_QGen#ee74f46b0e80	Will the Kalshi YES mid-market price for Atlanta (Atlanta vs New York M) land in the 60-70¢ bucket at game start (2026-06-12)?
Sooth_QGen#ee7724b0028a	Will the Kalshi YES mid-market price for Los Angeles D (Los Angeles A vs Los Angeles D) land in the 30-40¢ bucket at game start (2026-06-07)?
Sooth_QGen#ee7929d72854	Will the Kalshi YES mid-market price for Chicago C (Colorado vs Chicago C) land in the 20-30¢ bucket at game start (2026-06-16)?
Sooth_QGen#ee7a29b64b96	Will the Kalshi YES mid-market price for CAR Hurricanes (Game 6: Carolina at Vegas) land in the 30-40¢ bucket at game start (2026-06-15)?
Sooth_QGen#ee97cee4aaeb	Will the Kalshi YES mid-market price for Detroit (Seattle vs Detroit) land in the 70-80¢ bucket at game start (2026-06-06)?
Sooth_QGen#ee9eb2b54921	Will the Kalshi YES mid-market price for Houston (Houston vs Los Angeles A) land in the 0-10¢ bucket at game start (2026-06-11)?
Sooth_QGen#eebc66faefb6	Will the Kalshi YES mid-market price for Philadelphia (Miami vs Philadelphia) land in the 40-50¢ bucket at game start (2026-06-15)?
Sooth_QGen#eec5e088d2b6	Will the Kalshi YES mid-market price for Arizona (Washington vs Arizona) land in the 20-30¢ bucket at game start (2026-06-07)?
Sooth_QGen#eed988c08d3b	Will the Kalshi YES mid-market price for Texas (Texas vs Kansas City) land in the 80-90¢ bucket at game start (2026-06-10)?
Sooth_QGen#eedc4aee66c1	Will the Kalshi YES mid-market price for Texas (Cleveland vs Texas) land in the 70-80¢ bucket at game start (2026-06-06)?
Sooth_QGen#eee239fa4290	Will the Kalshi YES mid-market price for New York M (Miami vs New York M) land in the 20-30¢ bucket at game start (2026-05-31)?
Sooth_QGen#eee9430efe39	Will the Kalshi YES mid-market price for Los Angeles A (Los Angeles A vs Los Angeles D) land in the 40-50¢ bucket at game start (2026-06-07)?
Sooth_QGen#eeed3df41bf9	Will the Kalshi YES mid-market price for Chicago WS (Chicago WS vs Minnesota) land in the 70-80¢ bucket at game start (2026-06-03)?
Sooth_QGen#eef3de9665cf	Will the Kalshi YES mid-market price for Houston (Milwaukee vs Houston) land in the 30-40¢ bucket at game start (2026-05-31)?
Sooth_QGen#ef04b0d5f75b	Will the Kalshi YES mid-market price for Minnesota (Minnesota vs Pittsburgh) land in the 50-60¢ bucket at game start (2026-05-31)?
Sooth_QGen#ef09791e6de7	Will the Kalshi YES mid-market price for CAR Hurricanes (Game 4: Carolina at Vegas) land in the 90-100¢ bucket at game start (2026-06-10)?
Sooth_QGen#ef0a66a61c27	Will the Kalshi YES mid-market price for Boston (Boston vs New York Y) land in the 60-70¢ bucket at game start (2026-06-06)?
Sooth_QGen#ef0d3b887b67	Will the Kalshi YES mid-market price for Arizona (Los Angeles D vs Arizona) land in the 40-50¢ bucket at game start (2026-06-04)?
Sooth_QGen#ef18f4b4e907	Will the Kalshi YES mid-market price for VGK Golden Knights (Game 3: Carolina at Vegas) land in the 50-60¢ bucket at game start (2026-06-07)?
Sooth_QGen#ef2f0f6ab0ee	Will the Kalshi YES mid-market price for Los Angeles D (Los Angeles D vs Arizona) land in the 90-100¢ bucket at game start (2026-06-02)?
Sooth_QGen#ef3683a24a4e	Will the Kalshi YES mid-market price for Philadelphia (Philadelphia vs Los Angeles D) land in the 60-70¢ bucket at game start (2026-05-31)?
Sooth_QGen#ef3ce5884c2b	Will the Kalshi YES mid-market price for Philadelphia (Will Philadelphia win the Washington vs Philadelphia Pro Football game) land in the 60-70¢ bucket at game start (2026-09-13)?
Sooth_QGen#ef3f143977b7	Will the Kalshi YES mid-market price for Tampa Bay (Boston vs Tampa Bay) land in the 60-70¢ bucket at game start (2026-06-08)?
Sooth_QGen#ef43f556e18c	Will the Kalshi YES mid-market price for Toronto (Toronto vs Atlanta) land in the 40-50¢ bucket at game start (2026-06-04)?
Sooth_QGen#ef46756a5e15	Will the Kalshi YES mid-market price for Colorado (Milwaukee vs Colorado) land in the 60-70¢ bucket at game start (2026-06-07)?
Sooth_QGen#ef4f15e1b587	Will the Kalshi YES mid-market price for New York M (New York M vs Seattle) land in the 50-60¢ bucket at game start (2026-06-03)?
Sooth_QGen#ef5921db2ff6	Will the Kalshi YES mid-market price for Atlanta (Atlanta vs Chicago WS) land in the 40-50¢ bucket at game start (2026-06-11)?
Sooth_QGen#ef642d596c74	Will the Kalshi YES mid-market price for Tampa Bay (Boston vs Tampa Bay) land in the 0-10¢ bucket at game start (2026-06-08)?
Sooth_QGen#ef70bc0bed22	Will the Kalshi YES mid-market price for Colorado (San Francisco vs Colorado) land in the 80-90¢ bucket at game start (2026-05-31)?
Sooth_QGen#ef712c7319aa	Will the Kalshi YES mid-market price for Alexander Zverev (Will Alexander Zverev win the Mensik vs Zverev: Semifinal match) land in the 80-90¢ bucket at game start (2026-06-05)?
Sooth_QGen#ef7f0d3b5f79	Will the Kalshi YES mid-market price for New York (Game 1: New York at San Antonio) land in the 50-60¢ bucket at game start (2026-06-04)?
Sooth_QGen#ef8cff93c31c	Will the Kalshi YES mid-market price for Baltimore (Seattle vs Baltimore) land in the 60-70¢ bucket at game start (2026-06-10)?
Sooth_QGen#ef8df9690088	Will the Kalshi YES mid-market price for MTL Canadiens (Game 5: Montreal at Carolina) land in the 10-20¢ bucket at game start (2026-05-30)?
Sooth_QGen#ef9310853f16	Will the Kalshi YES mid-market price for Philadelphia (Philadelphia vs Toronto) land in the 0-10¢ bucket at game start (2026-06-08)?
Sooth_QGen#efc53d3d99ca	Will the Kalshi YES mid-market price for Minnesota (Kansas City vs Minnesota) land in the 60-70¢ bucket at game start (2026-06-06)?
Sooth_QGen#efcacb03eaa8	Will the Kalshi YES mid-market price for Seattle (Seattle vs A's) land in the 60-70¢ bucket at game start (2026-05-27)?
Sooth_QGen#efd7eedfcd42	Will the Kalshi YES mid-market price for Kansas City (Kansas City vs Minnesota) land in the 10-20¢ bucket at game start (2026-06-04)?
Sooth_QGen#efe34cf64adb	Will the Kalshi YES mid-market price for Cleveland (Detroit vs Cleveland) land in the 90-100¢ bucket at game start (2026-06-12)?
Sooth_QGen#eff75a5a87f0	Will the Kalshi YES mid-market price for Boston (Boston vs Tampa Bay) land in the 30-40¢ bucket at game start (2026-06-08)?
Sooth_QGen#eff77b01da69	Will the Kalshi YES mid-market price for Chicago WS (Chicago WS vs Minnesota) land in the 70-80¢ bucket at game start (2026-06-01)?
Sooth_QGen#f0267654d5c3	Will the Kalshi YES mid-market price for San Diego (San Diego vs Philadelphia) land in the 60-70¢ bucket at game start (2026-06-04)?
Sooth_QGen#f030c216362d	Will the Kalshi YES mid-market price for Arizona (Arizona vs Miami) land in the 80-90¢ bucket at game start (2026-06-11)?
Sooth_QGen#f032c3c1fa63	Will the Kalshi YES mid-market price for San Francisco (Chicago C vs San Francisco) land in the 30-40¢ bucket at game start (2026-06-14)?
Sooth_QGen#f04824a4b1aa	Will the Kalshi YES mid-market price for Atlanta (Atlanta vs Chicago WS) land in the 30-40¢ bucket at game start (2026-06-11)?
Sooth_QGen#f05103afff13	Will the Kalshi YES mid-market price for Chicago C (A's vs Chicago C) land in the 40-50¢ bucket at game start (2026-06-03)?
Sooth_QGen#f05e1d813c79	Will the Kalshi YES mid-market price for New York Y (Cleveland vs New York Y) land in the 50-60¢ bucket at game start (2026-06-03)?
Sooth_QGen#f065d45be2b5	Will the Kalshi YES mid-market price for San Francisco (San Francisco vs Colorado) land in the 20-30¢ bucket at game start (2026-05-31)?
Sooth_QGen#f069c0753f54	Will the Kalshi YES mid-market price for Los Angeles A (Tampa Bay vs Los Angeles A) land in the 60-70¢ bucket at game start (2026-06-14)?
Sooth_QGen#f0756007d7e7	Will the Kalshi YES mid-market price for Detroit (Minnesota vs Detroit) land in the 0-10¢ bucket at game start (2026-06-11)?
Sooth_QGen#f07d8ac6bf1a	Will the Kalshi YES mid-market price for Toronto (Miami vs Toronto) land in the 30-40¢ bucket at game start (2026-05-27)?
Sooth_QGen#f0914c2b621c	Will the Kalshi YES mid-market price for Philadelphia (Chicago WS vs Philadelphia) land in the 0-10¢ bucket at game start (2026-06-05)?
Sooth_QGen#f09fd60705e4	Will the Kalshi YES mid-market price for Washington (San Diego vs Washington) land in the 0-10¢ bucket at game start (2026-05-29)?
Sooth_QGen#f0b0ea9f48c7	Will the Kalshi YES mid-market price for Baltimore (San Diego vs Baltimore) land in the 30-40¢ bucket at game start (2026-06-14)?
Sooth_QGen#f0dede491375	Will the Kalshi YES mid-market price for San Francisco (San Francisco vs Colorado) land in the 50-60¢ bucket at game start (2026-05-31)?
Sooth_QGen#f0efa4a4b84a	Will the Kalshi YES mid-market price for New York M (St. Louis vs New York M) land in the 30-40¢ bucket at game start (2026-06-11)?
Sooth_QGen#f0f26f3542ea	Will the Kalshi YES mid-market price for Miami (Will Miami win the Miami vs Las Vegas Pro Football game) land in the 20-30¢ bucket at game start (2026-09-13)?
Sooth_QGen#f1008939293d	Will the Kalshi YES mid-market price for Carolina Hurricanes ML in ECF Game 4 vs. Montreal be ≥ 57¢ at first puck on May 27?
Sooth_QGen#f10282d3e9c5	Will the Kalshi YES mid-market price for the Carolina Hurricanes to win the 2026 Stanley Cup be ≥ 35¢ at 20:00 UTC on June 2, 2026?
Sooth_QGen#f11ca8bfa89f	Will the Kalshi YES mid-market price for Los Angeles D (Philadelphia vs Los Angeles D) land in the 10-20¢ bucket at game start (2026-05-30)?
Sooth_QGen#f11ee7d8d9fc	Will the Kalshi YES mid-market price for Atlanta (Atlanta vs Chicago WS) land in the 10-20¢ bucket at game start (2026-06-11)?
Sooth_QGen#f12084b7a4b1	Will the Kalshi YES mid-market price for Philadelphia (Chicago WS vs Philadelphia) land in the 40-50¢ bucket at game start (2026-06-05)?
Sooth_QGen#f132907e931a	Will the Kalshi YES mid-market price for Miami (Miami vs Washington) land in the 50-60¢ bucket at game start (2026-06-01)?
Sooth_QGen#f1381d752799	Will the Kalshi YES mid-market price for Miami (Miami vs Pittsburgh) land in the 80-90¢ bucket at game start (2026-06-13)?
Sooth_QGen#f145bc37f6fc	Will the Kalshi YES mid-market price for Philadelphia (Philadelphia vs Milwaukee) land in the 0-10¢ bucket at game start (2026-06-14)?
Sooth_QGen#f14b3ffc4890	Will the Kalshi YES mid-market price for Minnesota (St. Louis vs Minnesota) land in the 40-50¢ bucket at game start (2026-06-13)?
Sooth_QGen#f15518dbfdc2	Will the Kalshi YES mid-market price for Chicago WS (Los Angeles D vs Chicago WS) land in the 80-90¢ bucket at game start (2026-06-12)?
Sooth_QGen#f1798ea3aa87	Will the Kalshi YES mid-market price for Tampa Bay (Tampa Bay vs Los Angeles A) land in the 10-20¢ bucket at game start (2026-06-13)?
Sooth_QGen#f17c3e5299bc	Will the Kalshi YES mid-market price for Baltimore (Seattle vs Baltimore) land in the 70-80¢ bucket at game start (2026-06-11)?
Sooth_QGen#f18e8452eed9	Will the Kalshi YES mid-market price for Texas (Cleveland vs Texas) land in the 50-60¢ bucket at game start (2026-06-07)?
Sooth_QGen#f1a0d450a4c5	Will the Kalshi YES mid-market price for San Diego (San Diego vs Washington) land in the 0-10¢ bucket at game start (2026-05-30)?
Sooth_QGen#f1aadf5a648c	Will the Kalshi YES mid-market price for Arizona (Will Arizona win the Arizona vs Los Angeles C Pro Football game) land in the 60-70¢ bucket at game start (2026-09-13)?
Sooth_QGen#f1ac91cac12a	Will the Kalshi YES mid-market price for Houston (Houston vs Kansas City) land in the 70-80¢ bucket at game start (2026-06-13)?
Sooth_QGen#f1bd82e87a92	Will the Kalshi YES mid-market price for Arizona (Arizona vs Miami) land in the 50-60¢ bucket at game start (2026-06-10)?
Sooth_QGen#f1bd9aa9e8d1	Will the Kalshi YES mid-market price for Los Angeles D (Tampa Bay vs Los Angeles D) land in the 30-40¢ bucket at game start (2026-06-16)?
Sooth_QGen#f1be475cca8c	Will the Kalshi YES mid-market price for Milwaukee (Milwaukee vs A's) land in the 90-100¢ bucket at game start (2026-06-09)?
Sooth_QGen#f1c3191730e4	Will the Kalshi YES mid-market price for Atlanta (Will Atlanta win the Atlanta vs Pittsburgh Pro Football game) land in the 0-10¢ bucket at game start (2026-09-13)?
Sooth_QGen#f1d03e010a08	Will the Kalshi YES mid-market price for Milwaukee (San Francisco vs Milwaukee) land in the 20-30¢ bucket at game start (2026-06-01)?
Sooth_QGen#f1e658a71c29	Will the Kalshi YES mid-market price for Pittsburgh (Minnesota vs Pittsburgh) land in the 50-60¢ bucket at game start (2026-05-30)?
Sooth_QGen#f1eac0d9bc35	Will the Kalshi YES mid-market price for Minnesota (St. Louis vs Minnesota) land in the 40-50¢ bucket at game start (2026-06-14)?
Sooth_QGen#f1f0e8e44d9d	Will the Kalshi YES mid-market price for CAR Hurricanes (Game 5: Vegas at Carolina) land in the 10-20¢ bucket at game start (2026-06-12)?
Sooth_QGen#f1f254a0d040	Will the Kalshi YES mid-market price for Minnesota (Minnesota vs Pittsburgh) land in the 20-30¢ bucket at game start (2026-05-31)?
Sooth_QGen#f1fba1732fb4	Will the Kalshi YES mid-market price for Carolina Hurricanes to win Game 4 vs Montreal be ≥ 56¢ at puck drop on May 27, 2026?
Sooth_QGen#f20e2bea52df	Will the Kalshi YES mid-market price for New York M (Miami vs New York M) land in the 50-60¢ bucket at game start (2026-05-29)?
Sooth_QGen#f20eb204ef5f	Will the Kalshi YES mid-market price for Texas (Kansas City vs Texas) land in the 80-90¢ bucket at game start (2026-05-30)?
Sooth_QGen#f2126ca950dc	Will the Kalshi YES mid-market price for Chicago WS (Detroit vs Chicago WS) land in the 10-20¢ bucket at game start (2026-05-31)?
Sooth_QGen#f219e044da78	Will the Kalshi YES mid-market price for Washington (Miami vs Washington) land in the 80-90¢ bucket at game start (2026-06-01)?
Sooth_QGen#f25ea2947c7f	Will the Kalshi YES mid-market price for Texas (Texas vs St. Louis) land in the 0-10¢ bucket at game start (2026-06-03)?
Sooth_QGen#f2718f9748a3	Will the Kalshi YES mid-market price for Los Angeles D (Los Angeles D vs Pittsburgh) land in the 90-100¢ bucket at game start (2026-06-09)?
Sooth_QGen#f2842fd02c2a	Will the Kalshi YES mid-market price for Toronto (Philadelphia vs Toronto) land in the 10-20¢ bucket at game start (2026-06-09)?
Sooth_QGen#f289831ace62	Will the Kalshi YES mid-market price for St. Louis (Texas vs St. Louis) land in the 40-50¢ bucket at game start (2026-06-03)?
Sooth_QGen#f28b4b8b0472	Will the Kalshi YES mid-market price for Milwaukee (San Francisco vs Milwaukee) land in the 10-20¢ bucket at game start (2026-06-02)?
Sooth_QGen#f2982a5252b8	Will the Kalshi YES mid-market price for Los Angeles A (Tampa Bay vs Los Angeles A) land in the 70-80¢ bucket at game start (2026-06-14)?
Sooth_QGen#f2a38d7c4e71	Will the Kalshi YES mid-market price for Houston (Houston vs Kansas City) land in the 60-70¢ bucket at game start (2026-06-14)?
Sooth_QGen#f2a5386b0e34	Will the Kalshi YES mid-market price for Los Angeles A (Colorado vs Los Angeles A) land in the 40-50¢ bucket at game start (2026-06-02)?
Sooth_QGen#f2a6def0f4b5	Will the Kalshi YES mid-market price for Jakub Mensik (Will Jakub Mensik win the Mensik vs Zverev: Semifinal match) land in the 10-20¢ bucket at game start (2026-06-05)?
Sooth_QGen#f2cf19bc3816	Will the Kalshi YES mid-market price for Kansas City (Kansas City vs Minnesota) land in the 10-20¢ bucket at game start (2026-06-06)?
Sooth_QGen#f2e007cf5f92	Will the Kalshi YES mid-market price for Pittsburgh (Miami vs Pittsburgh) land in the 60-70¢ bucket at game start (2026-06-13)?
Sooth_QGen#f2e0d8afd82c	Will the Kalshi YES mid-market price for Washington (Miami vs Washington) land in the 50-60¢ bucket at game start (2026-06-03)?
Sooth_QGen#f2e9cdfe7829	Will the Kalshi YES mid-market price for St. Louis (St. Louis vs Milwaukee) land in the 70-80¢ bucket at game start (2026-05-27)?
Sooth_QGen#f2f2821a2746	Will the Kalshi YES mid-market price for Arizona (Los Angeles D vs Arizona) land in the 60-70¢ bucket at game start (2026-06-02)?
Sooth_QGen#f2f4189b1fcc	Will the Kalshi YES mid-market price for Baltimore (Seattle vs Baltimore) land in the 20-30¢ bucket at game start (2026-06-10)?
Sooth_QGen#f30771fc540b	Will the Kalshi YES mid-market price for Baltimore (Baltimore vs Boston) land in the 60-70¢ bucket at game start (2026-06-02)?
Sooth_QGen#f31198c5ef3d	Will the Kalshi YES mid-market price for Houston (Houston vs Kansas City) land in the 60-70¢ bucket at game start (2026-06-13)?
Sooth_QGen#f313145bd930	Will the Kalshi YES mid-market price for Boston (Boston vs Tampa Bay) land in the 80-90¢ bucket at game start (2026-06-09)?
Sooth_QGen#f3181e0b3977	Will the Kalshi YES mid-market price for New England (Will New England win the New England vs Seattle Pro Football game) land in the 10-20¢ bucket at game start (2026-09-09)?
Sooth_QGen#f32701fe2d32	Will the Kalshi YES mid-market price for Los Angeles D (Los Angeles A vs Los Angeles D) land in the 60-70¢ bucket at game start (2026-06-06)?
Sooth_QGen#f33ad0f91b44	Will the Kalshi YES mid-market price for Seattle (Seattle vs Baltimore) land in the 30-40¢ bucket at game start (2026-06-10)?
Sooth_QGen#f33f95bc6538	Will the Kalshi YES mid-market price for Atlanta (Atlanta vs New York M) land in the 0-10¢ bucket at game start (2026-06-14)?
Sooth_QGen#f354286d4c14	Will the Kalshi YES mid-market price for Milwaukee (Milwaukee vs Houston) land in the 90-100¢ bucket at game start (2026-05-30)?
Sooth_QGen#f365a202fbe6	Will the Kalshi YES mid-market price for Minnesota (St. Louis vs Minnesota) land in the 30-40¢ bucket at game start (2026-06-13)?
Sooth_QGen#f367d08f9e74	Will the Kalshi YES mid-market price for Cincinnati (Cincinnati vs St. Louis) land in the 50-60¢ bucket at game start (2026-06-06)?
Sooth_QGen#f3741cbae3c1	Will the Kalshi YES mid-market price for Minnesota (St. Louis vs Minnesota) land in the 60-70¢ bucket at game start (2026-06-14)?
Sooth_QGen#f375a0190331	Will the Kalshi YES mid-market price for Houston (A's vs Houston) land in the 0-10¢ bucket at game start (2026-06-06)?
Sooth_QGen#f37776b9ea59	Will the Kalshi YES mid-market price for Baltimore (Toronto vs Baltimore) land in the 90-100¢ bucket at game start (2026-05-31)?
Sooth_QGen#f38f211e3b86	Will the Kalshi YES mid-market price for Arizona (Arizona vs Cincinnati) land in the 0-10¢ bucket at game start (2026-06-13)?
Sooth_QGen#f39f2a4977c7	Will the Kalshi YES mid-market price for Seattle (New York M vs Seattle) land in the 0-10¢ bucket at game start (2026-06-03)?
Sooth_QGen#f3a9d666eac9	Will the Kalshi YES mid-market price for San Diego (San Diego vs Baltimore) land in the 30-40¢ bucket at game start (2026-06-14)?
Sooth_QGen#f3af83cbca34	Will the Kalshi YES mid-market price for VGK Golden Knights (Game 2: Vegas at Carolina) land in the 80-90¢ bucket at game start (2026-06-05)?
Sooth_QGen#f3bae24be3f4	Will the Kalshi YES mid-market price for Houston (Milwaukee vs Houston) land in the 40-50¢ bucket at game start (2026-05-31)?
Sooth_QGen#f3bc9c9f2a4a	Will the Kalshi YES mid-market price for Milwaukee (San Francisco vs Milwaukee) land in the 60-70¢ bucket at game start (2026-06-03)?
Sooth_QGen#f3cb7e70f07f	Will the Kalshi YES mid-market price for San Diego (San Diego vs Philadelphia) land in the 10-20¢ bucket at game start (2026-06-02)?
Sooth_QGen#f3cdb32bb536	Will the Kalshi YES mid-market price for New York M (New York M vs Seattle) land in the 90-100¢ bucket at game start (2026-06-02)?
Sooth_QGen#f3cfa155d8d0	Will the Kalshi YES mid-market price for Toronto (New York Y vs Toronto) land in the 80-90¢ bucket at game start (2026-06-14)?
Sooth_QGen#f3eafec97a87	Will the Kalshi YES mid-market price for VGK Golden Knights (Game 6: Carolina at Vegas) land in the 0-10¢ bucket at game start (2026-06-15)?
Sooth_QGen#f3f0c8b67efc	Will the Kalshi YES mid-market price for San Francisco (Chicago C vs San Francisco) land in the 40-50¢ bucket at game start (2026-06-14)?
Sooth_QGen#f42a116aedb9	Will the Kalshi YES mid-market price for Los Angeles D (Los Angeles D vs Arizona) land in the 70-80¢ bucket at game start (2026-06-03)?
Sooth_QGen#f42a199e0aae	Will the Kalshi YES mid-market price for Miami (Miami vs Pittsburgh) land in the 60-70¢ bucket at game start (2026-06-14)?
Sooth_QGen#f42acf37044b	Will the Kalshi YES mid-market price for New York M (St. Louis vs New York M) land in the 10-20¢ bucket at game start (2026-06-11)?
Sooth_QGen#f43191677bc4	Will the Kalshi YES mid-market price for San Diego (San Diego vs Baltimore) land in the 50-60¢ bucket at game start (2026-06-13)?
Sooth_QGen#f434c64504c4	Will the Kalshi YES mid-market price for San Francisco (Washington vs San Francisco) land in the 0-10¢ bucket at game start (2026-06-09)?
Sooth_QGen#f44e776540c6	Will the Kalshi YES mid-market price for Pittsburgh (Miami vs Pittsburgh) land in the 40-50¢ bucket at game start (2026-06-12)?
Sooth_QGen#f44edc293774	Will the Kalshi YES mid-market price for Milwaukee (Milwaukee vs A's) land in the 80-90¢ bucket at game start (2026-06-10)?
Sooth_QGen#f457e23fccc2	Will the Kalshi YES mid-market price for Cleveland (Detroit vs Cleveland) land in the 30-40¢ bucket at game start (2026-06-14)?
Sooth_QGen#f45d17b94e4a	Will the Kalshi YES mid-market price for New York Y (New York Y vs Toronto) land in the 80-90¢ bucket at game start (2026-06-13)?
Sooth_QGen#f45d27eb9d60	Will the Kalshi YES mid-market price for Los Angeles D (Los Angeles D vs Arizona) land in the 20-30¢ bucket at game start (2026-06-02)?
Sooth_QGen#f4929741054c	Will the Kalshi YES mid-market price for San Francisco (San Francisco vs Colorado) land in the 50-60¢ bucket at game start (2026-05-31)?
Sooth_QGen#f4a4081dcfb1	Will the Kalshi YES mid-market price for A's (Milwaukee vs A's) land in the 90-100¢ bucket at game start (2026-06-11)?
Sooth_QGen#f4a6184e384b	Will the Kalshi YES mid-market price for Colorado (Colorado vs Los Angeles A) land in the 0-10¢ bucket at game start (2026-06-03)?
Sooth_QGen#f4caff6f0dcc	Will the Kalshi YES mid-market price for San Diego (San Diego vs Baltimore) land in the 40-50¢ bucket at game start (2026-06-14)?
Sooth_QGen#f4cc158c613d	Will the Kalshi YES mid-market price for CAR Hurricanes (Game 1: Vegas at Carolina) land in the 30-40¢ bucket at game start (2026-06-03)?
Sooth_QGen#f4ccd05157b6	Will the Kalshi YES mid-market price for New York Y (New York Y vs Cleveland) land in the 10-20¢ bucket at game start (2026-06-10)?
Sooth_QGen#f4ce72406af6	Will the Kalshi YES mid-market price for Philadelphia (Philadelphia vs Los Angeles D) land in the 30-40¢ bucket at game start (2026-05-30)?
Sooth_QGen#f4cfddafb3df	Will the Kalshi YES mid-market price for New York M (Atlanta vs New York M) land in the 80-90¢ bucket at game start (2026-06-14)?
Sooth_QGen#f4dc40f6c4f1	Will the Kalshi YES mid-market price for Houston (Will Houston win the Buffalo vs Houston Pro Football game) land in the 10-20¢ bucket at game start (2026-09-13)?
Sooth_QGen#f4e1ec6e4aea	Will the Kalshi YES mid-market price for A's (Colorado vs A's) land in the 20-30¢ bucket at game start (2026-06-14)?
Sooth_QGen#f4e739e94938	Will the Kalshi YES mid-market price for A's (New York Y vs A's) land in the 30-40¢ bucket at game start (2026-05-31)?
Sooth_QGen#f5108277051e	Will the Kalshi YES mid-market price for Houston (Milwaukee vs Houston) land in the 60-70¢ bucket at game start (2026-05-30)?
Sooth_QGen#f520e38ff6b6	Will the Kalshi YES mid-market price for Kansas City (Texas vs Kansas City) land in the 60-70¢ bucket at game start (2026-06-09)?
Sooth_QGen#f53159bef9a4	Will the Kalshi YES mid-market price for Arizona (Arizona vs Seattle) land in the 30-40¢ bucket at game start (2026-05-31)?
Sooth_QGen#f542f5de3500	Will the Kalshi YES mid-market price for Atlanta (Pittsburgh vs Atlanta) land in the 30-40¢ bucket at game start (2026-06-07)?
Sooth_QGen#f54e6549748c	Will the Kalshi YES mid-market price for Philadelphia (Chicago WS vs Philadelphia) land in the 70-80¢ bucket at game start (2026-06-05)?
Sooth_QGen#f561d676e0e7	Will the Kalshi YES mid-market price for Texas (Cleveland vs Texas) land in the 90-100¢ bucket at game start (2026-06-06)?
Sooth_QGen#f58ed1a1b3dc	Will the Kalshi YES mid-market price for Texas (Cleveland vs Texas) land in the 50-60¢ bucket at game start (2026-06-06)?
Sooth_QGen#f59272ded726	Will the Kalshi YES mid-market price for Chicago C (A's vs Chicago C) land in the 70-80¢ bucket at game start (2026-06-04)?
Sooth_QGen#f5abcec16c51	Will the Kalshi YES mid-market price for Colorado (Chicago C vs Colorado) land in the 90-100¢ bucket at game start (2026-06-11)?
Sooth_QGen#f5b3a32873ea	Will the Kalshi YES mid-market price for Los Angeles A (Houston vs Los Angeles A) land in the 30-40¢ bucket at game start (2026-06-10)?
Sooth_QGen#f5bdd00d0adb	Will the Kalshi YES mid-market price for New York (Game 4: San Antonio at New York) land in the 20-30¢ bucket at game start (2026-06-11)?
Sooth_QGen#f5cfc43955cc	Will the Kalshi YES mid-market price for San Diego (San Diego vs Baltimore) land in the 20-30¢ bucket at game start (2026-06-12)?
Sooth_QGen#f5f0b9164684	Will the Kalshi YES mid-market price for Chicago WS (Chicago WS vs Minnesota) land in the 70-80¢ bucket at game start (2026-06-02)?
Sooth_QGen#f5f0e07a8232	Will the Kalshi YES mid-market price for St. Louis (Chicago C vs St. Louis) land in the 90-100¢ bucket at game start (2026-05-30)?
Sooth_QGen#f5fedaddee3c	Will the Kalshi YES mid-market price for Tampa Bay (Los Angeles A vs Tampa Bay) land in the 50-60¢ bucket at game start (2026-05-30)?
Sooth_QGen#f6139dcf8bf1	Will the Kalshi YES mid-market price for Cleveland (Cleveland vs New York Y) land in the 50-60¢ bucket at game start (2026-06-04)?
Sooth_QGen#f62329d58be2	Will the Kalshi YES mid-market price for Toronto (New York Y vs Toronto) land in the 50-60¢ bucket at game start (2026-06-13)?
Sooth_QGen#f628d7695ea1	Will the Kalshi YES mid-market price for Baltimore (Toronto vs Baltimore) land in the 20-30¢ bucket at game start (2026-05-30)?
Sooth_QGen#f642fe0a7cab	Will the Kalshi YES mid-market price for Seattle (New York M vs Seattle) land in the 70-80¢ bucket at game start (2026-06-03)?
Sooth_QGen#f654655ca82d	Will the Kalshi YES mid-market price for Houston (Pittsburgh vs Houston) land in the 0-10¢ bucket at game start (2026-06-03)?
Sooth_QGen#f65714046d9f	Will the Kalshi YES mid-market price for Miami (Miami vs Pittsburgh) land in the 10-20¢ bucket at game start (2026-06-14)?
Sooth_QGen#f663a10adce4	Will the Kalshi YES mid-market price for Baltimore (Baltimore vs Toronto) land in the 0-10¢ bucket at game start (2026-06-07)?
Sooth_QGen#f665bd5d09fb	Will the Kalshi YES mid-market price for Miami (Miami vs Washington) land in the 20-30¢ bucket at game start (2026-06-03)?
Sooth_QGen#f667bac42d3b	Will the Kalshi YES mid-market price for Cincinnati (Cincinnati vs San Diego) land in the 40-50¢ bucket at game start (2026-06-09)?
Sooth_QGen#f667e350ed61	Will the Kalshi YES mid-market price for Toronto (Toronto vs Baltimore) land in the 10-20¢ bucket at game start (2026-05-31)?
Sooth_QGen#f66d94917c78	Will the Kalshi YES mid-market price for New York Y (New York Y vs Toronto) land in the 30-40¢ bucket at game start (2026-06-13)?
Sooth_QGen#f66e052ccffb	Will the Kalshi YES mid-market price for Washington (Washington vs Arizona) land in the 30-40¢ bucket at game start (2026-06-07)?
Sooth_QGen#f68ea6ed6bf7	Will the Kalshi YES mid-market price for Atlanta (Atlanta vs Chicago WS) land in the 90-100¢ bucket at game start (2026-06-09)?
Sooth_QGen#f68f8fcace31	Will the Kalshi YES mid-market price for Baltimore (Baltimore vs Toronto) land in the 60-70¢ bucket at game start (2026-06-07)?
Sooth_QGen#f6913a21805f	Will the Kalshi YES mid-market price for Chicago C (San Francisco vs Chicago C) land in the 70-80¢ bucket at game start (2026-06-06)?
Sooth_QGen#f6918e4a6b20	Will the Kalshi YES mid-market price for New York M (Atlanta vs New York M) land in the 40-50¢ bucket at game start (2026-06-13)?
Sooth_QGen#f6a852a3ca8d	Will the Kalshi YES mid-market price for Cincinnati (Kansas City vs Cincinnati) land in the 20-30¢ bucket at game start (2026-06-02)?
Sooth_QGen#f6b44be6e799	Will the Kalshi YES mid-market price for Toronto (Philadelphia vs Toronto) land in the 60-70¢ bucket at game start (2026-06-08)?
Sooth_QGen#f6b8da5b6c35	Will the Kalshi YES mid-market price for Arizona (Washington vs Arizona) land in the 10-20¢ bucket at game start (2026-06-06)?
Sooth_QGen#f6bcf0fdc99f	Will the Kalshi YES mid-market price for Toronto (Toronto vs Atlanta) land in the 20-30¢ bucket at game start (2026-06-02)?
Sooth_QGen#f6c8fe8bab81	Will the Kalshi YES mid-market price for Boston (Boston vs Tampa Bay) land in the 40-50¢ bucket at game start (2026-06-10)?
Sooth_QGen#f6caf88ca144	Will the Kalshi YES mid-market price for Kansas City (Kansas City vs Texas) land in the 80-90¢ bucket at game start (2026-05-30)?
Sooth_QGen#f6d2feb225ff	Will the Kalshi YES mid-market price for Los Angeles D (Los Angeles D vs Arizona) land in the 70-80¢ bucket at game start (2026-06-05)?
Sooth_QGen#f6e1afec55af	Will the Kalshi YES mid-market price for Minnesota (Minnesota vs Detroit) land in the 30-40¢ bucket at game start (2026-06-11)?
Sooth_QGen#f6fe184264cc	Will the Kalshi YES mid-market price for Toronto (Miami vs Toronto) land in the 50-60¢ bucket at game start (2026-05-27)?
Sooth_QGen#f70eb293b7cb	Will the Kalshi YES mid-market price for New York Y (Cleveland vs New York Y) land in the 70-80¢ bucket at game start (2026-06-04)?
Sooth_QGen#f710cca222e3	Will the Kalshi YES mid-market price for Philadelphia (San Diego vs Philadelphia) land in the 80-90¢ bucket at game start (2026-06-02)?
Sooth_QGen#f7274be26dd8	Will the Kalshi YES mid-market price for Philadelphia (Philadelphia vs Toronto) land in the 50-60¢ bucket at game start (2026-06-10)?
Sooth_QGen#f73dc5d5a0bc	Will the Kalshi YES mid-market price for Arizona (Arizona vs San Francisco) land in the 40-50¢ bucket at game start (2026-05-27)?
Sooth_QGen#f7419af53094	Will the Kalshi YES mid-market price for Boston (Boston vs Tampa Bay) land in the 70-80¢ bucket at game start (2026-06-08)?
Sooth_QGen#f74b5c372f45	Will the Kalshi YES mid-market price for Kansas City (Kansas City vs Texas) land in the 50-60¢ bucket at game start (2026-05-30)?
Sooth_QGen#f74f72e76cd2	Will the Kalshi YES mid-market price for Washington (Seattle vs Washington) land in the 80-90¢ bucket at game start (2026-06-12)?
Sooth_QGen#f75080e618bb	Will the Kalshi YES mid-market price for Miami (Arizona vs Miami) land in the 10-20¢ bucket at game start (2026-06-11)?
Sooth_QGen#f759abd4e48f	Will the Kalshi YES mid-market price for Seattle (Will Seattle win the New England vs Seattle Pro Football game) land in the 20-30¢ bucket at game start (2026-09-09)?
Sooth_QGen#f767050eeedc	Will the Kalshi YES mid-market price for Los Angeles D (Los Angeles A vs Los Angeles D) land in the 50-60¢ bucket at game start (2026-06-07)?
Sooth_QGen#f772481cd62c	Will the Kalshi YES mid-market price for Minnesota (Minnesota vs Detroit) land in the 80-90¢ bucket at game start (2026-06-10)?
Sooth_QGen#f77f957951fb	Will the Kalshi YES mid-market price for New Orleans (Will New Orleans win the New Orleans vs Detroit Pro Football game) land in the 40-50¢ bucket at game start (2026-09-13)?
Sooth_QGen#f78fb2c0fa19	Will the Kalshi YES mid-market price for Miami (Tampa Bay vs Miami) land in the 40-50¢ bucket at game start (2026-06-07)?
Sooth_QGen#f79290acf38d	Will the Kalshi YES mid-market price for Milwaukee (San Francisco vs Milwaukee) land in the 40-50¢ bucket at game start (2026-06-04)?
Sooth_QGen#f796e1890c10	Will the Kalshi YES mid-market price for St. Louis (Texas vs St. Louis) land in the 40-50¢ bucket at game start (2026-06-02)?
Sooth_QGen#f79cb0282e02	Will the Kalshi YES mid-market price for Atlanta (Toronto vs Atlanta) land in the 60-70¢ bucket at game start (2026-06-04)?
Sooth_QGen#f7b177b9d7d2	Will the Kalshi YES mid-market price for Houston (A's vs Houston) land in the 40-50¢ bucket at game start (2026-06-07)?
Sooth_QGen#f7b37d9d82d8	Will the Kalshi YES mid-market price for Milwaukee (Milwaukee vs Colorado) land in the 30-40¢ bucket at game start (2026-06-07)?
Sooth_QGen#f7bafd04f53b	Will the Kalshi YES mid-market price for Chicago WS (Los Angeles D vs Chicago WS) land in the 30-40¢ bucket at game start (2026-06-13)?
Sooth_QGen#f7c04d8f9562	Will the Kalshi YES mid-market price for Chicago WS (Atlanta vs Chicago WS) land in the 10-20¢ bucket at game start (2026-06-11)?
Sooth_QGen#f7c412e8556e	Will the Kalshi YES mid-market price for Seattle (Seattle vs Detroit) land in the 30-40¢ bucket at game start (2026-06-07)?
Sooth_QGen#f7d5e4b554c6	Will the Kalshi YES mid-market price for New York Y (New York Y vs Cleveland) land in the 60-70¢ bucket at game start (2026-06-10)?
Sooth_QGen#f7da041b55d0	Will the Kalshi YES mid-market price for New York Y (Boston vs New York Y) land in the 30-40¢ bucket at game start (2026-06-07)?
Sooth_QGen#f7e8aedf358b	Will the Kalshi YES mid-market price for Colorado (Colorado vs Los Angeles A) land in the 60-70¢ bucket at game start (2026-06-03)?
Sooth_QGen#f7eb79b008b8	Will the Kalshi YES mid-market price for St. Louis (St. Louis vs Minnesota) land in the 0-10¢ bucket at game start (2026-06-14)?
Sooth_QGen#f7f048159df3	Will the Kalshi YES mid-market price for Milwaukee (Milwaukee vs Colorado) land in the 30-40¢ bucket at game start (2026-06-06)?
Sooth_QGen#f7fe4032898a	Will the Kalshi YES mid-market price for Tampa Bay (Boston vs Tampa Bay) land in the 70-80¢ bucket at game start (2026-06-09)?
Sooth_QGen#f8092be3a36e	Will the Kalshi YES mid-market price for A's (A's vs Chicago C) land in the 0-10¢ bucket at game start (2026-06-05)?
Sooth_QGen#f81250a69d4f	Will the Kalshi YES mid-market price for Tampa Bay (Los Angeles A vs Tampa Bay) land in the 90-100¢ bucket at game start (2026-05-29)?
Sooth_QGen#f82a3f1a8045	Will the Kalshi YES mid-market price for St. Louis (Cincinnati vs St. Louis) land in the 80-90¢ bucket at game start (2026-06-06)?
Sooth_QGen#f83a1715b74a	Will the Kalshi YES mid-market price for Seattle (New York M vs Seattle) land in the 20-30¢ bucket at game start (2026-06-02)?
Sooth_QGen#f83b39c6650d	Will the Kalshi YES mid-market price for VGK Golden Knights (Game 4: Carolina at Vegas) land in the 60-70¢ bucket at game start (2026-06-10)?
Sooth_QGen#f84cd5e3e9dc	Will the Kalshi YES mid-market price for Chicago WS (Chicago WS vs Philadelphia) land in the 60-70¢ bucket at game start (2026-06-07)?
Sooth_QGen#f85564aa238c	Will the Kalshi YES mid-market price for A's (A's vs Houston) land in the 20-30¢ bucket at game start (2026-06-06)?
Sooth_QGen#f8559856d77b	Will the Kalshi YES mid-market price for Minnesota (Kansas City vs Minnesota) land in the 40-50¢ bucket at game start (2026-06-06)?
Sooth_QGen#f85b85c93ccc	Will the Kalshi YES mid-market price for Kansas City (Kansas City vs Cincinnati) land in the 60-70¢ bucket at game start (2026-06-02)?
Sooth_QGen#f86193718c39	Will the Kalshi YES mid-market price for Philadelphia (Will Philadelphia win the Washington vs Philadelphia Pro Football game) land in the 80-90¢ bucket at game start (2026-09-13)?
Sooth_QGen#f86b6b8a22fb	Will the Kalshi YES mid-market price for San Francisco (San Francisco vs Chicago C) land in the 20-30¢ bucket at game start (2026-06-06)?
Sooth_QGen#f86e48256978	Will the Kalshi YES mid-market price for Miami (Arizona vs Miami) land in the 90-100¢ bucket at game start (2026-06-09)?
Sooth_QGen#f877be2afb24	Will the Kalshi YES mid-market price for Seattle (Seattle vs Washington) land in the 50-60¢ bucket at game start (2026-06-12)?
Sooth_QGen#f8797cea3be1	Will the Kalshi YES mid-market price for Baltimore (Seattle vs Baltimore) land in the 10-20¢ bucket at game start (2026-06-11)?
Sooth_QGen#f8838378a9e5	Will the Kalshi YES mid-market price for CAR Hurricanes (Game 2: Vegas at Carolina) land in the 90-100¢ bucket at game start (2026-06-05)?
Sooth_QGen#f88406a26d73	Will the Kalshi YES mid-market price for Texas (Kansas City vs Texas) land in the 90-100¢ bucket at game start (2026-05-31)?
Sooth_QGen#f887bdbe8381	Will the Kalshi YES mid-market price for Houston (Milwaukee vs Houston) land in the 70-80¢ bucket at game start (2026-05-30)?
Sooth_QGen#f888af337c15	Will the Kalshi YES mid-market price for Los Angeles D (Philadelphia vs Los Angeles D) land in the 60-70¢ bucket at game start (2026-05-30)?
Sooth_QGen#f8a68af7c818	Will the Kalshi YES mid-market price for Chicago C (Chicago C vs St. Louis) land in the 40-50¢ bucket at game start (2026-05-30)?
Sooth_QGen#f8a9a856d476	Will the Kalshi YES mid-market price for San Diego (New York M vs San Diego) land in the 10-20¢ bucket at game start (2026-06-07)?
Sooth_QGen#f8ab4640be66	Will the Kalshi YES mid-market price for New York Y (Boston vs New York Y) land in the 90-100¢ bucket at game start (2026-06-06)?
Sooth_QGen#f8ab965991af	Will the Kalshi YES mid-market price for Kansas City (Houston vs Kansas City) land in the 60-70¢ bucket at game start (2026-06-14)?
Sooth_QGen#f8aee6ae1f87	Will the Kalshi YES mid-market price for St. Louis (St. Louis vs New York M) land in the 40-50¢ bucket at game start (2026-06-09)?
Sooth_QGen#f8be7356dda9	Will the Kalshi YES mid-market price for Boston (Boston vs Tampa Bay) land in the 90-100¢ bucket at game start (2026-06-10)?
Sooth_QGen#f8cf1d6e0928	Will the Kalshi YES mid-market price for Arizona (Washington vs Arizona) land in the 10-20¢ bucket at game start (2026-06-07)?
Sooth_QGen#f901e64ddd58	Will the Kalshi YES mid-market price for Pittsburgh (Pittsburgh vs A's) land in the 50-60¢ bucket at game start (2026-06-16)?
Sooth_QGen#f9236307e2a6	Will the Kalshi YES mid-market price for Chicago WS (Atlanta vs Chicago WS) land in the 20-30¢ bucket at game start (2026-06-10)?
Sooth_QGen#f92508530007	Will the Kalshi YES mid-market price for Toronto (Miami vs Toronto) land in the 10-20¢ bucket at game start (2026-05-27)?
Sooth_QGen#f9378156f5fe	Will the Kalshi YES mid-market price for Baltimore (Seattle vs Baltimore) land in the 60-70¢ bucket at game start (2026-06-09)?
Sooth_QGen#f93f02053693	Will the Kalshi YES mid-market price for Cincinnati (Atlanta vs Cincinnati) land in the 30-40¢ bucket at game start (2026-05-30)?
Sooth_QGen#f94451869280	Will the Kalshi YES mid-market price for St. Louis (Cincinnati vs St. Louis) land in the 20-30¢ bucket at game start (2026-06-06)?
Sooth_QGen#f947f88b9dac	Will the Kalshi YES mid-market price for Chicago C (Chicago C vs San Francisco) land in the 10-20¢ bucket at game start (2026-06-13)?
Sooth_QGen#f95a093645a8	Will the Kalshi YES mid-market price for Cleveland (Cleveland vs New York Y) land in the 70-80¢ bucket at game start (2026-06-02)?
Sooth_QGen#f95d7ec2bae7	Will the Kalshi YES mid-market price for A's (New York Y vs A's) land in the 80-90¢ bucket at game start (2026-05-31)?
Sooth_QGen#f97c29354f90	Will the Kalshi YES mid-market price for Los Angeles A (Los Angeles A vs Arizona) land in the 80-90¢ bucket at game start (2026-06-16)?
Sooth_QGen#f97fff4a5eed	Will the Kalshi YES mid-market price for Toronto (Toronto vs Baltimore) land in the 40-50¢ bucket at game start (2026-05-30)?
Sooth_QGen#f98a0dd22e74	Will the Kalshi YES mid-market price for Philadelphia (Philadelphia vs Milwaukee) land in the 60-70¢ bucket at game start (2026-06-13)?
Sooth_QGen#f99b9f7b05e1	Will the Kalshi YES mid-market price for Houston (Milwaukee vs Houston) land in the 0-10¢ bucket at game start (2026-05-30)?
Sooth_QGen#f9ae604e9e82	Will the Kalshi YES mid-market price for Atlanta (Toronto vs Atlanta) land in the 10-20¢ bucket at game start (2026-06-02)?
Sooth_QGen#f9b6d06129f9	Will the Kalshi YES mid-market price for Kansas City (Houston vs Kansas City) land in the 90-100¢ bucket at game start (2026-06-13)?
Sooth_QGen#f9c78fce9a3f	Will the Kalshi YES mid-market price for Cincinnati (Cincinnati vs St. Louis) land in the 30-40¢ bucket at game start (2026-06-06)?
Sooth_QGen#f9cf32f5d003	Will the Kalshi YES mid-market price for Detroit (Detroit vs Chicago WS) land in the 70-80¢ bucket at game start (2026-05-29)?
Sooth_QGen#f9d5d5988491	Will the Kalshi YES mid-market price for Baltimore (Seattle vs Baltimore) land in the 0-10¢ bucket at game start (2026-06-09)?
Sooth_QGen#f9eaeca81df8	Will the Kalshi YES mid-market price for Chicago C (Chicago C vs San Francisco) land in the 0-10¢ bucket at game start (2026-06-14)?
Sooth_QGen#f9eb810a234e	Will the Kalshi YES mid-market price for MTL Canadiens (Game 5: Montreal at Carolina) land in the 50-60¢ bucket at game start (2026-05-30)?
Sooth_QGen#fa00fd765bcf	Will the Kalshi YES mid-market price for Atlanta (Atlanta vs Cincinnati) land in the 10-20¢ bucket at game start (2026-05-29)?
Sooth_QGen#fa0103b8ff43	Will the Kalshi YES mid-market price for Baltimore (Baltimore vs Boston) land in the 10-20¢ bucket at game start (2026-06-04)?
Sooth_QGen#fa0f469f4e8a	Will the Kalshi YES mid-market price for Miami (Miami vs New York M) land in the 50-60¢ bucket at game start (2026-05-30)?
Sooth_QGen#fa1af5a57adf	Will the Kalshi YES mid-market price for Boston (Boston vs New York Y) land in the 80-90¢ bucket at game start (2026-06-07)?
Sooth_QGen#fa229551b5e9	Will the Kalshi YES mid-market price for Buffalo (Will Buffalo win the Buffalo vs Houston Pro Football game) land in the 30-40¢ bucket at game start (2026-09-13)?
Sooth_QGen#fa298c835cf4	Will the Kalshi YES mid-market price for San Francisco (San Francisco vs Milwaukee) land in the 40-50¢ bucket at game start (2026-06-02)?
Sooth_QGen#fa3546a35563	Will the Kalshi YES mid-market price for New York M (New York M vs Seattle) land in the 70-80¢ bucket at game start (2026-06-03)?
Sooth_QGen#fa3e1d0b3365	Will the Kalshi YES mid-market price for Toronto (New York Y vs Toronto) land in the 0-10¢ bucket at game start (2026-06-13)?
Sooth_QGen#fa3ee10d2dcf	Will the Kalshi YES mid-market price for Seattle (Seattle vs Detroit) land in the 80-90¢ bucket at game start (2026-06-06)?
Sooth_QGen#fa464187cf3a	Will the Kalshi YES mid-market price for Arizona (Los Angeles D vs Arizona) land in the 80-90¢ bucket at game start (2026-06-04)?
Sooth_QGen#fa515f64a058	Will the Kalshi YES mid-market price for San Francisco (San Francisco vs Milwaukee) land in the 80-90¢ bucket at game start (2026-06-02)?
Sooth_QGen#fa8427934453	Will the Kalshi YES mid-market price for Los Angeles D (Philadelphia vs Los Angeles D) land in the 90-100¢ bucket at game start (2026-05-31)?
Sooth_QGen#fa950f1a9cb5	Will the Kalshi YES mid-market price for VGK Golden Knights (Game 1: Vegas at Carolina) land in the 40-50¢ bucket at game start (2026-06-03)?
Sooth_QGen#faa7f7aed12e	Will the Kalshi YES mid-market price for Houston (A's vs Houston) land in the 20-30¢ bucket at game start (2026-06-07)?
Sooth_QGen#fab89912897e	Will the Kalshi YES mid-market price for Colorado (Colorado vs A's) land in the 40-50¢ bucket at game start (2026-06-14)?
Sooth_QGen#fad73cc8ebb5	Will the Kalshi YES mid-market price for A's (A's vs Chicago C) land in the 60-70¢ bucket at game start (2026-06-03)?
Sooth_QGen#fae1d8c33d49	Will the Kalshi YES mid-market price for Tampa Bay (Los Angeles A vs Tampa Bay) land in the 10-20¢ bucket at game start (2026-05-29)?
Sooth_QGen#fae66c489200	Will the Kalshi YES mid-market price for St. Louis (Chicago C vs St. Louis) land in the 40-50¢ bucket at game start (2026-05-31)?
Sooth_QGen#fae693e16080	Will the Kalshi YES mid-market price for New York Y (New York Y vs A's) land in the 90-100¢ bucket at game start (2026-05-30)?
Sooth_QGen#faf20a8baed3	Will the Kalshi YES mid-market price for Texas (Minnesota vs Texas) land in the 10-20¢ bucket at game start (2026-06-16)?
Sooth_QGen#faf92707f1c3	Will the Kalshi YES mid-market price for Miami (Miami vs Washington) land in the 60-70¢ bucket at game start (2026-06-01)?
Sooth_QGen#faffdc67f1e3	Will the Kalshi YES mid-market price for Baltimore (Toronto vs Baltimore) land in the 60-70¢ bucket at game start (2026-05-31)?
Sooth_QGen#fb09f546e7e7	Will the Kalshi YES mid-market price for MTL Canadiens (Game 5: Montreal at Carolina) land in the 80-90¢ bucket at game start (2026-05-30)?
Sooth_QGen#fb0b0eba7fc7	Will the Kalshi YES mid-market price for Tampa Bay (Boston vs Tampa Bay) land in the 0-10¢ bucket at game start (2026-06-09)?
Sooth_QGen#fb1533d39cb0	Will the Kalshi YES mid-market price for New York M (Atlanta vs New York M) land in the 0-10¢ bucket at game start (2026-06-12)?
Sooth_QGen#fb1eff7fb6b7	Will the Kalshi YES mid-market price for Los Angeles D (Los Angeles D vs Pittsburgh) land in the 80-90¢ bucket at game start (2026-06-10)?
Sooth_QGen#fb2cdbcdc491	Will the Kalshi YES mid-market price for Atlanta (Toronto vs Atlanta) land in the 0-10¢ bucket at game start (2026-06-03)?
Sooth_QGen#fb2e3f38488b	Will the Kalshi YES mid-market price for Boston (Boston vs New York Y) land in the 80-90¢ bucket at game start (2026-06-06)?
Sooth_QGen#fb34ff9df769	Will the Kalshi YES mid-market price for Cleveland (Cleveland vs Texas) land in the 40-50¢ bucket at game start (2026-06-06)?
Sooth_QGen#fb48a05eb1fe	Will the Kalshi YES mid-market price for A's (New York Y vs A's) land in the 70-80¢ bucket at game start (2026-05-31)?
Sooth_QGen#fb5dc893a606	Will the Kalshi YES mid-market price for Chicago WS (Los Angeles D vs Chicago WS) land in the 20-30¢ bucket at game start (2026-06-12)?
Sooth_QGen#fb71fbd68fdf	Will the Kalshi YES mid-market price for St. Louis (St. Louis vs New York M) land in the 90-100¢ bucket at game start (2026-06-10)?
Sooth_QGen#fb833ffe9522	Will the Kalshi YES mid-market price for Baltimore (Baltimore vs Boston) land in the 80-90¢ bucket at game start (2026-06-04)?
Sooth_QGen#fb95c7729263	Will the Kalshi YES mid-market price for Atlanta (Atlanta vs Cincinnati) land in the 40-50¢ bucket at game start (2026-05-30)?
Sooth_QGen#fb963c027e33	Will the Kalshi YES mid-market price for Toronto (New York Y vs Toronto) land in the 70-80¢ bucket at game start (2026-06-13)?
Sooth_QGen#fbc0b6a08358	Will the Kalshi YES mid-market price for Seattle (Seattle vs Washington) land in the 70-80¢ bucket at game start (2026-06-13)?
Sooth_QGen#fbc575b6ecd7	Will the Kalshi YES mid-market price for Los Angeles C (Will Los Angeles C win the Arizona vs Los Angeles C Pro Football game) land in the 40-50¢ bucket at game start (2026-09-13)?
Sooth_QGen#fbc6d129063c	Will the Kalshi YES mid-market price for Boston (Baltimore vs Boston) land in the 60-70¢ bucket at game start (2026-06-04)?
Sooth_QGen#fbc99874514d	Will the Kalshi YES mid-market price for Seattle (Arizona vs Seattle) land in the 30-40¢ bucket at game start (2026-05-31)?
Sooth_QGen#fbe2f110735e	Will the Kalshi YES mid-market price for New York M (Atlanta vs New York M) land in the 90-100¢ bucket at game start (2026-06-13)?
Sooth_QGen#fbe53f28f8a2	Will the Kalshi YES mid-market price for Milwaukee (Philadelphia vs Milwaukee) land in the 10-20¢ bucket at game start (2026-06-14)?
Sooth_QGen#fbe8214556e9	Will the Kalshi YES mid-market price for Kansas City (Kansas City vs Cincinnati) land in the 20-30¢ bucket at game start (2026-06-03)?
Sooth_QGen#fbea320fe264	Will the Kalshi YES mid-market price for Cleveland (Cleveland vs Texas) land in the 30-40¢ bucket at game start (2026-06-07)?
Sooth_QGen#fbeb8600343f	Will the Kalshi YES mid-market price for Buffalo (Will Buffalo win the Buffalo vs Houston Pro Football game) land in the 0-10¢ bucket at game start (2026-09-13)?
Sooth_QGen#fbecba98f3ee	Will the Kalshi YES mid-market price for Miami (Miami vs New York M) land in the 0-10¢ bucket at game start (2026-05-30)?
Sooth_QGen#fbee19786731	Will the Kalshi YES mid-market price for St. Louis (Texas vs St. Louis) land in the 60-70¢ bucket at game start (2026-06-03)?
Sooth_QGen#fc028ffbf214	Will the Kalshi YES mid-market price for Los Angeles D (Los Angeles A vs Los Angeles D) land in the 80-90¢ bucket at game start (2026-06-07)?
Sooth_QGen#fc185890d565	Will the Kalshi YES mid-market price for St. Louis (St. Louis vs Minnesota) land in the 10-20¢ bucket at game start (2026-06-14)?
Sooth_QGen#fc1b8fabbb31	Will the Kalshi YES mid-market price for San Diego (San Diego vs Baltimore) land in the 80-90¢ bucket at game start (2026-06-13)?
Sooth_QGen#fc36ce7ec147	Will the Kalshi YES mid-market price for Arizona (Arizona vs Miami) land in the 10-20¢ bucket at game start (2026-06-10)?
Sooth_QGen#fc3d37846df7	Will the Kalshi YES mid-market price for Boston (Baltimore vs Boston) land in the 0-10¢ bucket at game start (2026-06-04)?
Sooth_QGen#fc4d71370ea0	Will the Kalshi YES mid-market price for New York Y (Cleveland vs New York Y) land in the 50-60¢ bucket at game start (2026-06-04)?
Sooth_QGen#fc4df2cb0122	Will the Kalshi YES mid-market price for Colorado (Colorado vs Chicago C) land in the 40-50¢ bucket at game start (2026-06-16)?
Sooth_QGen#fc538a13adf1	Will the Kalshi YES mid-market price for Minnesota (Chicago WS vs Minnesota) land in the 40-50¢ bucket at game start (2026-06-02)?
Sooth_QGen#fc53c51a9b38	Will the Kalshi YES mid-market price for Seattle (New York M vs Seattle) land in the 80-90¢ bucket at game start (2026-06-03)?
Sooth_QGen#fc5b56dd85d7	Will the Kalshi YES mid-market price for Tampa Bay (Detroit vs Tampa Bay) land in the 20-30¢ bucket at game start (2026-06-03)?
Sooth_QGen#fc69b836e50a	Will the Kalshi YES mid-market price for St. Louis (Chicago C vs St. Louis) land in the 70-80¢ bucket at game start (2026-05-30)?
Sooth_QGen#fc6abda2e22c	Will the Kalshi YES mid-market price for Tampa Bay (Detroit vs Tampa Bay) land in the 0-10¢ bucket at game start (2026-06-02)?
Sooth_QGen#fc7179f0ed23	Will the Kalshi YES mid-market price for San Diego (San Diego vs Baltimore) land in the 60-70¢ bucket at game start (2026-06-13)?
Sooth_QGen#fc741d6d3173	Will the Kalshi YES mid-market price for CAR Hurricanes (Game 5: Vegas at Carolina) land in the 20-30¢ bucket at game start (2026-06-12)?
Sooth_QGen#fc7f04f3fb0f	Will the Kalshi YES mid-market price for Washington (Washington vs San Francisco) land in the 50-60¢ bucket at game start (2026-06-09)?
Sooth_QGen#fc85194b795a	Will the Kalshi YES mid-market price for Detroit (Minnesota vs Detroit) land in the 90-100¢ bucket at game start (2026-06-11)?
Sooth_QGen#fc8880e494c8	Will the Kalshi YES mid-market price for Seattle (Seattle vs Baltimore) land in the 30-40¢ bucket at game start (2026-06-08)?
Sooth_QGen#fc98eec71493	Will the Kalshi YES mid-market price for St. Louis (St. Louis vs New York M) land in the 20-30¢ bucket at game start (2026-06-09)?
Sooth_QGen#fc99deb0aeac	Will the Kalshi YES mid-market price for Tampa Bay (Boston vs Tampa Bay) land in the 40-50¢ bucket at game start (2026-06-09)?
Sooth_QGen#fc9bd6df109e	Will the Kalshi YES mid-market price for Los Angeles C (Will Los Angeles C win the Arizona vs Los Angeles C Pro Football game) land in the 90-100¢ bucket at game start (2026-09-13)?
Sooth_QGen#fc9dbfb2a09f	Will the Kalshi YES mid-market price for Arizona (Will Arizona win the Arizona vs Los Angeles C Pro Football game) land in the 10-20¢ bucket at game start (2026-09-13)?
Sooth_QGen#fca19ef9a10a	Will the Kalshi YES mid-market price for A's (Colorado vs A's) land in the 30-40¢ bucket at game start (2026-06-14)?
Sooth_QGen#fca2de940ef5	Will the Kalshi YES mid-market price for Colorado (Colorado vs Los Angeles A) land in the 50-60¢ bucket at game start (2026-06-03)?
Sooth_QGen#fcad8c67892e	Will the Kalshi YES mid-market price for Jakub Mensik (Will Jakub Mensik win the Mensik vs Zverev: Semifinal match) land in the 30-40¢ bucket at game start (2026-06-05)?
Sooth_QGen#fcc664e4a4ad	Will the Kalshi YES mid-market price for Los Angeles D (Philadelphia vs Los Angeles D) land in the 40-50¢ bucket at game start (2026-05-30)?
Sooth_QGen#fcd625a989f2	Will the Kalshi YES mid-market price for Kansas City (Kansas City vs Washington) land in the 0-10¢ bucket at game start (2026-06-15)?
Sooth_QGen#fce47f75d353	Will the Kalshi YES mid-market price for Toronto (Toronto vs Baltimore) land in the 70-80¢ bucket at game start (2026-05-29)?
Sooth_QGen#fce872de1915	Will the Kalshi YES mid-market price for Philadelphia (San Diego vs Philadelphia) land in the 30-40¢ bucket at game start (2026-06-04)?
Sooth_QGen#fcec67ea8609	Will the Kalshi YES mid-market price for Texas (Texas vs Boston) land in the 50-60¢ bucket at game start (2026-06-13)?
Sooth_QGen#fcfa6696593e	Will the Kalshi YES mid-market price for Los Angeles D (Los Angeles D vs Pittsburgh) land in the 40-50¢ bucket at game start (2026-06-11)?
Sooth_QGen#fd0b6af2e1b8	Will the Kalshi YES mid-market price for Miami (Miami vs Washington) land in the 20-30¢ bucket at game start (2026-06-01)?
Sooth_QGen#fd1c0166c5be	Will the Kalshi YES mid-market price for VGK Golden Knights (Game 1: Vegas at Carolina) land in the 90-100¢ bucket at game start (2026-06-03)?
Sooth_QGen#fd3e6494cd1f	Will the Kalshi YES mid-market price for Pittsburgh (Minnesota vs Pittsburgh) land in the 0-10¢ bucket at game start (2026-05-29)?
Sooth_QGen#fd528b7551ae	Will the Kalshi YES mid-market price for Washington (Will Washington win the Washington vs Philadelphia Pro Football game) land in the 20-30¢ bucket at game start (2026-09-13)?
Sooth_QGen#fd6cd5284cf1	Will the Kalshi YES mid-market price for Baltimore (Baltimore vs Toronto) land in the 10-20¢ bucket at game start (2026-06-07)?
Sooth_QGen#fd71fc630d3a	Will the Kalshi YES mid-market price for St. Louis (St. Louis vs Milwaukee) land in the 20-30¢ bucket at game start (2026-05-27)?
Sooth_QGen#fd759e4a5b77	Will the Kalshi YES mid-market price for Los Angeles D (Tampa Bay vs Los Angeles D) land in the 50-60¢ bucket at game start (2026-06-16)?
Sooth_QGen#fd84247b07df	Will the Kalshi YES mid-market price for Detroit (Detroit vs Cleveland) land in the 50-60¢ bucket at game start (2026-06-14)?
Sooth_QGen#fd970abcde7c	Will the Kalshi YES mid-market price for Philadelphia (Philadelphia vs Toronto) land in the 20-30¢ bucket at game start (2026-06-09)?
Sooth_QGen#fdbcf55e0efb	Will the Kalshi YES mid-market price for Chicago WS (Chicago WS vs Philadelphia) land in the 60-70¢ bucket at game start (2026-06-05)?
Sooth_QGen#fdc2ba75efe0	Will the Kalshi YES mid-market price for New York M (New York M vs San Diego) land in the 50-60¢ bucket at game start (2026-06-06)?
Sooth_QGen#fdc4d4b652d9	Will the Kalshi YES mid-market price for Tampa Bay (Boston vs Tampa Bay) land in the 30-40¢ bucket at game start (2026-06-10)?
Sooth_QGen#fdd17d49ba3d	Will the Kalshi YES mid-market price for Pittsburgh (Los Angeles D vs Pittsburgh) land in the 50-60¢ bucket at game start (2026-06-10)?
Sooth_QGen#fdd32002dd91	Will the Kalshi YES mid-market price for Miami (Arizona vs Miami) land in the 0-10¢ bucket at game start (2026-06-11)?
Sooth_QGen#fde004a2dfd6	Will the Kalshi YES mid-market price for A's (A's vs Houston) land in the 20-30¢ bucket at game start (2026-06-06)?
Sooth_QGen#fde3ab249e21	Will the Kalshi YES mid-market price for Los Angeles A (Houston vs Los Angeles A) land in the 60-70¢ bucket at game start (2026-06-11)?
Sooth_QGen#fde91d5440fa	Will the Kalshi YES mid-market price for San Francisco (Washington vs San Francisco) land in the 40-50¢ bucket at game start (2026-06-10)?
Sooth_QGen#fdea762e4266	Will the Kalshi YES mid-market price for Minnesota (Will Minnesota win the Green Bay vs Minnesota Pro Football game) land in the 20-30¢ bucket at game start (2026-09-13)?
Sooth_QGen#fe069fcd6cce	Will the Kalshi YES mid-market price for New York (Game 1: New York at San Antonio) land in the 70-80¢ bucket at game start (2026-06-04)?
Sooth_QGen#fe0f1f729274	Will the Kalshi YES mid-market price for Los Angeles D (Los Angeles D vs Pittsburgh) land in the 10-20¢ bucket at game start (2026-06-10)?
Sooth_QGen#fe1187ec8e6b	Will the Kalshi YES mid-market price for New York (Game 5: New York at San Antonio) land in the 50-60¢ bucket at game start (2026-06-14)?
Sooth_QGen#fe16f74ee3a9	Will the Kalshi YES mid-market price for Texas (Texas vs St. Louis) land in the 40-50¢ bucket at game start (2026-06-01)?
Sooth_QGen#fe17d9893428	Will the Kalshi YES mid-market price for Cleveland (Detroit vs Cleveland) land in the 80-90¢ bucket at game start (2026-06-12)?
Sooth_QGen#fe1a9f78de8b	Will the Kalshi YES mid-market price for Minnesota (Minnesota vs Detroit) land in the 20-30¢ bucket at game start (2026-06-11)?
Sooth_QGen#fe2c71a44172	Will the Kalshi YES mid-market price for Los Angeles A (Los Angeles A vs Los Angeles D) land in the 70-80¢ bucket at game start (2026-06-07)?
Sooth_QGen#fe3ef7c4a492	Will the Kalshi YES mid-market price for San Diego (San Diego vs Baltimore) land in the 70-80¢ bucket at game start (2026-06-13)?
Sooth_QGen#fe43e82e27fc	Will the Kalshi YES mid-market price for Boston (Boston vs Tampa Bay) land in the 60-70¢ bucket at game start (2026-06-08)?
Sooth_QGen#fe44722f8032	Will the Kalshi YES mid-market price for Tampa Bay (Tampa Bay vs Los Angeles A) land in the 20-30¢ bucket at game start (2026-06-13)?
Sooth_QGen#fe466c503892	Will the Kalshi YES mid-market price for Atlanta (Atlanta vs Chicago WS) land in the 20-30¢ bucket at game start (2026-06-11)?
Sooth_QGen#fe5549f44c26	Will the Kalshi YES mid-market price for Cincinnati (Arizona vs Cincinnati) land in the 0-10¢ bucket at game start (2026-06-12)?
Sooth_QGen#fe55856f48cc	Will the Kalshi YES mid-market price for New England (Will New England win the New England vs Seattle Pro Football game) land in the 70-80¢ bucket at game start (2026-09-09)?
Sooth_QGen#fe627d9395fc	Will the Kalshi YES mid-market price for Chicago WS (Los Angeles D vs Chicago WS) land in the 10-20¢ bucket at game start (2026-06-13)?
Sooth_QGen#fe7b15169415	Will the Kalshi YES mid-market price for Chicago C (Chicago C vs St. Louis) land in the 10-20¢ bucket at game start (2026-05-31)?
Sooth_QGen#fe838ea215e8	Will the Kalshi YES mid-market price for Pittsburgh (Los Angeles D vs Pittsburgh) land in the 10-20¢ bucket at game start (2026-06-09)?
Sooth_QGen#fe8db2625b16	Will the Kalshi YES mid-market price for Los Angeles D (Los Angeles D vs Arizona) land in the 30-40¢ bucket at game start (2026-06-05)?
Sooth_QGen#fe9d101dcfed	Will the Kalshi YES mid-market price for Atlanta (Pittsburgh vs Atlanta) land in the 0-10¢ bucket at game start (2026-06-05)?
Sooth_QGen#fea881d35711	Will the Kalshi YES mid-market price for Boston (Boston vs Cleveland) land in the 80-90¢ bucket at game start (2026-05-31)?
Sooth_QGen#febc080f3fa0	Will the Kalshi YES mid-market price for Tampa Bay (Los Angeles A vs Tampa Bay) land in the 90-100¢ bucket at game start (2026-05-30)?
Sooth_QGen#febfcbb7d65f	Will the Kalshi YES mid-market price for Tampa Bay (Los Angeles A vs Tampa Bay) land in the 70-80¢ bucket at game start (2026-05-30)?
Sooth_QGen#fec19ec2525f	Will the Kalshi YES mid-market price for New York M (Miami vs New York M) land in the 0-10¢ bucket at game start (2026-05-30)?
Sooth_QGen#fece1fbd001d	Will the Kalshi YES mid-market price for Milwaukee (San Francisco vs Milwaukee) land in the 70-80¢ bucket at game start (2026-06-02)?
Sooth_QGen#fecfdfd6a55d	Will Kalshi's NYK moneyline YES mid-market price be ≥ 55¢ at tip-off of ECF Game 3 (Knicks at Cavaliers) on May 23, 2026?
Sooth_QGen#feed98a3a203	Will the Kalshi YES mid-market price for Tampa Bay (Boston vs Tampa Bay) land in the 70-80¢ bucket at game start (2026-06-08)?
Sooth_QGen#ff038f58e45b	Will the Kalshi YES mid-market price for Colorado (Milwaukee vs Colorado) land in the 30-40¢ bucket at game start (2026-06-07)?
Sooth_QGen#ff07d8038986	Will the Kalshi YES mid-market price for San Diego (New York M vs San Diego) land in the 90-100¢ bucket at game start (2026-06-06)?
Sooth_QGen#ff09befd092b	Will the Kalshi YES mid-market price for Seattle (Seattle vs Baltimore) land in the 50-60¢ bucket at game start (2026-06-10)?
Sooth_QGen#ff0a1de175ca	Will the Kalshi YES mid-market price for San Diego (San Diego vs Philadelphia) land in the 60-70¢ bucket at game start (2026-06-03)?
Sooth_QGen#ff1600d1c646	Will the Kalshi YES mid-market price for Los Angeles D (Los Angeles D vs Pittsburgh) land in the 50-60¢ bucket at game start (2026-06-10)?
Sooth_QGen#ff213705ec48	Will the Kalshi YES mid-market price for Miami (Will Miami win the Miami vs Las Vegas Pro Football game) land in the 60-70¢ bucket at game start (2026-09-13)?
Sooth_QGen#ff3468b32032	Will the Kalshi YES mid-market price for Cincinnati (Arizona vs Cincinnati) land in the 20-30¢ bucket at game start (2026-06-14)?
Sooth_QGen#ff43ea8de14a	Will the Kalshi YES mid-market price for Atlanta (Toronto vs Atlanta) land in the 40-50¢ bucket at game start (2026-06-04)?
Sooth_QGen#ff57bc44b06b	Will the Kalshi YES mid-market price for St. Louis (St. Louis vs Minnesota) land in the 30-40¢ bucket at game start (2026-06-13)?
Sooth_QGen#ff5cdfcb167d	Will the Kalshi YES mid-market price for Pittsburgh (Pittsburgh vs Atlanta) land in the 80-90¢ bucket at game start (2026-06-07)?
Sooth_QGen#ff6105816883	Will the Kalshi YES mid-market price for Pittsburgh (Pittsburgh vs Atlanta) land in the 20-30¢ bucket at game start (2026-06-06)?
Sooth_QGen#ff656c766bc4	Will the Kalshi YES mid-market price for Baltimore (Baltimore vs Toronto) land in the 40-50¢ bucket at game start (2026-06-06)?
Sooth_QGen#ff79050e6950	Will the Kalshi YES mid-market price for Chicago WS (Chicago WS vs Minnesota) land in the 0-10¢ bucket at game start (2026-06-03)?
Sooth_QGen#ff8698999508	Will the Kalshi YES mid-market price for Cincinnati (Atlanta vs Cincinnati) land in the 40-50¢ bucket at game start (2026-05-30)?
Sooth_QGen#ff94eaaecac6	Will the Kalshi YES mid-market price for Milwaukee (San Francisco vs Milwaukee) land in the 30-40¢ bucket at game start (2026-06-04)?
Sooth_QGen#ff9c8aac9162	Will the Kalshi YES mid-market price for Arizona (Arizona vs Cincinnati) land in the 90-100¢ bucket at game start (2026-06-12)?
Sooth_QGen#ffcd7b8f1591	Will the Kalshi YES mid-market price for Chicago WS (Detroit vs Chicago WS) land in the 70-80¢ bucket at game start (2026-05-31)?
Sooth_QGen#ffd1c944c678	Will the Kalshi YES mid-market price for Colorado (Colorado vs A's) land in the 70-80¢ bucket at game start (2026-06-14)?
Sooth_QGen#ffd792da1fe8	Will the Kalshi YES mid-market price for San Diego (Cincinnati vs San Diego) land in the 70-80¢ bucket at game start (2026-06-10)?
Sooth_QGen#ffd8c6dbdc72	Will the Kalshi YES mid-market price for Chicago WS (Chicago WS vs Philadelphia) land in the 70-80¢ bucket at game start (2026-06-06)?
Sooth_QGen#fff7aecccf8e	Will the Kalshi YES mid-market price for Kansas City (Texas vs Kansas City) land in the 0-10¢ bucket at game start (2026-06-09)?
Sooth_QGen#fff7d50acef1	Will the Kalshi YES mid-market price for New York M (Atlanta vs New York M) land in the 80-90¢ bucket at game start (2026-06-12)?
Sooth_QGen#fff9bbda7147	Will the Kalshi YES mid-market price for New York Y (New York Y vs A's) land in the 60-70¢ bucket at game start (2026-05-31)?
Sooth_QGen#fffa1b59d538	Will the Kalshi YES mid-market price for Green Bay (Will Green Bay win the Green Bay vs Minnesota Pro Football game) land in the 0-10¢ bucket at game start (2026-09-13)?
Sooth_QGen#fffd52e6137e	Will the Kalshi YES mid-market price for Milwaukee (Philadelphia vs Milwaukee) land in the 60-70¢ bucket at game start (2026-06-13)?
